:020000040800F2
:1000000090DF0020790200088102000883020008C6
:10001000850200088702000889020008000000002D
:100020000000000000000000000000008B0200083B
:100030008D020008000000008F020008A10A0008DD
:100040009302000893020008930200082D0900089B
:10005000930200089302000893020008930200082C
:10006000930200089302000893020008930200081C
:10007000930200089302000893020008930200080C
:100080009302000893020008930200080000000099
:1000900000000000000000000000000093020008C3
:1000A00093020008930200089302000893020008DC
:1000B00093020008930200089302000893020008CC
:1000C00093020008930200089302000893020008BC
:1000D0009302000893020008930200080000000049
:1000E0009302000893020008930200080000000039
:1000F0000000000000000000000000009302000863
:100100000000000093020008930200089302000818
:1001100000000000000000000000000000000000DF
:10012000930200089302000893020008930200085B
:100130009302000800000000000000000000000022
:100140000000000000000000000000009302000812
:10015000930200089302000893020008930200082B
:100160009302000893020008000000000000000055
:10017000000000000000000000000000000000007F
:1001800000000000930200080000000000000000D2
:10019000930200089302000800F002F800F05CF8F7
:1001A0000AA090E8000C82448344AAF10107DA45D2
:1001B00001D100F051F8AFF2090EBAE80F0013F0C8
:1001C000010F18BFFB1A43F00103184720CC0300AE
:1001D00040CC03000A444FF0000C10F8013B13F030
:1001E000070408BF10F8014B1D1108BF10F8015B90
:1001F000641E05D010F8016B641E01F8016BF9D183
:1002000013F0080F1EBF10F8014BAD1C0C1B09D1D9
:100210006D1E58BF01F801CBFAD505E014F8016B4B
:1002200001F8016B6D1EF9D59142D6D370470000DD
:100230000023002400250026103A28BF78C1FBD8EF
:10024000520728BF30C148BF0B6070471FB525F06B
:10025000FFFE1FBD10B510BD00F085F91146FFF778
:10026000F5FF20F03BF800F0A3F903B4FFF7F2FF2D
:1002700003BC00F0ABF9000009488047094800477B
:10028000FEE7FEE7FEE7FEE7FEE7FEE7FEE7FEE746
:10029000FEE7FEE704480549054A064B70470000A3
:1002A000F90A00089901000890D9002090DF002089
:1002B00090DB002090DB002053EA020C00F0698004
:1002C0002DE9F04B4FF00006002B1FBFB3FA83F56A
:1002D00003FA05F424FA05F65E4012BF1643B2FA9B
:1002E00082F502FA05F4C5F120051EBF22FA05FCCD
:1002F00044EA0C04203556EA044C4FEA144418BF73
:10030000641C4FF000084FF00009904271EB030CA1
:1003100039D3002919BFB1FA81F701FA07F6B0FA0B
:1003200080F700FA07F6C7F120071EBF20FA07FC86
:1003300046EA0C062037B6FBF4FCA7EB0507103F96
:1003400007F01F0BCBF120060CFA0BFB2CFA06F67C
:1003500044BFB3460026202FA4BF5E464FF0000BDB
:100360005BEA060C08BF4FF0010B19EB0B09ABFB66
:10037000027C48EB0608C01B06FB02CC0BFB03CC3F
:1003800071EB0C01C1E70B46024641464846BDE809
:10039000F08B13B54FF000004FF00001AFF3008079
:1003A000BDE81C40704740EA0103024630B59B0798
:1003B00010D14FF0013400E008C208C91D1B9D4355
:1003C00015EAC41FF8D013F0FF0102F8011B0DD08D
:1003D0001B0AF8E711F8013B002B02F8013B05D09E
:1003E00011F8013B002B02F8013BF3D130BD10B5F1
:1003F000431C02E010F8011B71B18107FAD14FF0E4
:10040000013202C88C1A8C4314EAC211F9D0C01A06
:100410000A0603D0C01E10BDC01A10BD0A0401D0C8
:10042000801E10BD0902FCD0401E10BD10B5203A40
:10043000C0F00B80B1E81850203AA0E81850B1E89D
:100440001850A0E81850BFF4F5AF5FEA027C24BF53
:10045000B1E81850A0E8185044BF18C918C0BDE84A
:1004600010405FEA827C24BF51F8043B40F8043B13
:1004700008BF7047D20728BF31F8023B48BF11F8C8
:10048000012B28BF20F8023B48BF00F8012B704722
:100490004FF0000200B5134694469646203922BF1D
:1004A000A0E80C50A0E80C50B1F12001BFF4F7AF68
:1004B000090728BFA0E80C5048BF0CC05DF804EB4A
:1004C000890028BF40F8042B08BF704748BF20F8B8
:1004D000022B11F0804F18BF00F8012B704700006D
:1004E0004FF0013C50F8042B51F8043B9A4221D1C3
:1004F000A2EB0C03934313EACC1317D150F8042B4F
:1005000051F8043B9A4215D1A2EB0C03934313EA32
:10051000CC130BD150F8042B51F8043B9A4209D16B
:10052000A2EB0C03934313EACC13DBD04FF0000093
:10053000704700BFD01A01BAB1FA81F101F0180179
:1005400022FA01F0CB40C1F12001DBB2C0B2C01AE7
:100550002CFA01F3D11A914311EAC311E6D1704785
:10056000704770477047754600F02CF8AE4605009E
:100570006946534620F00700854618B020B5FFF7BE
:1005800089FEBDE820404FF000064FF000074FF015
:1005900000084FF0000B21F00701AC46ACE8C009A1
:1005A000ACE8C009ACE8C009ACE8C0098D467047AA
:1005B00010B50446AFF300802046BDE81040FFF7B9
:1005C00054BE00000048704730D90020014918206F
:1005D000ABBEFEE726000200704700001A48016823
:1005E00041F0010101601948026843F2F0018A43B9
:1005F0000260026841F250031A43026082680A43B3
:100600008260426822F04C024260C2688A43C26043
:10061000016821F44C410160016841F40841016026
:10062000816841F44C418160016A094A11400162CC
:10063000016A084A11430162082181610421816134
:1006400040218161704700003038024000000240C4
:10065000FFFF0F0F000050501848016841F00201E1
:10066000016016481030016841F40011016014481F
:10067000016821F470410160016841F4204101608A
:10068000001D016841F0C0010160001D016841F4D6
:1006900070410160001D016821F470410160016832
:1006A00041F4A041016006482030016821F07F41FB
:1006B0000160016841F088410160704730380240B4
:1006C0000004024010B5FFF7C7FF1C484FF400417B
:1006D0000160002101601921021D1160174A7D216E
:1006E0001C3211601A21121D1160016841F48061F1
:1006F0000160016841F0010101601148016841F0A9
:10070000010101600F48016821F0030101600168E7
:1007100041F001010160416821F0010141600A4896
:10072000016821F44061016007480C30016841F420
:1007300080610160BDE8104000F09EBA00540040A6
:1007400030380240000002400004024010B5204C46
:100750004FF48000A061322004F024F84020A06112
:10076000C82004F01FF8012000F034F8962004F0AF
:1007700019F8112000F02EF8FF2004F013F8B22031
:1007800000F028F8052000F033F8052000F030F8DC
:10079000002000F02DF8332000F02AF8332000F07C
:1007A00027F83A2000F016F8052000F021F836204E
:1007B00000F010F8002000F01BF8212000F00AF8EB
:1007C000292000F007F8BDE810400A2003F0EABF36
:1007D00000000240054B00B54FF4802199614900AB
:1007E000996100F04FF90820986100BD00000240B7
:1007F000054B00B5042199614904996100F042F963
:100800000820986100BD00000000024030B5264875
:10081000016841F0805101602448016841F4807111
:100820000160234A10684AF2A55398423BD01E4803
:100830003030016841F00101016001688907FCD591
:10084000016821F440710160016841F48071016028
:10085000016841F4004101601549CA202C39086043
:100860005320086012484438046844F0800404604F
:1008700004686406FCD50E4D0E4C403D2C600C4CBB
:10088000483C256825F040052560094D0024503D71
:100890002C602D1D084C2C60046824F0800404603A
:1008A000FF200860136030BD4038024000700040F7
:1008B00050280040FF007F0001002100F0B51A4DD4
:1008C000CA232B6053232B60174B183B1C6844F042
:1008D00080041C601C686406FCD50A24B0FBF4F696
:1008E000B0FBF4F704FB1700360546EA0040B1FB05
:1008F000F4F640EA0630B1FBF4F604FB161140EAC8
:100900000120B2FBF4F140EA0110B2FBF4F104FB68
:1009100011210843044924390860186820F0800038
:100920001860FF202860F0BD2428004019480168A5
:1009300049052DD5016821F48061016016494FF405
:100940008000086015490120087012480C380068C2
:10095000C0F30541090901EB8101C0F3034202EB39
:1009600041010F4A1170C0F30621090901EB810111
:10097000C0F3032202EB41010A4A117000F00F019B
:10098000C0F3021000EB800001EB40000649087044
:10099000704700000C280040143C01400A00002071
:1009A0001002002011020020120200201D4A10B582
:1009B000CA201060532010601A481C38016821F4C6
:1009C00080610160011D0B685B07FCD5154C00239D
:1009D000103C2360036823F007030360036843F0BF
:1009E000040303600B6823F480630B60016841F427
:1009F00080410160016841F480610160FF20106066
:100A00000948016841F48001016007480830016825
:100A100041F4800101604FF0E0210820C1F800019D
:100A200010BD000024280040003C0140134801682C
:100A300041F480510160124800210160016841F0D9
:100A40000401016001680160016841F440710160C6
:100A5000016821F400610160016821F080010160FA
:100A6000016821F002010160016821F001010160CB
:100A7000016841F0400101607047000044380240C5
:100A80000030014005498A689207FCD508738868E0
:100A90008007FCD588680006FCD470470030014010
:100AA00003480168491C016001201EF0FBBE0000E4
:100AB000000000204FF0E02046F2A7114161002124
:100AC00081610721016170470A48016841F4803162
:100AD000016001688903FCD50648002108300160E7
:100AE000016841F0010101600168C1F38101012940
:100AF000FAD17047003802400248016841F47001A1
:100B00000160704788ED00E07EB5044600258DF851
:100B1000045001A9022000F0ABF808B101207EBD0D
:100B20009DF80400154E000707D0042269460320F3
:100B300000F026F820B102207EBD2571357016E048
:100B4000012121719DF800209DF8010002F00F02A3
:100B500040EA022020809DF802309DF8032003F037
:100B60000F0342EA0322628031707080B28002A9D2
:100B7000012000F07DF800207EBD00000400002070
:100B8000F0B5394D2B6843F480732B60374B364CEE
:100B90001F46143401E07F1E08D02668F607FAD0FD
:100BA000314E2A27103637601F4603E00120F0BD82
:100BB0007F1E0BD0D4F800C05FEA8C7CF8D52A4F9A
:100BC0001837D7F800C03060184603E00220F0BDA7
:100BD000401E0AD0D4F800C05FEA0C6CF8D5286833
:100BE00040F480702860184603E00320F0BD401EEA
:100BF00008D0D4F800C05FEACC7CF8D02B2030605D
:100C0000184603E00420F0BD401E09D0D4F800C00F
:100C10005FEA8C7CF8D538680020A2F1010C18E05E
:100C20000520F0BD604507D12F6827F480672F604D
:100C30002F6847F400772F601F4601E07F1E10D019
:100C4000D4F800E05FEA4E6EF8D537680F54401CC8
:100C5000C0B29042E6D3286840F48060286000204B
:100C6000F0BD0620F0BD000000540040A086010049
:100C70000122FFF785BF00000C4808B5416921F04B
:100C80000101416100214FF4FA530091009A521C76
:100C900000929A42FADB426942F001024261044842
:100CA0000091491C00918142FBDB08BD000002401D
:100CB00000350C0070B5044600256FF02F0608E0E3
:100CC0002068411C2160007805EB850106EB41019D
:100CD00045182068007800F004F80028F0D1284674
:100CE00070BD3038092801D80120704700207047B6
:100CF00010B54421074800F08DFE00221E21064851
:100D00001EF02AFE054CA06001F054FF0020207068
:100D100010BD000064170020692C00087801002035
:100D20002DE9F0470E46814617461146304600F041
:100D30001CF94FF0FF3A00287DD00022394630469A
:100D400000F0BFF800284FF0000075D1B6F904801C
:100D5000B6F900305246A8EB0301491C0AFA81F1AA
:100D60000FFA81FAB6F906C0B6F90210ACEB010C25
:100D70000CF1010C02FA8CF2B7F802C012B2ACEB23
:100D8000010C0FFA8CFCBCF1000F0EDD63F30F04B5
:100D900068F30F0501EB0C0061F31F4460F31F457E
:100DA000C9F800400120C9F80450B7F9061073884B
:100DB000CB1AD21A12B2002A13DDB6F906309942C4
:100DC0000FDA338863F30F04B38861F31F4463F3CE
:100DD0000F05114461F31F4509EBC001401C0C6075
:100DE0004D60B7F90220B6F902108A4200DD1146C3
:100DF000B7F90630B6F90620934200DA1A463B8866
:100E0000B6F900C0521AA3EB0C031BB212B2002BAE
:100E100010DD002A0EDD634463F30F058B1863F3C6
:100E20001F456CF30F0409EBC00361F31F441C6002
:100E30005D60401C01E01AE017E0B7F90430368825
:100E40009F1BAAEB070636B2002E0EDD63F30F04DC
:100E500061F31F44334463F30F05114461F31F45ED
:100E600009EBC001401C0C604D60BDE8F0875046A6
:100E7000FBE770B5B1F90030B2F90040A34200DCE5
:100E800023460380B1F90250B2F90240A54200DDC9
:100E90002C464480B1F90460B2F90450AE4200DA45
:100EA00035468580B1F90610B2F90620914200DB83
:100EB0001146C1800120AB4201DC8C4200DD0020E4
:100EC00070BDF8B50D460446B0F90000B1F9001048
:100ED0001646884247DBB4F90210B5F90220914268
:100EE00041DBB4F90410B5F9042091423BDCB4F9BC
:100EF0000610B5F90620914235DC96B3ADF8000036
:100F00006088ADF8020032466946284600F099F83C
:100F1000002827D0A088ADF800006088ADF8020056
:100F200032466946284600F08CF800281AD02088FE
:100F3000ADF80000E088ADF8020032466946284668
:100F400000F07FF800280DD0A088ADF80000E08800
:100F5000ADF8020032466946284600F072F80028D3
:100F600000D00120F8BD0020F8BDB0F90020B1F993
:100F700004309A4213DCB0F90420B1F900309A42EF
:100F80000DDBB0F90220B1F906309A4207DCB0F966
:100F90000600B1F90210884201DB012070470020F1
:100FA0007047F8B50D460446B0F90400B1F90010D9
:100FB0001646884243DBB4F90600B5F902108842B0
:100FC0003DDBB4F90000B5F90410884237DCB4F910
:100FD0000210B5F90620914231DC76B3ADF800007D
:100FE0006088ADF8020032466946284600F029F8CC
:100FF00018BBA088ADF800006088ADF8020032464A
:101000006946284600F01DF8B8B92088ADF8000000
:10101000E088ADF8020032466946284600F011F833
:1010200058B9A088ADF80000E088ADF8020032465B
:101030006946284600F005F808B10020F8BD0120F7
:10104000F8BD2DE9FC4114460E46B1F90020B0F977
:10105000001005468A423ADBB5F90400824236DCCC
:10106000B6F90270B5F90220974230DBB5F90630C7
:101070009F422CDC002C75DD401A9A1A401C521C31
:1010800000B212B200EBD07002EBD27240105210DC
:10109000904200DB1046844200DD0446ADF80010AB
:1010A000288800222044ADF804006888ADF80200CA
:1010B000688831462044ADF806006846FFF7C1FF56
:1010C00040B1BDF804002044ADF804003FE000202A
:1010D000BDE8FC81E8880022001BADF80200E8882A
:1010E000ADF8060031466846FFF7ABFF28B1BDF802
:1010F00004002044ADF8040011E0A8880022001B81
:10110000ADF80000A888ADF8040031466846FFF746
:1011100098FF50B1BDF80000001BADF80000BDF80D
:101120000200001BADF8020016E06888ADF802006E
:10113000688800222044ADF8060031466846FFF773
:1011400080FF70B1BDF80000001BADF80000BDF8D5
:1011500006002044ADF80600314668461BF0FAFE52
:10116000B6E7FFE70120B3E710B5B1F90040B2F9E7
:1011700000309C4200DA23460380B1F90240B2F904
:1011800002309C4200DA23464380B1F90440B2F9B0
:1011900004309C4200DD23468380B1F90610B2F989
:1011A0000620914200DC1146C18010BDF8B507460B
:1011B0001EF06EFB0025374C0646009537B1F868E7
:1011C000606038461EF096FC606802E010F05EFF3A
:1011D000606000691BF0BAFD6068406908B11BF0EF
:1011E000B5FD6068C0691BF0B1FD6068006A1BF066
:1011F000ADFD6068016991B11BF030FF20F01CFC6F
:1012000020F042F96068B0F85011D9B30068017C51
:10121000C9071DD0C0684068D0B1002713E0A0F80E
:101220005051F8BDC11991F8301151B900F5AC70A9
:1012300000F047FC616801EBC7010A6B0260496B73
:1012400041607F1CBFB26068B0F85011B942E9D864
:1012500060684FF48071303017F0B2F96068202177
:1012600000F5987017F0ACF96068A0F8505130465E
:101270001EF008FB009060680068436A13B12268A2
:101280000099984717F01AF800F032F8BDE8F840D6
:1012900000F002B83800002070B50A4D002400BFED
:1012A000C4EBC40655F8260008B117F07BF805EB2F
:1012B00086001C2117F084F9641CE4B2042CEFD3DF
:1012C00070BD000040180020084949680AE04A68DB
:1012D000824202D00A68824203D10A7E42F00102B1
:1012E0000A7649690029F2D1704700000C000020FD
:1012F000704700000421014800F08CBB5817002003
:101300002021014800F086BB701700202DE9FF4125
:101310000446DDE90A671D004FF0000002D1B6F572
:10132000807F2BD0039001900290ADF80C100090BC
:10133000ADF80410ADF80A20ADF80E203B46324659
:10134000294668461BF066FD3B463246294601A801
:101350001BF060FD3B463246294602A81BF05AFDB1
:101360003B463246294603A81BF054FDBDF9000058
:10137000BDF90430984209DA054608E02080491E8C
:101380006080A180521EE280BDE8FF811D46BDF94C
:101390000820BDF90C108A4201DA164600E00E461C
:1013A000B54203DA984206DB184604E08A4201DAC5
:1013B000104600E00846801E2080BDF90030BDF9CF
:1013C0000420934201DD1D4600E01546BDF90800EA
:1013D000BDF90C10884201DD064600E00E46B5421C
:1013E00005DD934201DD194604E0114602E0884222
:1013F00000DD0146891CA180BDF90230BDF906203F
:10140000934201DA1D4600E01546BDF90A00BDF918
:101410000E10884201DA064600E00E46B54205DAB3
:10142000934201DA194604E0114602E0884200DAEC
:101430000146891E6180BDF90230BDF90620934244
:1014400001DD1D4600E01546BDF90A00BDF90E108C
:10145000884201DD064600E00E46B54205DD9342B6
:1014600001DD194604E0114602E0884200DD014634
:10147000891CE18088E700002DE9F04115460E4601
:101480000746114C1EF004FA80462B463246394678
:10149000204614F0E3FF20B10020A062E06950B1C3
:1014A00010E02C21204617F08BF84FF00040A0628E
:1014B0000020BDE8F08140461EF0E4F9E06108B983
:1014C0000120E0612046F4E79417002010B51421B4
:1014D000074800F09FFA14F087FF40B1054901600A
:1014E00005494160054981600549C16010BDFEE7BD
:1014F0007C170020BD5D01083961010809630108FE
:10150000895D010870B50D4604461021284617F084
:1015100057F820680078012804D0022807D0042852
:1015200007D008E0A08A2880E08A688003E0E068AD
:1015300000E00A20686020684268002A03D029463B
:10154000BDE87040104770BD2DE9FE430446808A17
:1015500010B9E08A002874D0D4F82C805FEA080023
:1015600010D120460AF0A5FA5FEA000869D02046AB
:101570000CF02EFE00220921404613F069FE60782F
:1015800080075ED44FF4807900274E4645460021FF
:10159000284619F091FC384407B20021284619F07A
:1015A000A9FCC11700EB1160001210FB06F006B297
:1015B000284618F07DFC0500E9D10FB94E450CD046
:1015C000784201B24FF4803090FBF6F002B26B46E5
:1015D00004F1140000951BF01DFCADF80450ADF8AB
:1015E000085094F8400000F00F000328404616D041
:1015F00018F0B0FD0646404618F066FC03460C2085
:101600000090B4F916103246404609F0F1FDADF8ED
:101610000800404618F0AAFCC10713D018E018F0E3
:101620002DFD0646404618F0C9FC024603200090F6
:10163000B4F914103346404609F0DAFDADF8040061
:10164000E7E736E0BDF90410002901DDADF80450EC
:10165000810705D4BDF90410002901DAADF8045062
:10166000410705D4BDF90810002901DDADF8085087
:10167000000705D4BDF90800002801DAADF80850CC
:1016800002AA01A9204620F0F9FDBDF90820BDF904
:101690000410404600F08AFA6078800709D4208B55
:1016A000BDF8041008442083608BBDF8081008447E
:1016B0006083BDE8FE832DE9FC5F0446C06A5FEAF3
:1016C000000B71D094F8400000076DD015F058F968
:1016D000019000684021457E584619F037FD4FF0D3
:1016E000000818B9A4F81E80A4F81C80584618F009
:1016F00023FD8246584618F026FD064694F8400021
:101700004FF0640900F00F000C2802D003284CD0E1
:101710009AE0A4F81C8056B1B4F91E50002715F0C9
:101720002FF900684946407EC0F1640022E0E08B5A
:10173000C5F1640110FB01F191FBF9F0E08358461B
:1017400018F0C2FB0546584618F004FD02460C206E
:101750000090B4F91E102B46584609F049FDE0836D
:10176000024600231EE07A1917B210FB05F292FB25
:10177000F1F215B2002DF6D1ADF80070A4F81E807C
:101780006A460021204620F079FD41F6FF72BDF93E
:101790000030514258460AF023FBBDF800100123E7
:1017A000084402B200214CE09AE0A4F81E80BAF18D
:1017B000000F0AD0B4F91C50002715F0E1F80068BA
:1017C0004946407EC0F1640022E0A08BC5F164016F
:1017D00010FB01F191FBF9F0A083584618F0EEFBE5
:1017E0000546584618F04AFC034603200090B4F919
:1017F0001C102A46584609F0FBFCA0830146002332
:101800001EE07A1917B210FB05F292FBF1F215B245
:10181000002DF6D1ADF80070A4F81C8000226946B6
:10182000204620F02BFD41F6FF72BDF900305142F9
:1018300058460AF04DFABDF800100123084401B2E1
:10184000002258461AF0BEFDA08B002848D1E08B3C
:10185000002845D1C6B9584618F07CFC05465846C4
:1018600018F032FB002D06DC00280DDD002D02DA19
:1018700001232A4604E0002806DA0123404202B28E
:10188000002158461AF09EFDBAF1000F19D15846B2
:1018900018F094FB0546584618F0F0FB002D07DCC5
:1018A00000280EDD002D03DA01230022294605E081
:1018B000002806DA01230022404201B258461AF0FD
:1018C00081FD0A215846019A13F0C2FC6078800716
:1018D00006D414F8400F20F00F00207044F8148C48
:1018E000BDE8FC9F7FB50E46040003D110F0CEFB8F
:1018F00004002CD010F03EFC002828D094F82800DA
:10190000400724D4002506B3ADF80050ADF80250CE
:10191000204610F0D3FB401EADF80400204610F026
:1019200013FC401EADF806006A46314602A8FFF7D8
:10193000A0FA00280BD02068017C890708D5DDE9D2
:101940000001C4E90C01012029E0A4F850517FBD39
:1019500082690AB102A9904700260AE004EBC60199
:10196000002202A83031FFF7ACFA0028EFD1761C34
:10197000B6B2B4F85001B042F0D880B2202804D2F8
:1019800004EBC00002A9303004E0A4F8505104F187
:10199000300069460EF023F9B4F85001401CA4F859
:1019A000500160680028D2D01EF0B0F87FBD70B53D
:1019B000054600F012F804460CE02146284600F0E7
:1019C0001EF806462146284600F0A2F8204616F0EA
:1019D000E9FC3446002CF0D170BD002800D04068EE
:1019E000704700B503460022FFF7F7FF03E01846F3
:1019F000521C00F004F80100F9D1104600BD006847
:101A0000091D40587047006840587047002800D0B2
:101A10008068704700224260C91C21F00301826087
:101A20000160704770B504460068083016F02EFC5F
:101A3000050013D00146002220461FF025F9294653
:101A4000204662681FF01AF9616819B12A462046DB
:101A50001FF01AF96560A06800B9A560284670BD3E
:101A60002DE9F0410C4606000AD04CB1FFF7B5FF56
:101A7000A04208D13046FFF7D5FF051E01D01EE079
:101A80000020BDE8F0813068083016F0FFFB051E2D
:101A9000F7D030682A460759304639461FF0EEF82D
:101AA0003A46294630461FF0EFF82A46214630468E
:101AB0001FF0EAF82246294630461FF0DFF8284694
:101AC000DFE770B504460068083016F0DFFB05005C
:101AD00013D00146002220461FF0D0F829462046A8
:101AE000A2681FF0D1F8A16819B12A4620461FF05C
:101AF000C5F8A560606800B96560284670BD28B16A
:101B0000416809B9806808B100207047012070471A
:101B100070B504000DD0FFF760FF00228842204618
:101B200008D1FFF76CFF6060011E01D000221EE0AB
:101B3000A26070BDFFF76AFF8842206808440AD19E
:101B40000168A16029B12046BDE8704000221FF065
:101B500095B8626070BD05682046FFF750FF0646E5
:101B60000246294620461FF089F82A46314620467B
:101B7000BDE870401FF088B810B504460068826860
:101B80000AB12146904720680068002801D02060F3
:101B9000F5E710BD8068002801D0B0F91600704745
:101BA0008068002801D0807E8009704770B5164695
:101BB00005460C4651EA06001AD0284617F066FA88
:101BC000A86801233246018A21440182A868418A1B
:101BD000314441822146284619F04CFE00220B2157
:101BE000284613F035FB012803D1284619F09CFD47
:101BF000012070BD77B581B00E46050017D0622276
:101C000019F088F8040012D0206880B128463146C7
:101C1000632219F07FF810F0FF0208D023682046F5
:101C2000039998470090BDF80000ADF80C000398A8
:101C300004B070BD2DE9F047074692B0408C1A9E63
:101C400040F00800788490463A8499468A46328962
:101C5000384619F05FF80546A7F8209032895146BA
:101C6000384619F057F80446788CA54220F0080051
:101C7000788403D12904B1EB044F68D0A7F8208001
:101C800032895146384619F045F805468046A7F88E
:101C90002090514638460BF0F7FA318900682A4601
:101CA0001CF03EFD30890B2823D147F6FF794D45C6
:101CB00001D04C451DD1384619F0FFF900EBD0702A
:101CC0004510384618F0B3F800EBD0704010C84506
:101CD00006D1691C431C994200DA00E01946884687
:101CE0004C4506D1691C421C914201DA6C1C00E093
:101CF00014461948FFF796FE05002BD02F60C5E962
:101D000003843089A8806846C5F808A00DF0DAF988
:101D10001248FF21CDE9005011480290114803906C
:101D200000200890CDE9090130880B9070889DF85B
:101D3000421040420C90F0680790002060F30001D0
:101D40008DF842103069069068460DF02FFA12B0F7
:101D5000BDE8F087FEE700008817002095580208CC
:101D6000815A0208DD59020814210148FFF752BECA
:101D7000881700202DE9F84F002590468946064631
:101D80002C460427E5E000BFF16807EBC4000858C3
:101D900082017AD480B230EA090211D05FF00002E9
:101DA00030EA08000ED0002082426ED051F834A0F4
:101DB0006A46102150461CF011FA002871D103E048
:101DC0000122EDE70120EFE76A46112150461CF0A1
:101DD00005FA002865D16A46122150461CF0FEF92A
:101DE00000285ED16A46132150461CF0F7F90028FE
:101DF00057D16A46152150461CF0F0F9002850D101
:101E00006A46142150461CF0E9F9E8BB6A460A21EB
:101E100050461CF0E3F9B8BB6A466B2150461CF0F3
:101E2000DDF988BB6A466C2150461CF0D7F958BBD7
:101E30006A46012150461CF0D1F928BB6A460421AC
:101E400050461CF0CBF9F8B96A46022150461CF006
:101E5000C5F9C8B96A46032150461CF0BFF998B9C4
:101E60006A46052150461CF0B9F968B96A46062150
:101E700050461CF0B3F938B96A46322150461CF07E
:101E8000ADF908B96A4601E00BE061E06E21504609
:101E90001CF0A4F928B96A466D2150461CF09EF941
:101EA00010B10320BDE8F88F6A46692150461CF046
:101EB00095F9E8BB6A466A2150461CF08FF9B8BB19
:101EC0006A466E2150461CF089F988BB6A466D212E
:101ED00050461CF083F958BB6A46372150461CF027
:101EE0007DF928BB6A46382150461CF077F9F8B9CD
:101EF0006A46352150461CF071F9C8B96A4640213E
:101F000050461CF06BF998B96A46452150461CF0C2
:101F100065F968B96A46412150461CF05FF938B945
:101F20006A46422150461CF059F908B96A4600E059
:101F30000AE0432150461CF051F928B96A4649216C
:101F400050461CF04BF908B1022501E005B9012506
:101F5000641C708CC0F30510A0423FF615AF2846F4
:101F6000A0E70000014840687047000038000020EA
:101F70007047C0F30410072800D9072070470000FD
:101F8000A0F57F41FF3905D0002804D0712803D285
:101F900008490AE01F2070470749713880B2096874
:101FA00029B1064A5268904201D2085C704700206D
:101FB00070470000F89F0208A4010020B80100202B
:101FC00010B518210348FFF725FD034901200870CB
:101FD00010BD000034170020C00100202DE9F041A1
:101FE00090460C46050015D0FEF701FA0A4F06464A
:101FF0002146BA68284690470446BA6828194146DF
:1020000090470146701A03E06218AA5C2A55641CC6
:10201000A042F9D2BDE8F081D40100202DE9F041C1
:10202000094D90460E466A681C4607461946904779
:10203000306020B120686A68384400219047C8F8B1
:102040000000BDE8F0810000D40100202DE9F04F30
:1020500087B08A46DDE910581F46934604460021A2
:1020600005B129805CB12078002809D0BAF1000FB1
:1020700005D0002618F0060F15D0002004E000203F
:1020800007B0BDE8F08F401C215C0A2904D00D295F
:1020900002D00029F7D100E0401C002DF0D04FF015
:1020A000FF312980ECE75FEA887001D541F6FF77C0
:1020B000894608468DF81410049127E00498CDF85D
:1020C000189068B34FF0000C05AA06ABCDF80CC011
:1020D000CDF80080CDE9013220443B465A465146B6
:1020E0001DF076FE06997A1A314417B20EB288B105
:1020F00004990144049120780A280BD00D2809D0B6
:10210000605C0A280FD00D280DD00846205C08B16D
:10211000002FD3DC049848B105B12E800498AFE7B6
:102120004FF0010CD0E7481C0490F3E7064A04A9DD
:10213000204652689047002DF0D0014600225046BC
:1021400013F09AF906B2E8E7D40100202DE9F04136
:102150001746884606001ED0002F1CD0FEF747F910
:1021600004463846FEF743F9050014D00B4A2C44C8
:102170004146926830469047411903E0621BB25CC9
:102180003255641EA142F9D930442A463946BDE889
:10219000F04116F0D7B9BDE8F0810000D40100206D
:1021A00000230278232902D0012A0DD00FE02AB1A2
:1021B0000021012A04D0022A04D008E0012101E014
:1021C000017004E0017001E0202902D001231846CB
:1021D00070470221F6E72DE9F0410E46804602469F
:1021E0000021334608461EF031F804460027401C03
:1021F00016F04CF8050008D02F5533464246611CB6
:102200001EF024F82846BDE8F081FEE72DE9F047EE
:102210001E4614460D468246DDF8209015E000BFAC
:102220004FEA540808FB0657394650464A4690473D
:10223000002808DD44F30000C0EB540407EB06055A
:10224000A4F1010401E005DA4446002CE8D120465F
:10225000BDE8F0873846FBE72DE9FC5F9B460CABF9
:102260008A468146DDE9116093E81210DDE90F57D7
:102270005FEA80784FF030031AD45EB15FEAC0782D
:1022800008D000F00C0858EA0C0803D0761E01E0D4
:102290000B55641CBC4204D2202CF9D301E00B5531
:1022A000641C5FEAC07803D0B44201D2202CF6D37C
:1022B0005FEAC06825D55FEA40580AD44CB1BC42F9
:1022C00001D0B44205D1641E03D0102D03D1641E89
:1022D00004E0102D02D0022D0AD00EE0850603D4B2
:1022E000202C1ED2782506E0202C1AD2582502E098
:1022F000202C16D262250D55641C202C11D20B55B2
:10230000641C202C0DD2BCF1000F01D02D2306E05F
:10231000430701D52B2302E0030702D520230B55E9
:10232000641CCDE900BAC846154681468B46AA46CC
:10233000800714D1274607E02A46DDE900316D1CED
:102340002020C446E0477F1CB742F5D307E02A4669
:102350006D1C641EDDE900311BF80400C047002C31
:10236000F5D15FEA897006D409E02A46DDE900313B
:102370006D1C2020C047A5EB0A00B042F5D32846CB
:10238000BDE8FC9F2DE9F04F8FB099468B46DDE903
:102390001818DDE91C63DDE91A47924686460022DB
:1023A00009B923F01003580507AD00D5C9B1B1FB39
:1023B000F4F004FB1010C0B20A2801D2303009E05A
:1023C0005FEA836C02D54FF0410C01E04FF0610CE5
:1023D00060440A38B1FBF4F1A854521C09B1202A18
:1023E000E5D3CDF80880CDE90563CDE90052CDE90C
:1023F00003474B46524659467046FFF72DFF0FB034
:10240000BDE8F08F2DE9FF4F8FB01CACDDE92395BF
:1024100094E8030820AC94E8C004002450EA0102C8
:1024200001D125F010056A050DF11C0802D550EA0E
:10243000010217D032463B46FDF73EFFD2B20A2AD0
:1024400001D2303206E0AB0601D5412300E0612322
:102450001A440A3A08F80420641C50EA010201D028
:10246000202CE7D3CDE90084CDF808B0CDE905955F
:10247000CDE9036A0FAF97E80F00FFF7EDFE13B049
:10248000BDE8F08F9A4200D2885470477047000030
:102490002DE9FF4F89B005460A980024924600288E
:1024A00000D1FE4D8FE1252804D02246641C5346FE
:1024B0000A990BE2491C4FF0000808460C9101787C
:1024C0002B2919D004DC202919D0232904D119E0A3
:1024D0002D290ED0302909D00026C8B2FEF701FC04
:1024E000B0B10CA8FEF7E6FB06461FE048F001017C
:1024F0000AE048F0020107E048F0040104E048F077
:10250000080101E048F01001401C88460C90D6E715
:102510000C9908782A2809D1169840C81690002EE0
:1025200002DA48F002087642491C0C910C984FF0F0
:10253000000B01782E2919D1401C0C9048F48068BA
:102540000078FEF7CEFB20B10CA8FEF7B3FB834664
:102550000CE00C9A10782A2808D1169802C8169018
:10256000002900DC0021521C8B460C920C9801784B
:102570006C290AD004DC68290FD06A2919D128E017
:10258000742929D07A2914D126E0401C0C900178B6
:1025900048F480786C291CD00BE0401C0C9001782A
:1025A00048F08008682904D148F04001401C884662
:1025B0000C9002460078692822D015DC62281FD0D2
:1025C0000DDC252871D050281AD058287FF46DAF23
:1025D00016E048F40071E9E748F48071E6E7632803
:1025E00078D06428F2D10BE0732874D004DC6F2813
:1025F00006D07028EAD103E0752801D07828E5D10B
:1026000078280DD058280BD070280BD0502809D02E
:102610006F2816D0622816D00A2128F0100016E084
:10262000102107E05078102148F48878562804D10A
:10263000521C0C921078582807D01078502804D0DB
:1026400006E0082109E0022107E048F0200080466A
:102650001078692803D0642801D028F00C085FEABC
:10266000485001D528F00108107869281ED0642848
:102670001CD0562864D05FEA885072D5169804ABF7
:10268000C01D002283E806080292CDE9076820F009
:1026900007005346F0E80212CDE9001216902246D8
:1026A00028460A99FFF7AEFE89E00AE15FEA885002
:1026B00024D5169804AFC01D20F00703F3E80202EA
:1026C0001693002387E80A08CDE90768002A03DA91
:1026D000012102E080E0A6E00021002302911946DA
:1026E0001B1A914101DA114603E00021404261EBDF
:1026F000020153462246CDE90001D1E75FEAC85006
:1027000004D5169804C80FE0524215E05FEA48600D
:1027100003D5169810F8042B06E05FEA0860F0D5A0
:10272000169830F8042B12B21690CDE9021BCDE9B1
:102730000468D00F002AE7DDCDE9002053461EE0F3
:102740001698AAEB040202C8169048680068009028
:102750000A980B6801192846FFF79AFE04442FE0F7
:10276000FFE75FEAC8500CD5CDE9021BCDE904684C
:1027700016980021534604C8CDE900211690224640
:1027800019E05FEA486003D5169810F8042B08E0BA
:102790005FEA0860169803D530F8042B92B200E087
:1027A00004C816900020CDE90020CDE9021BCDE938
:1027B00004685346224628460A99FFF7E3FD04467B
:1027C0000C98401C0C900C99087800287FF46BAE94
:1027D00054457DD222467DE001275FEA887006D508
:1027E00009E02246641C534620200A99A84738462F
:1027F0007F1CB042F5D316992246641C11F8040BD5
:10280000169153460A99A8475FEA887006D4D7E71D
:102810002246641C534620200A99A84738467F1C4C
:10282000B042F5D3CCE7169850F8049B16904B466F
:10283000BBF1000001D0014601E04FF0FF314846F6
:1028400000E0401C02780AB1491EFAD2C71A5FEABA
:10285000485003D558465F4500D307465FEA887065
:1028600006D512E02246641C534620200A99A84748
:1028700038467F1CB042F5D307E000BF224609F17D
:102880000109641C53460A99A84799F8000040B111
:102890005FEA4851F2D5BBF1010B01E08D2400083D
:1028A000ECD25FEA887006D48AE72246641C53465D
:1028B00020200A99A84738467F1CB042F5D37FE70D
:1028C00006E02246641C534625200A99A84777E76C
:1028D000AAF10102534600200A99A8470DB02046EC
:1028E000BDE8F08F10B502004FF000000CD04B1E79
:1028F000194200D0FEE70A44521E9A43B2F5803FC7
:1029000002D20C2A01D9104610BD0C2010BD08447B
:102910004A1E401E9043114200D0FEE7704700005F
:102920002DE9F0410F4601210025044641862E463F
:102930000BE01B49FDF7D4FD10B16D1CADB202E0F8
:10294000608E401C6086761CB6B257F8260010B127
:1029500001780029EDD1208EA8421ED0A06A002661
:1029600010B115F01FFDA662E06A10B115F01AFD56
:10297000E662E80015F08AFCA06238B1680015F044
:1029800085FCE06218B1A16A11B102E0FEE7FEE742
:102990000025690015F014FE2586BDE8F0810000D1
:1029A000E40501082DE9F84F8146407A0F4600F012
:1029B0000700022819D010468046974200DD3A46AB
:1029C000164603202A4C2B4A00EB460020F0030554
:1029D000A06811681035411A636805EB010C9C452D
:1029E00005D2416821F0004124E00846E4E79D4219
:1029F00019D892464FF0FF3B48196168884210D9B8
:102A0000002269461C48CDF800B00BF0BBFF002245
:102A100069461A480BF0B6FFA168DAF80000091AF7
:102A2000EAE7A068DDE7284615F030FCC0B1416850
:102A300041F0004188EA6702416089EA02010160D1
:102A4000416801F04041491C31F08041416086817C
:102A5000A0F80E8005D500F110018160BDE8F88F67
:102A6000FEE7A16801F1100229448260A160F5E748
:102A700040000020A0010020A1BA0008E5E90008FC
:102A800070B586B000224A4C8DF808208DF80C20D5
:102A90008DF81020E2888A4201D0FF22A270E180E6
:102AA00090F83C20142302F003024FF4B475012A7D
:102AB00024D0022A5ED0A578AA4211D010F8265F51
:102AC00005EB051505EB4505B5FBF3F525704078DD
:102AD00000EB001000EB4000B0FBF3F06070A27060
:102AE00004AA03A8CDE9000201EB41004FF6FF71F3
:102AF00001EA400002AB627821781BE0A678B2427E
:102B000010D0868C06EB46067602B6FBF5F5A5805E
:102B100090F8270000EB001000EB4000B0FBF3F052
:102B20006070A27004AA03A8CDE90002C9B202AB8A
:102B300062783AE008F0C6FC9DF810109DF80C0091
:102B4000CB08BDF800109DF8082063F30401ADF830
:102B500000108108BDF8000061F34A10D10880B26E
:102B600061F3CF20ADF8000080B20090BDF8000006
:102B700006B070BDA678B24210D0868C06EB460631
:102B80007602B6FBF5F5A58090F8260000EB001064
:102B900000EB4000B0FBF3F02070A27004AA03A881
:102BA000CDE90002CAB2217802ABA088C2E70000DA
:102BB000EC00002010B5084C012020700748FEF7FB
:102BC0000CFF0028A06803D0BDE810401CF09EBF99
:102BD000BDE810401CF08EBF780100206417002073
:102BE00010B5044690F84200A16B820709D4B4F8EE
:102BF00040204AB1A2F57F43FF3B1BD0521EA4F8F0
:102C00004020B4F84020AAB909B1820712D5214664
:102C10001448FEF77DFFFFF7CDFFE16809B12046BC
:102C20008847216909B1204688472046BDE8104001
:102C300015F0B8BBE26B52422263002911D0820723
:102C400002D4626B524222634210521C62F3410072
:102C500084F84200A26A206A2262A062E06AE1620D
:102C6000A06310BD6417002070B5304D68681CF07B
:102C700009FE0646687880F00100687047E0002091
:102C8000287094F842006978C0F380028A4242D0EA
:102C900061F3820084F84200216B8A19030719D47A
:102CA000002917DC002A15DBC00709D1616939B199
:102CB00020468847216A01442162A16A0844A06233
:102CC000A16809B12046884794F8420040F0080006
:102CD00084F84200206B8019206316D4E16A884290
:102CE00000DD2163E169204688470146606A884229
:102CF00004D0616262680AB120689047D4E90B0190
:102D0000814202DB2046FFF76BFF287818B10848A4
:102D1000FEF763FE03E021460548FEF770FE04005F
:102D2000ADD11CF0B5FD686070BD000078010020D9
:102D30006417002070B5044640680D4608B1FFF7DF
:102D4000F9FF2268002A04D029462046BDE87040D9
:102D5000104770BD89B20CF0A7BE89B20CF0E0BE7E
:102D60002DE9FF4F99B09846DDE926B12D9816461A
:102D70008A464FF00009042811D0052811D00628F2
:102D800012D0142870D101270225002418FB06F068
:102D90000E901A98401E0D90701E069051E100276B
:102DA000F2E701270325F0E701270225FFF7DAF80C
:102DB0000068D0F83890E8E7289860430BEB2022B1
:102DC000299860430AEB202110124FEA212E7DD46E
:102DD0001A9B98427ADABEF1000F77DBB64575DAB6
:102DE000D2B2CBB2802A05DAC2F17F024FF0FF31B6
:102DF000520003E001215200A2F580720992802B5B
:102E000005DAC3F17F034FF0FF325B0003E00122DC
:102E10005B00A3F580730A930EFB080C199B0CFB57
:102E2000053307934318119372D4DDF834C063451A
:102E30006EDC1EEB02036BD4DDF818C0634567DC63
:102E4000DDF81CC011FB05C1CDE915C112FB08F16D
:102E500001FB05C10C91D7B32D99052905D0142983
:102E60000BD0062955D066E0EFE0159880780790E2
:102E70000C9881781698807810E0199A0E990EFBBC
:102E800008FC02EB41010A180EFB08111CF80200B5
:102E90000790119803FB08F3085C995C079A91422C
:102EA0000AD00A9A11FB02F20A99C1F580730799B8
:102EB00011FB0321C1F30721079A90420DD0099A13
:102EC00010FB02F20998C0F5807301E02FE035E0B5
:102ED000079810FB0320C0F3072008442C994008F2
:102EE000085527D015980178407801EB0020ADF8FF
:102EF0000C000C980178407801EB0020ADF8100030
:102F000016980178407801EB0020ADF8080023E026
:102F10004CE0159801881FFA89F0814207D00C997E
:102F20000988814203D016990988814203D12C99DE
:102F30000020085583E0FF210846CEE71598008859
:102F4000ADF80C0016980088ADF808000888ADF8B8
:102F500010002C98FF210155BDF80C00BDF8101091
:102F6000884209D1BDF80810884205D12B98BDF8D8
:102F70000C1000EB440017E00A98C2B2DDE9031020
:102F80000EF06AFC04900998C2B2DDE902010EF06D
:102F900063FC7F22029004990EF05EFC00902B9857
:102FA000BDF8001000EB4400018048E0079B93F857
:102FB00000C05B780CEB0323DDF8ACC09BB22CF8AF
:102FC0001430DDF8B4C0BCF1050F06D0BCF1060F1B
:102FD00006D0BCF1140F09D10AE0079B9B780FE0E3
:102FE0001FFA89FC634501D1002309E0FF2307E0B4
:102FF000199B0EFB083C0E9B00EB43031CF80330AF
:1030000008B9002905DBDDF834C0604503D100298B
:1030100001DD09980AE0BEF1000F01D1002A04DBAE
:1030200006998E4508D1002A06DD0A98C0F1FF00F6
:1030300010FB03F0010A00E000212C980155641CEC
:1030400024B22A988442FFF6B7AE1DB0BDE8F08FD7
:1030500010B5818F92B00446A9B168460CF032F8E1
:103060000B480121CDE90040A08F0B900020089073
:10307000CDE90901074807900748039068460CF01E
:1030800095F812B010BD12B0BDE810401DF04CBF55
:10309000A10F020883F10008A30F020810B504462F
:1030A000406882080AD0496821F00301091D0844DC
:1030B0006060204600F042F8204610BDFEE7406800
:1030C000103120F00300884201D301207047002016
:1030D00070472DE9FC47054648680C4620F0030080
:1030E00001AA69461DF01AFCDDE9007005EBC71165
:1030F00001EB80098046D9F83C0060B164B1C4E9B5
:10310000020504F10806C46030460421FFF7FFFB06
:10311000864202D0FEE7FEE7FEE7C9F83C40012008
:10312000296900FA07F21143296105EB870100FACA
:1031300008F04A6902434A61BDE8FC8710B50446BD
:1031400000F087F8046010BD2DE9FC4706464FF0FB
:1031500000000D0000900746019042D00C46E94661
:103160000DF10408802907D3084622F08BFB411F8C
:1031700001208840401E04444246494620461DF036
:10318000CDFB009C0A2C2CDA06EB8400019A4069E6
:103190004FF0FF3101FA02F210400CD1641C30698B
:1031A000A14008401DD022F065FB0446009006EBCC
:1031B0008000406978B122F05DFB034606EBC41144
:1031C000019001EB8000C76B5FB1786820F00300CD
:1031D000A84201D2FEE7FEE739463046009A1EF0CB
:1031E00079FD3846BDE8FC8710B50446FFF7A6FF19
:1031F000416841F002014160606840F00100606098
:1032000010BD10B5044600F024F8416821F0020119
:103210004160606820F00100606010BD70B5064636
:103220000D46084600F015F8040010D02079C007BC
:103230000BD0686880080BD02146304600F03CF87F
:1032400021462846FFF72AFF0546284670BDFEE7BF
:10325000FEE7426800F1080122F00300001F084465
:10326000910800D1FEE7704770B506460C004FF09C
:1032700000001ED0F2B120791546C0071BD01146C0
:103280002046FFF71CFF78B12946204600F025F8BC
:1032900005462046FFF752FF6868294640F00200C5
:1032A00068603046FFF715FF2046FFF7AAFF04F1DC
:1032B000080070BDFEE7FEE77CB5054648680C4691
:1032C00020F0030001AA69461DF028FBDDE9002378
:1032D000214628461EF0FEFC7CBD2DE9F0410D463E
:1032E000044600F10801281F0E18606806F108075F
:1032F00020F00300401BA0F1040838460421FFF72A
:1033000006FB874200D0FEE7606820F0030108EB6F
:103310000500001D814200D0FEE7307900F0030077
:1033200040EA0800706020F003000C2800D2FEE79D
:10333000207900F00300284360603046FFF754FF17
:103340003046BDE8F08138B5044613F019FB054658
:1033500013F04BFB0028204605D0218FE18618F0A2
:10336000E3F9012038BD11F031FD002820461ED0C0
:1033700011F000FC218FE08E81420CD02087E08E7E
:1033800000906A461C21204611F062FF0128E9D115
:10339000204618F0C9F9284613F033FB0428E0D181
:1033A000204616F03FFD002112F05FFCD9E711F036
:1033B00069FDD6E770B511F047FF054616F078FDB8
:1033C000044628460DF0D6F901462046BDE8704077
:1033D00000221BF085BD00002DE9F04F0D4687B09F
:1033E0000446002116F052FC60B32946204600F046
:1033F00061FA2946204600F06FF80021204617F0B8
:1034000075FB05900021204617F024FC0490002154
:10341000204617F036FA012800D00020804600210F
:10342000204617F079FD07460021204617F0A4FA40
:1034300042F2D17906464F450BD1608C000508D485
:10344000012707E007B02846BDE8F04F1C2115F022
:10345000B7B80027204616F097FCDFF878A083461F
:1034600020460021BAF8042017F054FCD5F810C00B
:10347000AB682968CDF800C0CDF80C80CDE90131EA
:10348000C2B239465846059B09F070FF28834E4565
:1034900004D1608C400501D4012600E000262046BE
:1034A00016F058FC074620460021BAF8082017F00D
:1034B00031FCC2B2686900246B68E9688DE81B00C2
:1034C00031463846049B09F051FF688307B0BDE8D8
:1034D000F08F0000600000202DE9F34F81B00C4612
:1034E000019809F0C5F90646019816F04DFC824690
:1034F000304601F010F82061400014F0F5FE206025
:103500002069400014F0F0FE002541F69A79A06091
:103510003AE036F91510DFF82081494533D100270C
:10352000DFF818B11FE03946019816F0AFFB594695
:10353000009017F012FEA8B9009809F0ABF9012825
:1035400010D1009809F09CF9A8420BD1009817F00F
:10355000B4FD4146404501DA084602E0009817F004
:10356000ACFD80467F1C019816F0A2FBB842DAD869
:10357000B8F1000F03DBA16821F8158003E0A16812
:10358000002021F815006D1C2069A842C1D8002533
:103590002F46284641F69B784B4615E036F9101029
:1035A000414504DB0D44A5F5F8559B3D0BE09942E0
:1035B00004D1A16831F81010394403E0A26822F860
:1035C000101039440FB2401C21698142E6D8002115
:1035D000019817F08BFA2169C1F1010200FB02A0EA
:1035E000C01B00B2002800DA002000224FF0FF3399
:1035F0001146C44611E000BF36F9117067450BDB78
:10360000A7F5F8579B3F3AB210FB02F3B3FBF5F373
:10361000A76827F811300B46491C27698F42EBD861
:10362000002B07DBA91A4143B1FBF5F1401AA16851
:1036300021F81300BDE8FE8F01E0FFFF0100060046
:103640002DE9F14F00221146009818F0FDFF0021EE
:10365000009817F04FF904460021009817F00CFB72
:1036600020440FFA80F90021009817F0F7F9204460
:103670000FFA80F8009817F0B1F800EB090101EBA0
:103680000800DFF898A006B25446009816F010FB28
:10369000074600252AE0009821498068006850F814
:1036A0002500834617F059FDF8B9584618F094F8EC
:1036B00040BB0021584617F0B5F818B3012821D0B7
:1036C00002281FD003281DD00021584617F03CFCCB
:1036D00058B9BBF81A10BBF81600081A401C00B203
:1036E0004844A04200DB044624B26D1CBD42D2D344
:1036F000544504D004EB080000B2B04200DC304670
:10370000BDE8F88F0098BBF91A10B0F91600081A36
:10371000411CA142E8DB0C46E6E7000001E0FFFFA8
:10372000010004002DE9F84F00228046114618F0F0
:1037300075FF0021404617F0DDF8044600214046A1
:1037400017F040FA20440FFA80FA0021404617F0A3
:10375000EBF920440FFA80F9404617F04DF800EBE2
:10376000090101EB0A00DFF844B105B25C464046AE
:1037700016F09EFA07460021404617F070F801281F
:103780004FF0000644D078E0D8F8080048490068B7
:1037900050F82600009017F0E0FCC0BB009818F02D
:1037A0001BF850B10098B8F91810B0F91400091AB4
:1037B000481CA0422ADB4C1C28E00021009817F08E
:1037C00031F858B1032809D0062807D0082805D0B9
:1037D0000021009817F0B2FB58B118E00098B8F932
:1037E0001810B0F91400081A411CA1420EDB0C4657
:1037F0000CE00098143000900CF06BFA5044A0429A
:1038000004DB00980CF065FA00EB0A0424B2761C85
:10381000BE42B9D35C453BD004EB090033E000BFA6
:10382000D8F808002249006850F82600009017F0E8
:1038300094FC08BB009817F0CFFF60BB00210098F4
:1038400016F0F0FF38B3012825D0042823D007282C
:1038500021D00021009817F077FB68B90098143048
:1038600000900CF036FA4844A04204DB00980CF0BB
:1038700030FA00EB090424B2761CBE42D0D35C457A
:1038800006D004EB0A0000B2584501D0A84200DC83
:103890002846BDE8F88F0098B0F91810B8F9140060
:1038A000091A481CA042E6DB4C1CE4E701E0FFFFDC
:1038B000010004002DE9F84F0C46834609F0DCFBBB
:1038C000064600F028FE6061400014F00DFD6060C7
:1038D0006069400014F008FD002541F69A79E06027
:1038E0003AE036F91500DFF82881484533D1002742
:1038F000DFF820A11FE03946584616F0C7F95146B7
:10390000009017F02AFCA8B9009809F041FC0128A2
:1039100010D1009809F032FCA8420BD1009816F0A3
:1039200086FA4146404501DA084602E0009816F062
:103930007EFA80467F1C584616F0BAF9B842DAD8AB
:10394000B8F1000F03DBE16821F8158003E0E168BE
:10395000002021F815006D1C6069A842C1D800251F
:103960002F46284641F69B784B4615E036F9101055
:10397000414504DB0D44A5F5F8559B3D0BE099420C
:1039800004D1E16831F81010394403E0E26822F80C
:10399000101039440FB2401C61698142E6D8002101
:1039A000584617F057F98146584616F0D3F90146A4
:1039B0006069C0F1010209FB0210C01B00B20028BF
:1039C00000DA002000224FF0FF331146C44610E019
:1039D00036F9117067450BDBA7F5F8579B3F3AB2F4
:1039E00010FB02F3B3FBF5F3E76827F811300B4641
:1039F000491C67698F42EBD8002B07DBA91A4143AA
:103A0000B1FBF5F1401AE16821F81300BDE8F88F29
:103A100001E0FFFF010006001CB50B880489234468
:103A2000ADF800304B8844892344ADF802308B88D0
:103A300004892344ADF80430C98843891944ADF89A
:103A400006104369694698471CBD00002DE9FF4FE9
:103A500089B0C8781A9CC0070D46002801D0F848E4
:103A600000E0F848069001D0F74800E0F7480490DD
:103A700001D1F54800E0F5484FF010034FF00C0E6F
:103A80004FF0080BCDF814006188A2884FF0000AAF
:103A9000A1EB0201504609B25246D4F810C00FE023
:103AA00002EB8207E66803EB870816F808805FEAF6
:103AB000C87809D00BEB8707F65B891B09B2521C4B
:103AC0009445EDD8002254E00EEB8707F65B3044B6
:103AD00000B2F4E7E66802EB820703EB870CB1461D
:103AE000CDF820C016F80C60F60741D1002872D03E
:103AF00091FBF0F80EEB8706079639F8066006FB97
:103B000008F60FFA86FCCDF800C04FF0060C0CEB5F
:103B1000870C042639F90C8006EB8706DDF800C017
:103B200039F90660E04500DCC446664504DC009EC9
:103B3000C446B04500DC6646DDF800C00196664527
:103B400006D0DDF820C04FF00108C24649F80C80CD
:103B5000D4F80C80019E0BEB870728F80760D4F897
:103B60000CC0079F3CF80770C01B891B00B209B24C
:103B7000521C26699642ADD8BAF1000F84D10021BB
:103B8000099816F078FE012826D000270020ADF80D
:103B90000800ADF80C0003A902A8CDE900012089B6
:103BA000B4F9022003B2287818991DF00AF9E878D0
:103BB000384207D0099816F0E7F8BDF80810084415
:103BC000ADF808000B99099816F060F806464FF416
:103BD000FA682AE1FFE7FEE70127D7E79C4930466C
:103BE00017F0BBFA00286FD10021304616F0AEFE68
:103BF000F0B34FF00009484621690FE0E26800EB9E
:103C0000800352F82320B24207D1E16800EB800222
:103C10000BEB820031F9009002E0401C8142EDD8AC
:103C2000E878C007708C04D020F4806040F4006015
:103C300003E020F4006040F48060708406F114001A
:103C4000049982468847484528D0304617F06CFDD5
:103C5000B08AADF80000F08AADF80200308BADF804
:103C60000400708BADF8060049465046069A00E005
:103C700010E090476A462921304611F0E9FA3046B3
:103C800016F016F93246222111F0E2FA304617F00A
:103C90004BFD03E0708C20F44060708400200090A5
:103CA0006878012811D0022817D1059906F114006F
:103CB0008847B4F90010491C21F00101081A00EBF3
:103CC000D07040F34F0007E0A7E0059906F114001B
:103CD00088472188081A00B20090E878384208D056
:103CE000049906F114008847BDF80810081AADF8C9
:103CF0000800304600216B2217F00CF80FFA80F90B
:103D0000304600216C2217F005F80FFA80FA304691
:103D100017F0D3F90190304616F089F80146C9F33F
:103D2000413001280FD129F4C04040450BDCB0F5EB
:103D30007A7F01DDC0F57A70019A5043642290FBCE
:103D4000F2F00FFA80F9CAF3413001280ED12AF4BB
:103D5000C04040450ADCB0F57A7F01DDC0F57A70DD
:103D60004843642190FBF1F00FFA80FAB18A16986B
:103D7000F28A411A01EB0900179900B28A1A02EB84
:103D80000A01EA7809B2D207002A02D0BDF9082058
:103D900000E0009A10440FFA80FA01D0009801E088
:103DA000BDF9080008440FFA80F95AEA09011BD04E
:103DB000304617F0B9FCB18A01EB0A00B082318BB2
:103DC00001EB0A003083F18A01EB0900F082718B6C
:103DD00001EB09007083304617F0A6FC00234A4629
:103DE0005146304617F046FDE87838420CD1049928
:103DF00006F11400884719990844BDF80C100844CE
:103E0000BDF80810084406E0BDF80C1019980844E5
:103E1000BDF80810081AADF80800E8780BAAC0F33E
:103E20008001099808F0EEFF0646002E04D0DDE977
:103E30000B0188427FF4D2AE0DB0BDE8F08F0000D8
:103E40005BFD000851FD0008F7FC00089FFC00081E
:103E5000010006002DE9F04F91B00E0005463FD05D
:103E60002E83286808B114F09DFA06EB460006215F
:103E700001EB400014F00AFA286040B3022101EB84
:103E800046010144E960042101EB86010144C5E9D2
:103E9000010101210024012E1AD0F000083014F095
:103EA00023FA814600EB860000F10408B00000B25E
:103EB000A346ADF81000C0F101028010ADF812B0B9
:103EC0000FFA82FA5C46CDF828B00690ABE0FEE728
:103ED000B4220270E8680480E8684180A868048021
:103EE00011B0BDE8F08F0027BDF81220BAF1000F25
:103EF00007DC032101EB42010AEB01000FFA80FA13
:103F00000CE0BDF810100523521A03EB420202EB3D
:103F10000A00491E0FFA80FAADF81010BDF8120021
:103F2000401CADF8120004A800F0E9F868B1BDF932
:103F3000100006A9821041F827200AA900F003000A
:103F400041F827007F1C042FCEDB042F71D1099983
:103F50000698884212D129F8140028F814B0DDE937
:103F60000A010144DDE90C20104408446968085541
:103F7000696800010855641C24B252E00799884220
:103F800019D029F8140028F814B06A680A98105556
:103F90006A6800011055641C069A20B2521E29F866
:103FA000102028F810B0DDE90B120A440D99091D04
:103FB00011446A682FE0089929F81400884228F80B
:103FC00014B0DDE90A025946104412D06A6810554F
:103FD0006A6800011055641C069A20B2521E29F826
:103FE000102028F81010DDE90C12114408316A681D
:103FF00011E00C9A10446A6810556A680001105567
:10400000641C069A20B2521E29F8102028F81010BD
:104010000D996A680C3111546A6809011154401CE9
:1040200004B20BF1010B04A800F069F800287FF43A
:104030005AAF40F2D32016FB00F109EB440288127C
:1040400032F9022C824205D108EB440232F9022CEB
:1040500082421AD0A1EB8021B1F5007F03DC4943F5
:1040600041F3CF3106E0C1F58061494341F3CF31DF
:10407000C1F10F0129F8140028F8140068680155EF
:10408000686809010155641C24B2A01E0EE000BF3F
:1040900038F8102029F8142039F8102028F81420B6
:1040A00069680A5C0A55641C24B2401E0028EFDAD5
:1040B000EA680021084611801BE0EA6822F8110036
:1040C000AB6839F8102023F811200AE0AE6839F9FE
:1040D000102036F81130934200DA1A4626F81120E3
:1040E000401C38F910208A4201D1A042EEDB491C65
:1040F00009B2A042E1DB484614F042F9F0E6B0F91B
:104100000210B0F90000814201DC0120704700205C
:10411000704700000E4810B50178002916D0002124
:1041200001700D490B4C0A780CA1A06813F013FE26
:104130000C49E0680A7809A113F00DFE0A4960698C
:104140000A78BDE8104005A113F005BE10BD0000BF
:104150000A0000207415002010020020253032646F
:1041600000000000110200201202002017B581B0EB
:10417000022A03D8BDF8080004B010BDBDF808300D
:10418000BDF80400D90A01EBD0211F2900D31F215B
:1041900061F3CF20C3F34511C0F345142144ADF8BA
:1041A00004003F2900D33F2161F34A1003F01F01AF
:1041B00000F01F031944ADF804001F2900D31F218C
:1041C00061F30400ADF80400FF2A07D0DDE9010126
:1041D0000DF028FB0090BDF80000CDE780B2CBE7E2
:1041E00017B581B0022A03D8BDF8080004B010BD8D
:1041F000BDF80400BDF80810C30ACC0A13FB04F391
:104200005B0963F3CF2000F01F0301F01F0413FBD1
:1042100004F35B0963F30400C0F34513C1F34511D4
:1042200013FB01F1890961F34A10ADF80400FF2A7C
:1042300007D0DDE901010DF0F5FA0090BDF80000AE
:10424000D4E780B2D2E717B581B0022A03D8BDF80F
:10425000080004B010BDBDF80830BDF80400D90A4C
:10426000A1EBD021002900DC002161F3CF20C3F3B2
:104270004511C0F34514091BADF80400002900DC0A
:10428000002161F34A1003F01F0100F01F03C91A57
:10429000ADF80400002900DC002161F30400ADF852
:1042A0000400FF2A07D0DDE901010DF0BBFA009000
:1042B000BDF80000CDE780B2CBE7F8B5044610F0BA
:1042C000C3FF0646204610F081FF0546304615F034
:1042D000EFFD04462B2D34D00A2D31D112F050FBC6
:1042E00010B1007901282BD06946304615F046FE02
:1042F00094F82C0010F00C0F30462BD015F044FD34
:1043000005460021204616F0C2FA0128BDF900003A
:1043100005EBD5711BD000EB610090FBF5F001B20D
:10432000002900DA0021608D4FF00102884220460A
:104330001BD01AF0D5FD00221C21204610F088FF6A
:10434000F8BD618DBDE8F84000221AF0C9BDC0EB90
:104350006100E2E715F0FEFCBDF9021000EBD0723F
:1043600001EB620191FBF0F0D9E71AF0B9FDF8BD5D
:104370002DE9FF4F89B00446169EDDE919577000FC
:10438000DDF86090DDF828A00FFA80FBB9F1040F8A
:1043900022D0B9F1060F1FD0B9F1050F5CD0B9F1E9
:1043A000140F56D1B4F90000B4F90210CDF80CB0D6
:1043B00006FB01030AEB43020092E2884FF000087B
:1043C000511A491C0FFA81F9A188081A401C0FFAEA
:1043D00080FA4FEA4A0B81E020460BF06CFC014664
:1043E0000390384614F01AF9B4F90000B4F90280C9
:1043F000A18806FB0802081A401C00B20690400083
:104400000AEB420A2E4602900CE051463046029AD0
:1044100014F004F8069808F10108DA4406EB4006A7
:104420000FFA88F8B4F906004045EEDAB9F1060F44
:104430000FD100224FF4FC60ADF80000114605E0FA
:1044400035F81130834200D17A54491C039B9942BC
:10445000F6D30DB0BDE8F08FB4F90010B4F9023016
:1044600006FB031000EB400202EB0A00A288511A7F
:10447000491C0AB2B11A01EB41010EB2E188C91A16
:10448000491C0CB2002317E000210DE090F802C097
:1044900007F801C010F801CB10F8028B0CEB082CC8
:1044A00025F811C0491C09B29142EFDB5B1C05EBFA
:1044B0004205174430441BB2A342E5DBC9E75A4624
:1044C0002846009913F0AAFF0099039805EB4A05C6
:1044D0000844009008F101000FFA80F8C845EEDBAF
:1044E000DDE90A014A000C9902FB0100B4F9001051
:1044F000B4F9022006FB02110D18002408E0524610
:104500002946384613F08AFF641C5744354424B2C8
:104510004C45F4DB9DE70146002041F6FF7200E0C8
:10452000401C31F910309342FAD170471CB5044653
:1045300090F8540000F0010088422DD094F8540007
:1045400011B140F0010001E020F0010084F85400B6
:1045500004F1480168460BF093FB606ABDF8001057
:10456000828A1144ADF80010BDF80210C08A0844D8
:10457000ADF80200606ABDF80410808A0844ADF806
:104580000400606ABDF80610C08A0844ADF8060051
:104590006946204617F0EBF81CBD08B508461146E1
:1045A0000CF0F1FF0090BDF8000008BD2DE9F04FC0
:1045B0000746C87A89B015460E46022803D801205E
:1045C00009B0BDE8F08F18463269B168FCF754FFB6
:1045D000041EF5D0207D00F01F0011F092FB4FF477
:1045E000807808B1062011E0207D00F01F000E2821
:1045F00006D014280AD011F074FB30B1052005E074
:1046000030884FF00E0930B902E00420814606E000
:104610007088404503D000204FF00509A061226A50
:1046200022B1294638461EF0DCFEB7E0A069E0B3AF
:10463000294602A80BF0EEFAB6F9003013B97088DB
:10464000404529D0A88829886A88401A401C01B2B0
:10465000E88806F1040C801A401C02B27088CDE98B
:10466000000C02A8FCF752FEBDF808002988084497
:10467000ADF80800BDF80A1068880844ADF80A00D3
:10468000BDF80C0029880844ADF80C00BDF80E10E8
:1046900068880844ADF80E0002AA04A8B968FCF7BF
:1046A000E8FB00287AD004A800E00DE0D7F80880E5
:1046B000B860CDF800902A4631463846A3690DF01F
:1046C000A3FFC7F8088069E02A4604A8B968FCF788
:1046D000D0FBE0B3BDF81400BDF81010401A401C28
:1046E0000FFA80FB0BEB4B0013F0FEFD039004A9C7
:1046F00001A8D7F808A00BF08DFA012101A80BF052
:1047000027FBBDF91000B5F90010BDF91280401A61
:104710000690B5F90200A8EB000536E001AA514663
:1047200007A8FCF7A6FB70B30398009006985B46B9
:1047300001B22AB2204611F0EFFE01280ED0204629
:1047400011F03FFE039813F01BFE204600E025E029
:1047500011F037FE0020C7F808A031E707A8B860BD
:10476000CDF8009001AA31463846039B0DF04CFF6E
:10477000BDF80600401CADF80600BDF80A00401C5C
:10478000ADF80A006D1C08F10108BDF9160040459E
:10479000C4DAC7F808A0039813F0F2FD204611F020
:1047A00010FE0CE7034A116813685B1A8342FBD3BF
:1047B000704700000000002070B5054612F0E0F8D8
:1047C0000646286B1BF05EF83168898B884223D23D
:1047D00095F83C006C6A10F0030105D064200129B3
:1047E00006D0022909D106E0002060F30F0404E09E
:1047F00060F3174401E060F31F64304612F014FACE
:10480000214628460DF008FB30B100221C21284625
:1048100010F01EFD012803D11BF03AF82863012097
:1048200070BD00002DE9F04F99B0074614468A4646
:1048300014A80DF0C5FC4FF4A021384615F0FBFF7D
:104840009DF85D1060F382018DF85D10A1882088CD
:10485000091A491C09B201EBD1714E103044ADF870
:104860006000608800213044ADF86200384616F0E0
:10487000B3F88146514602A815F046F814A80A90EC
:104880004FF400300F902F4803900020049007F160
:1048900030008346FDF7BAF84EE02079032847D16F
:1048A000208BADF85000208AADF852006079FD28C9
:1048B00001D9484602E010FB09F0000A8DF85C00BF
:1048C0002568B5F92030E88B18440090D5E9051229
:1048D000A06813F0BDFC8046B5F92030E88B184481
:1048E0000090D5E90512E06813F0B2FC1FFA88F5D4
:1048F000ADF854501FFA80F8ADF85680608B02AACC
:104900003044ADF8440018A80B901A21139438468F
:1049100010F09EFCCDE90058BDF8443018AA14A947
:1049200050460DF03DFC02AA1B21384610F090FCC9
:1049300021465846FDF767F80400AED119B0BDE82E
:10494000F08F0000646702082DE9F74FC878A0B027
:104950000C4602287DD9114601A80BF052F9B4F992
:104960002000012829DD94F82200FD2825D3208885
:1049700018B394F82300BDF804104008C0F3800277
:104980001144ADF80410BDF80610C0F3400008440F
:10499000ADF8060094F82310BDF808004908C1F3EB
:1049A000C001401AADF8080094F82310BDF80A00C1
:1049B000C1F34001401AADF80A00209801A98268AD
:1049C00005A8FCF756FA002843D0E07B10F0070654
:1049D00019D0E088ADF80000BDF800006189884278
:1049E00000D1002601A80EF061FB07461C210EA88D
:1049F000FBF74EFDA0788DF85100BDF80000ADF832
:104A000040001FB105E060680090E5E7208800B92C
:104A1000EEB3E078FD2800D3FF208346BDF8080000
:104A2000BDF80410401A401C0FFA80FABDF80A00C5
:104A3000BDF80610401A401C01B289465046CA45CE
:104A400000DB0846B4F90050B5EB600F00DB451001
:104A500000E043E0BDF81810BDF81400081A401C2F
:104A60000FFA80F84FF0FF301D9000200790002DC6
:104A700000DC87B1404613F037FC079000232A463C
:104A800001A916A80EF07EFD002116A800E01CE08A
:104A90000EF02CF91D90BDF81400ADF80C00BDF817
:104AA0001800ADF810000798119003A80E9013900D
:104AB000FF208DF850004A465146A01D10F004FF1B
:104AC000040018D0022E0CD015E001A80E90E0785A
:104AD0008DF850000EA920980FF01AF823B0BDE809
:104AE000F08FBDF91410A06800EB4100BDF904106F
:104AF000A0EB41000F90002F7DD0BDF9165027E0AC
:104B00002FB2ADF80E70ADF81270424659460798B4
:104B100013F024FDBDF9141043463A4607980EF0F1
:104B200087FA8DF84800012802D102208DF848004C
:104B3000012E08D1BDF90610A068691A00EB4100EA
:104B40000088ADF840000EA920980EF0E1FF6D1C22
:104B5000BDF91A00A842D3DAB7E000BFBDF80600DD
:104B6000BDF9161038440FFA80F9BDF80A00C01BD1
:104B70000FFA80FA494503DDBDF91A10514544DBAF
:104B800042465946079813F0E9FCBDF90C1043461C
:104B90004A4607980EF04CFA8DF84800012802D1D9
:104BA00002208DF84800BDF91610494513DCADF818
:104BB0000E90ADF81290012E09D1BDF90620A16822
:104BC000A9EB020001EB40000088ADF840000EA9FF
:104BD00020980EF09DFFBDF91A10514515DBADF878
:104BE0000EA0ADF812A0012E0BD1BDF90600A268EF
:104BF000AAEB000000E009E002EB40000088ADF8FD
:104C000040000EA920980EF083FF7F1CAF42A5DB69
:104C1000BDF80400ADF87800BDF80800ADF87C00E0
:104C2000BDF806002844ADF87A00BDF80A00401B24
:104C3000ADF87E001EA80EF039FA074630430CD0BE
:104C400001208DF84800BDF90A008DF850B0A0EBA6
:104C50000509BDF90600054435E0BDF806008DF8EC
:104C600050B02844ADF80E00BDF80A000EA9401B54
:104C7000ADF812000020119020980EF049FF24E0BA
:104C80006FB142465946079813F068FCBDF91410FD
:104C900043462AB207980EF0CBF98DF84800ADF8DC
:104CA0000E50ADF81250012E08D1BDF90600A168D2
:104CB000281A01EB40000088ADF840000EA92098AA
:104CC0000EF026FF6D1C4D45DADD079808B113F094
:104CD00057FB1D98401C05D01D980EF0FFFC16A830
:104CE0000EF0C8F9002C3FF4F9AE204610F0E6FDB6
:104CF000F4E62DE9F0410646086992B015460C46E7
:104D000000287DD0A07E02287AD929460EA8B26854
:104D1000FCF7AFF8002873D00EA8D6F80880B06072
:104D2000206911F0E3FD022806D06946206911F0E0
:104D300069FB012849D0C9E0002741F6FF70CDE9A1
:104D400000700297D4E904123B4610A81BF0DAF871
:104D500028460AF0C4FF01462A88BDF9400001EB4D
:104D6000D17102EB610100EBD072A1EB620108444A
:104D7000401EADF81000ADF80C1028460AF089FF6F
:104D800001466A88BDF9420001EBD17102EB610175
:104D900000EBD072A1EB62010844401EADF8120096
:104DA000ADF80E1005A80DF0F1FE60690590208B9E
:104DB000ADF82000A07E8DF82E00009703AA05A96B
:104DC000304623690DF042FC80E005A80DF024FC7C
:104DD000A0788DF82000208BADF81C00E07E8DF8C7
:104DE0001E00A07E8DF81F00207F4FF0FF3740B1DE
:104DF00000996888ADF8060007EB515108445DE062
:104E000066E028460AF06BFF298800EBD07001EBC2
:104E100060000099C1F38A21A0EB5100ADF80400B5
:104E200028460AF036FF698800EBD07001EB60017C
:104E30000098A1EB9051C0F38A22ADF80610BDF89E
:104E40000430521E1A4407EB5050ADF808200844B5
:104E5000ADF80A0001AA05A9304623690DF0A8FBA8
:104E600034E000992888C1F38A21ADF80400491E76
:104E7000084410E001AA05A9304623690DF098FB0B
:104E80000098BDF80410C0F38A200144ADF8041066
:104E9000BDF808100844ADF80800BDF90400B5F9E4
:104EA00004108842E6DDBDF80610009801EB505171
:104EB000ADF80610BDF80A1001EB5050ADF80A002D
:104EC000BDF90600B5F906108842CADDC6F80880AB
:104ED00012B0BDE8F081F0B5074691F8220087B026
:104EE00016460C4602286BD9208C002868D094F80E
:104EF000230010F03E0F63D0C00761D1B088318825
:104F00007288401A401C01B2F088B4F90050801A2F
:104F1000401C00B2814200DA0846B5EB600F00DDAC
:104F20004510314604A80AF06CFE94F82300BDF940
:104F30001020C0F344014807B4F9200001D42844EC
:104F400040421044ADF810000807BDF91420B4F930
:104F5000200001D428444042101AADF8140094F8FF
:104F60002300BDF9121040088007B4F9200001D4D5
:104F7000284440420844ADF8120094F82300BDF9DB
:104F800016104008C007B4F9200001D1284440425F
:104F9000081AADF81600208C281A00B2002800DA92
:104FA0000020A27894F82210CDE90212E18BADF82E
:104FB000041000902B4604AA3146384600F002F84F
:104FC00007B0F0BD2DE9FF4FA9B01D46DDE93879E6
:104FD000DDF8D88016460C46FF2F00D3FF27084681
:104FE0000EF064F82690284350EA080074D02998FF
:104FF0002146826808A8FBF73CFF002873D0BDF863
:105000002400BDF82010401A401C00B204901C215E
:105010000AA813F0D5FA049813F066F90D904FF032
:10502000FF302490002D0ADD00232A46214615A8D2
:105030000EF0A8FA002115A80DF058FE24900123C7
:10504000424631461BA80EF09DFA00211BA80DF028
:105050004DFE259001A80A900F90BDF8DC008DF858
:105060004070ADF830008DF84190B4F90000229006
:10507000B6F900304119994200DC1946B4F9040030
:105080000FFA81F92190B6F90410421B8A4200DB25
:105090000A460FFA82F8B4F902E0B6F902200EEBE4
:1050A00005009246504500DC1046B4F906B007B240
:1050B000B6F90620ABEB0500904200DB104600B2CB
:1050C0000590A8EB0900401C00B22790D6450DDCE6
:1050D00001200CE000E006E0009732462146379BB5
:1050E000299800F0B8F92DB0BDE8F08F0020824675
:1050F000934501DB012000E0002083462698D8B3C9
:10510000BDF82000ADF80400BDF82400ADF808009B
:10511000BDF9224022E000BFBAF1000F01D1A74241
:105120001BDCBBF1000F02D10598A0421ADB25B2AF
:10513000ADF80650ADF80A5004990D9813F06EFAC8
:10514000BDF920102A46049B0D980DF071FF8DF8D3
:1051500038000AA929980EF0DBFC641CBDF9260072
:10516000A042D9DA1BA80DF085FF25980EF0B6FAFB
:105170002498401C07D000E009E015A80DF07AFF44
:1051800024980EF0ABFA0D9813F0FAF8ABE72298DA
:10519000984201DC012000E0002013902198884211
:1051A00001DB012100E00021012000901398129101
:1051B000084000EA0A0010EA0B0F04D027983228B2
:1051C00001DA00200090012000998DF838001AEAD9
:1051D000010F0ED0ADF80490ADF808806088ADF8EE
:1051E000060070880AA9401EADF80A0029980EF042
:1051F0008FFC00991BEA010F0ED0ADF80490ADF8BA
:105200000880F0880AA9401CADF80600E088ADF8D7
:105210000A0029980EF07CFC139878B12088ADF82C
:1052200004003088ADF80670401EADF808000598FF
:10523000ADF80A000AA929980EF06AFC129878B114
:10524000B0880AA9401CADF80400A088ADF8080099
:105250000598ADF80670ADF80A0029980EF058FCD4
:105260000098C0B1BDF92400BDF92010A9F10102D8
:10527000ADF80410904200DB1046ADF80800401A6B
:10528000401C05B2002D70DD139850EA0A0066D06C
:10529000BDF9224061E0BDF82000ADF80400BDF882
:1052A0002400ADF80800B6F90200B4F90210401A63
:1052B000A84200DB05460FFA85F8002533E0608838
:1052C000284406B2E088401B07B2BDF92200B04274
:1052D00003DDBDF92600B84224DB04990D9813F0D4
:1052E0009DF9BDF904103246049B0D980DF0A0FE07
:1052F0008DF83800BDF92200B04207DCADF8066039
:10530000ADF80A600AA929980EF002FCBDF9260042
:10531000B84207DBADF80670ADF80A700AA9299803
:105320000EF0F6FB6D1C4545C9DB8DE026B2ADF8ED
:105330000660ADF80A6029460D9813F06FF9BDF9C3
:1053400004102B4632460D980DF072FE8DF8380091
:105350000AA929980EF0DCFB641CA742E6DC13982E
:1053600050EA0B001DD0059C16E01AE026B2ADF8FD
:105370000660ADF80A6029460D9813F04FF9BDF9A3
:1053800004102B4632460D980DF052FE8DF8380071
:105390000AA929980EF0BCFBBDF92600641CA042A6
:1053A000E4DABDF9200008F10101884200DC08467A
:1053B000BDF82410ADF80400081A401C05B2ADF881
:1053C0000810002D40DD129850EA0A001BD0BDF9EC
:1053D000224016E026B2ADF80660ADF80A60294614
:1053E0000D9813F01BF9BDF904102B4632460D98A9
:1053F0000DF01EFE8DF838000AA929980EF088FBE2
:10540000641CA742E6DC129850EA0B001CD0059CF5
:1054100015E026B2ADF80660ADF80A6029460D9891
:1054200013F0FCF8BDF904102B4632460D980DF030
:10543000FFFD8DF838000AA929980EF069FBBDF927
:105440002600641CA042E4DA1BA80DF013FE259888
:105450000EF044F98FE62DE9FF478EB00C468246E8
:1054600015461C2102A81A9E13F0AAF8CDF808D000
:10547000BDF84400ADF810008DF82060B4F90200CA
:10548000B5F90210884201DC012700E00027B4F9D9
:105490000600B5F90610884201DB012600E000266F
:1054A000B4F90000B5F90010884201DC012100E0E8
:1054B00000218946B4F90410B5F90420914201DBBA
:1054C000012100E00021ADF80000A088ADF8040043
:1054D0006088ADF8020068888846401EADF8060076
:1054E0001FB102A950460EF013FBE888401CADF82E
:1054F0000200E088ADF806001EB102A950460EF089
:1055000007FB2088ADF800002888401EADF8040095
:1055100017B1B5F9020001E0B4F90200ADF80200DC
:1055200016B1B5F9060001E0B4F90600ADF80600C1
:10553000B9F1000F03D002A950460EF0E9FAA8888D
:10554000401CADF80000A088ADF80400B8F1000FD1
:1055500003D002A950460EF0DBFA12B0BDE8F08786
:105560002DE9F04F8B46A2F57F4195B09146064656
:10557000FF3944D0746A208C8046984204D023843A
:10558000608C40F0080060844FF4802A5146204629
:1055900015F04DFC07465146204615F06FFC0546B8
:1055A000B7F90870304607F057FBB0F916107A19B2
:1055B00009FB021105EBD570A1EB6000ADF8060008
:1055C00038446D1E2844ADF80A00706A818AADF82F
:1055D0000410008BADF8080006A80EF0A3F806AA88
:1055E0005146204615F044FF01AA06A958460EF080
:1055F00085F8A4F82080608C20F00800608415B045
:10560000BDE8F08F2DE9F0430E46A2F57F4191B041
:1056100090460546FF3956D06C6A278C9F4204D0CD
:105620002384608C40F00800608406A80DF0AEFA78
:105630004FF4802906AA4946204615F06BFE4946DC
:10564000204615F01BFCADF82A00284607F004FBA5
:10565000050038D00698B5F91620B0F90810BDF944
:105660002A0000EB010C08FB0C2200EBD073A2EB2C
:1056700063021044491EADF80A200844ADF80E003C
:10568000A08AADF80800208BADF80C0002AA0EA885
:10569000B168FBF7EEFB88B10EA8D6F80880B060C1
:1056A000284611F036FF03460020009005F1140251
:1056B00006A930460CF0CAFFC6F808802784608C23
:1056C00020F00800608411B0BDE8F0832DE9F041BE
:1056D0002E4D074668680CF0EDFC04463868C66B32
:1056E000716B09B130468847686800680188408856
:1056F00011FB00F0E168884201D1012000E00020A8
:10570000216859B1616849B128B107E0686800684B
:10571000816A01B1884720690028F7D10120206102
:1057200069680968C9688A69D20702D089698907E6
:1057300000D400206061606908B1012500E0002507
:105740003868416971B1016911F0300F06D049071D
:1057500004D5D6E9001000F01BF803E0D6E90021DB
:10576000FEF75AF9206800280BD06168002908D09C
:105770003A68127CAA43D20703D1A268824202D1BE
:10578000A160BDE8F081A060FBE7000038000020C8
:105790002DE9F34F05468A4893B041680E68306999
:1057A000820701D542076ED4C0F3011002281ED033
:1057B000012801D0032866D100200F9008460CF084
:1057C00079FC8346A988B5F90000EA88091A491CC2
:1057D0000CB2B5F90210521A521C17B24FF4A05273
:1057E000B2FBF4F3BB420FDAB2FBF4F20DE0294650
:1057F0003046149A00F0F0F8149A15B02946304655
:10580000BDE8F04FFEF708B93A460C920791317C9B
:10581000C1F30111012905D06880611E0844E880A8
:105820000020BDE07188081A401EE880001B401C63
:105830006880F5E70C99A7EB0A00884200DD08466E
:1058400000B201900120CBF81000BAF1000F20D176
:10585000A7421EDB0194307CC0F30110032810D056
:1058600000202146149A00F0EAF8307CC0F30110C1
:10587000012809D031880798081A401EA880001B0B
:1058800056E00120EDE797E007982880079820442C
:1058900066E00F9820B94FF4205012F025FD0F90CC
:1058A000307CC0F3011003281BD000208646DDF8B1
:1058B00050C001990F980A9014FB01F0401E0D9002
:1058C000601E48430E9000208146884222DA0E9ADC
:1058D000BEF1000F02EB090001D00D9A101A002250
:1058E00012E00120E2E70A9BBEF1000F03EB400843
:1058F00063460CF1020C1B88A8F8003001D0084464
:1059000000E0401A521C12B2A242ECDB09F1010085
:1059100000B2D9E7307CC0F3011001281BD03188D8
:105920000798091AA1EB0A00401EA8800199401AA5
:10593000401C288001990AEB0108B84513DBDBF80D
:105940001800C0070FD0DBF8180080070BD5012026
:10595000CBF814000AE007985044288001990844C5
:10596000401EA880E6E70021CBF814100F9828B15C
:10597000024629463046FEF74FF805E0149AF8E74C
:10598000B16A09B130468847DBF810000028F7D12A
:1059900001981499604301EB400014900FFA88F0CD
:1059A0008246B842FFF646AF0F98002804D015B0E3
:1059B000BDE8F04F12F0E4BC15B0BDE8F08F000078
:1059C0003800002030B504880D88058010880880D4
:1059D000188810801C8030BDF8B58B880C884D88E5
:1059E0001B1BCC885B1C641B641C13FB04F300248E
:1059F0005B1E0DE002EB430602EB44073588ADF871
:105A00000050B7F800C0A6F800C05B1E3D80641CC3
:105A1000A342EFD843884C88CA881B1B5B1ECB80EF
:105A200043889A1A521E4A8003880C888A881B1B56
:105A30005B1E8B800088801A401E0880F8BD2DE90F
:105A4000F0470C4617468246002601EBD47931E038
:105A50000025601C00EBD07827E0A01B401E01B29F
:105A6000601B401E00B2BAF1000F0AD015FB0412F1
:105A700007EB420311FB040107EB410210FB04603A
:105A800009E010FB046207EB420311FB040007EB83
:105A9000400215FB041007EB400116FB045007EB16
:105AA0004000FFF78FFF6D1C2DB2B5EB680FD4DB04
:105AB000761C36B2B6EB690FCADBBDE8F087000092
:105AC0002DE9F047A2B005460FF0BEFB044628467C
:105AD0000FF082FB8246606A11F01BFD054694F8C8
:105AE0005400C00777D004A80DF01CFE4FF4E02945
:105AF00004AA4946204615F0BBFC04F1480101A860
:105B00000AF0BEF8606ABDF80410828A1144ADF84C
:105B10000410BDF80610C08A01AA0844ADF80600BA
:105B2000606ABDF80810808A0844ADF80800606A11
:105B3000BDF80A10C08A0844ADF80A0004A950460E
:105B40000DF0DCFD4946204614F0F2FE06464946BB
:105B5000204615F02BF887194946204615F0D4F851
:105B60004FF000081D490644CDF87480CDF87880C8
:105B7000206D0968284488470246206D41191DA8F8
:105B800012F04CFCBDF8040055223844ADF8040076
:105B9000BDF8060041463044ADF80600606A15F0D5
:105BA000B9F8054612A80CF0F1FF12AA49462046A2
:105BB00015F0B0FB9DF81300022804D8BDF854007E
:105BC000A9B2884207D01DAB01AA12A95046CDF850
:105BD00000800CF03BFD22B0BDE8F087D40100202E
:105BE0002DE9F04FC3B0054630300E462690FBF746
:105BF00086FF00287DD105F1140241A8B168FBF7AA
:105C000038F9002875D041A8D6F808A0B0603CA8A3
:105C10000DF04DF84FF4E0243CAA2146284615F03B
:105C2000C9FB2CA80DF07EFD9DF8F8008DF8B3009F
:105C300047F6FF70ADF8B0002146284615F072F91E
:105C400000EBD07047102146284615F06BF900EBA9
:105C5000D0704FEA600B3146684613F055FE29A814
:105C6000069018A804906448019005200D940290B5
:105C70002698FBF7CBFEB6E00A223CA929A812F031
:105C8000CDFB38222CA918A812F0C8FBE088ADF88B
:105C9000A400E088ADF8640012A809903FA80A901B
:105CA000607BC00704D0B4F90000B4F902100FE023
:105CB000B4F90410A1F5FE40FF3875D0A2883AABC4
:105CC0002846A1680BF030F9BDF9E800BDF9EA10EB
:105CD000AA8A10440FFA80F8E88A08440FFA80F97B
:105CE000C7B1BBF1000F15D001204090A8EB070011
:105CF00000E07DE0ADF89C0008EB0700ADF8A000E7
:105D0000A9EB0B00ADF89E0009EB0B00ADF8A2006B
:105D100027A801E0002040900390207B81072CD031
:105D2000C00702D0B5F9140000E04046ADF84800C5
:105D3000ADF84A90217B4846890702D5B5F918107D
:105D400000E04146ADF8FC10ADF8FE006A461A21AD
:105D500028460FF07DFA3FAB12AA29A930460CF075
:105D600099FF409820B127AA18A930460DF0C6FC2B
:105D70006A461B2128460FF06BFA217B11F00C0FAD
:105D80002DD04046ADF84880490702D5B5F9161028
:105D900000E04946ADF84A10ADF8FC00207B000752
:105DA00003D5B5F91A0001E019E04846ADF8FE0048
:105DB0006A461A2128460FF04BFA3FAB12AA29A9CE
:105DC00030460CF067FF409820B127AA18A930464A
:105DD0000DF094FC6A461B2128460FF039FA214643
:105DE0002698FBF710FE04007FF446AFC6F808A023
:105DF00043B0BDE8F08F00002C6202082DE9F04F9F
:105E00009FB005460FF020FA044628460FF0E4F94B
:105E10001C90204615F051F90546204614F007F86D
:105E20000146A08A05EBD57200EB62000FFA80FBF9
:105E3000E08A01EBD17100EB61000FFA80FA4FEAC2
:105E4000620806A80CF033FF06AA0021204615F0D0
:105E5000B1FA4FF41D7018FB00F042F2341190FBC0
:105E6000F1F0801CADF81A0000263146204614F0EF
:105E7000EAFC054647F6FF7900234A4604F114017F
:105E80000AA80DF07FFB00210AA80CF02FFF1B9041
:105E9000A78AE28AADF80E20218BADF81010638B33
:105EA0007819ADF80C00481BADF810005019ADF88A
:105EB0000E00581BADF8120001234A4603A910A892
:105EC0000DF060FB002110A80CF010FF1D90BDF933
:105ED0001A20A8EB05000027A0EB020990443946E0
:105EE0002046FCF7CDFD0990BDF82400ADF8180060
:105EF000300A00B2054619F041FF00FB08F00BEB39
:105F0000E030ADF85800284619F030FF00FB08F0EB
:105F10000AEBE030ADF85A00284619F02FFF00FBDD
:105F200009F00BEBE030ADF85C00284619F01EFFDD
:105F300000FB09F00AEBE030ADF85E0017AB16AAE3
:105F400006A91C980CF0A6FEFF1CBFB206F58766DA
:105F5000B7F5807FC3D90AA80DF08CF810A80DF012
:105F600089F81B980DF0BAFB1D980DF0B7FB1FB018
:105F7000BDE8F08F2DE9F04F88468A68A7B0044647
:105F800000F1140124A8FAF774FF00287ED0D8F895
:105F900008001F9024A9C8F808100021204614F01A
:105FA000B5FC05460021204614F0CAFD284400B285
:105FB00020900021204614F06BFE284405B22046B4
:105FC00013F0E2FEB4F88410484340F30F201B9016
:105FD000204613F0BFFEB4F88610484340F30F206C
:105FE0001D9018A80CF063FE18AA0021204615F099
:105FF000E1F94146684613F087FC002618A8069090
:10600000701E0E90DFF8CCA10D96CDE901A6099681
:106010006A461A2120460A960FF01AF920463122C4
:10602000314614F077FE00F0FF090021204614F0FD
:106030006DFC834620463322314614F06BFEC6B217
:10604000204613F0BBFF2390204614F083F8B4F8E9
:106050007E10E9B3E18A2944081A00B21E90A08A92
:10606000ADF84C00208BADF85C000025B4F97E70D3
:10607000B9F1020F40D9BBF1000F3DDDB00707D5E4
:106080000021204614F004FE10B900E09FE0012535
:10609000F00731D00021204614F0ECFC60BB7F1EDD
:1060A0003FB229E01D9810FB05F1B4F87E006A4666
:1060B000401E91FBF0F01E990844ADF84E00ADF87B
:1060C0005E000120CDE901A013A8099017A800E007
:1060D00014E00A901A210E9520460FF0B9F817AB7C
:1060E00013AA18A940460CF0D5FD6A461B2120468C
:1060F0000FF0AEF86D1C2DB2BD42D3DBB4F88000BA
:10610000F0B3A18A2098002701442398081A00B20E
:106110001C90E08AADF84E00608BADF85E00B4F9DB
:106120008050B9F1020F13D9BBF1000F10DD7007D9
:1061300005D50021204614F003FD00B901273007E2
:1061400006D50021204614F049FD08B96D1E2DB278
:1061500056460DF14C0B0DF15C094FF0020A26E09A
:106160001B9810FB07F1B4F880006A46401E91FBB3
:10617000F0F01C990844ADF84C00ADF85C0000E06C
:1061800017E00E97CDE9016ACDE909B91A21204639
:106190000FF05EF817AB13AA18A940460CF07AFD71
:1061A0006A461B2120460FF053F87F1C3FB2AF42D6
:1061B000D6DB4FF0FF300E90002009900A906A461F
:1061C0001B2120460FF044F81F98C8F8080027B09C
:1061D000BDE8F08F2C6202082DE9F04F9BB083469A
:1061E0000EF0F4FF064658460FF02EF80446122E25
:1061F0007ED0152E01D0182E7BD114F05EFF0490B6
:10620000204613F014FE039020460021322214F0A1
:1062100081FD054620460021122214F07BFD284412
:106220000FFA80F820460021132214F073FD284451
:106230000FFA80FA20460021102214F06BFD28444A
:1062400007B220460021112214F064FD2844618E1B
:106250000FFA80F901EB0800ADF86000A08E384419
:10626000ADF8620094F8390000F0030001287DD0F9
:1062700018A9E08ECDE90001DDE90321B4F9303041
:1062800005A8FBF743F8BDF81410A08A0844ADF840
:106290001400BDF81610E08A0844ADF81600BDF8E9
:1062A0001810A08A0844ADF81800BDF81A10E08A4A
:1062B0000844ADF81A0000BF04F114010D4619A8F6
:1062C0000C9109F0CBFC05A9284609F0C7FC5946FA
:1062D000D24813F0C5FC012861D119A90C9809F026
:1062E000BDFC152E5BD1E08D002858D0A08D01E0BB
:1062F00058E054E0002852D0E08E00284FD0584695
:106300000EF06AFF064603A80C9909F0A7FC204688
:1063100010F022FA054694F8390000F00300012835
:106320007DD0BDF81800BDF81410401ABDF80C104F
:106330000844ADF81000BDF81A00BDF81610401A58
:10634000BDF80E1000EB0100BDF80C10ADF8120006
:1063500001EB0800ADF80C00BDF80E00BDF8101000
:106360003844ADF80E00A1EB0A0000E07FE0ADF884
:106370001000BDF81210A1EB0900ADF8120094F85E
:10638000381001F0030001286FD089076DD0022872
:106390006CD00023194630460C9A0CF009F91BB05A
:1063A000BDE8F08F58460EF04DFF054600780228F4
:1063B000F5D094F838004FF00106C14389074ED05C
:1063C00000F0030102294AD0C0F38400042801D060
:1063D000012844D120460021462214F09BFCC0B283
:1063E000FF283CD1208ED0BB58460EF02BFF07462D
:1063F000E08EB0F5807F34D0204613F018FD804643
:10640000204614F05AFE014604F13202E08ECDE936
:1064100000020023424603A8FAF778FF00E02BE0D1
:10642000BDF80C00A18A00220844ADF80C00BDF8AC
:106430000E00E18A0844ADF80E00BDF81000A18AF4
:106440000844ADF81000BDF81200E18A0844ADF828
:10645000120003A93846FAF734FD00289FD12E70A8
:106460009DE7002204F11401F4E730E0C5E005A93E
:10647000204613F0A3FC1FE7B4F92C0029B2401A00
:10648000BDF80C10401C00EBD070A1EB6001ADF822
:106490000C10BDF81010BDF80E20A1EB6000ADF897
:1064A0001000B4F92E002914401A401C00EBD070E3
:1064B000A2EB6000ADF80E00B4F92E00401ABDF852
:1064C0001210401C00EBD070A1EB60003CE70FA85D
:1064D0000CF0A2F80FAA0021204614F0C8FEE08EAE
:1064E000ADF83E00208EADF83C00608EADF8400067
:1064F000A08EADF8420094F8380016AAC0098DF8B5
:106500005000BDF8141001EB0800ADF85800BDF8BC
:106510001600BDF818103844ADF85A00A1EB0A0077
:10652000BDF81A10ADF85C00A1EB0900ADF85E00F3
:10653000B16810460F46FAF79CFC002890D016A8C8
:10654000B060B4F92800B4F92C1090FBF1F201FB13
:106550001208B4F92A00B4F92E1090FBF1F201FBF5
:106560001200BDF90E10084400B2ADF802008842D6
:1065700003DDE18D401AADF80200E18D80B20844E0
:10658000401E30E0BDF90C1001EB080000B2ADF880
:106590000000884203DDA18D401AADF80000A18DF6
:1065A00080B20844401E0DE06A460FA93046636A77
:1065B0000BF0FEFFBDF800002844ADF80000BDF868
:1065C00004002844ADF80400BDF90000BDF9101026
:1065D0008842E9DBBDF8021028140144ADF802102E
:1065E000BDF806100844ADF80600BDF90200BDF97B
:1065F00012108842C6DBB760D1E60DA80CF0C6FACF
:106600000DAA0021204614F085FE00200090636A48
:106610000DA930460C9A0CF019F8C0E630A102081A
:106620002DE9F04FD3B005460EF00EFE0446284685
:106630000EF0D2FD4F9010A9204613F0BFFB0021B1
:106640006922204614F066FB054600216A22204696
:1066500014F060FBBDF84010BDF84420491BADF8B4
:1066600040102A44BDF84230ADF844201B1ABDF852
:106670004650511A2844ADF84600C01A401C0FFA83
:1066800080FAADF84230D4E90A02491C0FFA81FBC6
:10669000A2EB0008D34501DB012100E0002189467F
:1066A00000213E9194F85C1001F00301012908D10A
:1066B000002806DA002A04DD216B814201D1012085
:1066C0003E900021204614F04DFA219000212046F2
:1066D00014F096FA36900021204614F0EBFA209040
:1066E0000021204614F0D8F9359004F1340010A9A7
:1066F000139009F0A1FAA18E21980844A086218F59
:106700003698081A2087E18E20980144E186618F2F
:106710003598081A00B26087B9F1000F11D0E18EE8
:10672000401A401C00B204281DDAE18A0AEBDA7232
:106730006FF0010000EB62000844E086001D6087F6
:1067400011E0218FA08E081A401C00B204280ADA3A
:10675000A18A0BEBDB726FF0010000EB62000844D2
:10676000A086001D2087218FA08E081A401C00B231
:106770001890618FE08E081A401C00B22290B9F187
:10678000000F05D004F13805DC48189F139E04E083
:1067900004F13606DA48229F351D3A90A36D581C45
:1067A00014D0216DA06A626D091A101A79437843DA
:1067B00091FBF8F190FBF8F009B200B2401A58438F
:1067C000C21700EB126001EB202005E0216BA06AEC
:1067D000081A784390FBF8F000B21690A26C501C97
:1067E00014D0216CA06A636C091A181A7943784393
:1067F00091FBF8F190FBF8F009B200B2401A504357
:10680000C21700EB126001EB202005E0D4E909106B
:10681000081A784390FBF8F000B23F902046002120
:10682000162214F077FAC0B2B9F1000F28D001286F
:106830000AD130462E4605463F98404200B23F906E
:106840001698404200B2169031883F98084428803C
:1068500031881698084430803E9888B3A06A404238
:10686000784390FBF8F000B2B9F1000F15D03188F1
:106870000844B5F9001000B281420BDD308039E0E8
:1068800029883F98081A401C308029881698081AD1
:106890002880E1E7318028802CE02988081A401CF4
:1068A000B6F9001000B2814201DD288001E02980A4
:1068B0003080B5F90010B6F900008142EADB19E03A
:1068C000FFE73A9913988847012813DC35A84F99B8
:1068D00013F01AF84FF4003042908A4836900020A6
:1068E00037901398389035AA1A2120460EF0B0FC44
:1068F00035AAFBE050A8139909F09EF968460CF000
:1069000011FF4FF400356A462946204614F0B0FDC9
:1069100023A84F9912F0F8FF4FF000087948CDE90D
:1069200024083095CDF89CD013982690454623AA8C
:106930001A2120460EF08CFC20460B22294614F02A
:10694000E9F905B258465146D34500DB0846B5EB98
:10695000600F00DD4510229A1899BDF900009142A0
:1069600000DB1146B0EB610F00DD4810B9F1000FFC
:1069700002D0228FA18E01E0628FE18E511A491C54
:1069800009B2B1EB400F18DD9DF8220012909DF87E
:1069900003709DF81A608DF803808DF81A808DF8C9
:1069A00022806946139A4F980CF0A8FE12988DF831
:1069B00003708DF81A608DF82200A18A21980023B7
:1069C0000844ADF83401218B36982A46081AADF8F0
:1069D0003801E18A20980844ADF83601618B35987A
:1069E000081AADF83A014DA947A80CF0CBFD0021DB
:1069F00047A80CF07BF917909DF822608DF8228053
:106A000045468DF8368010A90EA809F015F9BDF895
:106A100038102198084400B2ADF83800BDF83A208B
:106A2000209911440BB2ADF83A30BDF83C203699AC
:106A3000511A0AB2ADF83C20BDF83E703599791A6A
:106A400009B2ADF83E10B9F1000F12D0C81A401CBF
:106A500000B204281FDAE18A0AEBDA726FF0010053
:106A600000EB62000844ADF83A00001DADF83E00AE
:106A700011E0101A401C00B204280CDAA18A0BEBBA
:106A8000DB726FF0010000EB62000844ADF83800E3
:106A9000001DADF83C00BDF90020002319A8139992
:106AA0000CF070FD002119A80CF020F907460EAA81
:106AB00069464F980CF022FE8DF822608DF8035045
:106AC0008DF81A508DF836506946139A4F980CF08D
:106AD00015FE19A80CF0CEFA47A80CF0CBFA3846F0
:106AE0000CF0FCFD17980CF0F9FD23AA1B212046A1
:106AF0000EF0AEFB53B0BDE8F08F000003FD0008C0
:106B0000ABFC000888A002082DE9F047B8B00546A4
:106B10000EF09AFB044628460EF05EFB82460021EA
:106B2000204613F0BAFE01280CD00027204607F0BB
:106B3000A8FD054694F85C00002600F0030001283B
:106B400002D008E00127F1E7A06A002803DAE06A32
:106B5000002800DD012620468DB113F068F980463B
:106B600026B1606A002801DAA08E05E017B1B4F9F9
:106B7000340001E0B4F93800ADF894000BE014F0F3
:106B80009CFA804626B1606A002801DA608F00E036
:106B9000E08EADF8960012A80CF0C4FD4FF440361C
:106BA00012AA3146204614F063FC2B46424625A922
:106BB00020461AF044F904F1680025A9814609F03D
:106BC00056F85146684612F09FFE2F48019000206B
:106BD0000290CDE90D6012AECDE90396204617F084
:106BE00097F8022806D06A461A2120460EF030FB9C
:106BF0004A463CE0382212A927A811F00FFC6A4649
:106C00001A2120460EF024FB4A4612A950460CF0E9
:106C100075FD6A461B2120460EF01AFB45B127B1CF
:106C2000B4F93800ADF8940005E0B4F93400F9E7A0
:106C3000608FADF896002B46424625A920461AF0F3
:106C4000FEF804F1600025A9054609F010F8382285
:106C500027A912A811F0E2FB02A9012081E8610036
:106C60000E906A461A2120460EF0F2FA2A4612A920
:106C700050460CF043FD6A461B2120460EF0E8FA10
:106C800038B0BDE8F0870000BCA102082DE9F04350
:106C90008FB004460EF0D8FA054613F009F90746FE
:106CA00003A80BF073FF03AA0021384614F032FB4F
:106CB000284610F029FC28B19DF8290040F0010079
:106CC0008DF8290020460EF087FA816804460E46AA
:106CD00007F114020DA8FAF7CCF8002850D00DA83F
:106CE000A0600BA9384606F05DFAA88AADF804004A
:106CF000E88AADF80600288BADF80800BDF82E0034
:106D0000ADF80A0001AA1046A168FAF7B2F84FF0F0
:106D100000090DF1040878B1A7682846C4F8088076
:106D200010F0F7FB034605F1140203A92046CDF845
:106D300000900BF08BFCA760A88AADF80400BDF8AA
:106D40003200ADF80600288BADF80800688BADF86E
:106D50000A0001AA1046A168FAF78BF878B1A76873
:106D60002846C4F8088010F0D4FB034605F114024D
:106D700003A92046CDF800900BF068FCA760A66040
:106D80000FB0BDE8F08300002DE9FF4F9FB0987B66
:106D90008A7E00F00F04DDF8B0E00E46032C18D018
:106DA000012C1DD0022C21D0042C13D0082C7DD115
:106DB000A24D4FF0FF0A6101FD2A2FD2A04F387873
:106DC000904202D17868A04225D00020DFF874827A
:106DD0001FE00424994D4FF0F00A103D1021EBE71D
:106DE000964D4FF0800A163D0221E5E7934D4FF096
:106DF000C00A143D0421DFE715F800C0BCF1FF0F05
:106E00001DD01CFB02FC4FEA1C2C00BF08F800C080
:106E1000401C8842F0D38B4D3A707C601F9AB3F8C7
:106E20000680188907902199926808FB04F0B1F94F
:106E30000010B2F90030994203DB002302E09446CF
:106E4000E4E75B1A9B46B2F9043001EB08079F4266
:106E500001DC414601E0591A491C89462199B2F9E1
:106E60000230B1F90210994201DB002300E05B1A05
:106E70001193079BB2F906200B44934201DC07995A
:106E800001E0511A491C0A91119941430BFB04106E
:106E90000EEBD00100F007072C911C2115A811F072
:106EA0008FFBB089ADF85C00B07E00E0C2E08DF8E9
:106EB0006C00B07FC0F3C2008DF86D00FBF752F894
:106EC0000BF0FCF8079A08FB02F1814200DC08464F
:106ED0001C9011F009FA079018902198002601885B
:106EE00001EB0B02ADF80C200188A9F1010001446F
:106EF0002198ADF810104388119818448B1AADF8FA
:106F00001200ADF80E00ADF83810ADF834200A9933
:106F1000ADF836005B1C08441BB2ADF83A000B9389
:106F20000DA80CF0C3F81D9003A815901A90C4F199
:106F3000080008EB0B010F90A1EB090060431290D1
:106F4000119860E033462AFA07F059464FF0000CDA
:106F50001FE02C9ADDF83C801278A8EB070802406D
:106F600032FA08F205D015F80280079A02F8068076
:106F700002E0079A02F806C00F9A974202D227440D
:106F8000E04004E02C9A0027521C50462C92491CE9
:106F9000761C4945DDDB1D9880B10798BDF91220AC
:106FA0001844BDF90C1080460B9B0CF041F88DF88D
:106FB000640018B940460B9911F002FBA9EB0B00D5
:106FC00081191C98814205D2BDF81200401CADF811
:106FD00012000EE002208DF8640015A91F980CF035
:106FE00097FDBDF81200401CADF80E00ADF8120080
:106FF000002612982C99384401EBD00100F00707C5
:1070000001982C91401C0A99019088429ADBBDF9A5
:107010000E10BDF91200814209D0401EADF81200D9
:1070200002208DF8640015A91F980CF071FD0798D7
:1070300011F0A6F923B0BDE8F08F000096600208B9
:107040004C000020E81500202DE9F04F8346B1F9EF
:1070500002000C46401E411000F001004618B2F933
:107060000050B3F9000089B0854200DA2846ADF837
:107070000000B2F90000B3F90030984200DC184675
:10708000401EADF804005088801BADF80200508807
:107090000844ADF8060069460846DBF80820F9F711
:1070A000E8FE00281FD0E08818B1A08808B10127A9
:1070B00000E00027012568460BF0F8FF00B907B192
:1070C00000251C2102A811F07BFACDF808D02088F9
:1070D000ADF81000207A6E468DF8200035B102A977
:1070E00058460CF015FD09B0BDE8F08FBDF804104E
:1070F000BDF90000BDF90680091A491C0DB2BDF8A2
:107100000210ADF806104FF0000A47B1B4F90610AE
:10711000B4F90420114490FBF1F201FB120A284655
:1071200011F0E2F8079605908146BDF902603EE055
:107130002946484611F072FABDF900102B4632B2CA
:1071400048460BF075FF8DF818000FB300B300210F
:1071500050460B4617E000BFB4F90420824205DB1D
:10716000121A1144104409B200B208E0B4F906C082
:107170006244824201DC002001E009F80130491C30
:10718000401C09B200B2A942E6DB02208DF81800CB
:1071900002A958460CF0BCFCBDF80200401CADF83A
:1071A0000200BDF80600401CADF80600761C4645FE
:1071B000BEDD484611F0E4F895E700002DE9FF4FE9
:1071C000B2F90240B3F90250C5B0AC4208DA1288F5
:1071D00064F31F4062F30F0065F31F411A8807E054
:1071E0001B8865F31F40128864F31F4163F30F008F
:1071F00062F30F010FFA81F904B20514A9EB04063A
:107200004FEA214AAAEB05070391002E01DD314622
:1072100000E07142002F01DD384600E078428142F3
:1072200001DD012000E0002015904698B0F9021021
:10723000159858B1002F01DD384600E07842420130
:10724000002E01DD30460CE070420AE0002E01DD28
:10725000304600E070424201002F01DD384600E078
:10726000784292FBF0F0AB4A105C10FB01F03F302B
:10727000C0114FEA600800F0010202EB080B49461A
:107280004C4500DA2146A1EB0001ADF8581001DDB4
:10729000214600E049460144ADF85C105146554591
:1072A00000DA2946A1EB0001ADF85A1001DD2946AC
:1072B00000E051460844ADF85E00459816A9826882
:1072C0000846F9F7D6FD00287ED015980021002841
:1072D0007BD0002E16DDAAEB080000B2CDE900013C
:1072E000A5EB080002B24B46214620A80BF082FF16
:1072F0000AEB0B00012100B2CDE900014B4605EB82
:107300000B0015E00AEB0B0000B2CDE9000105EB24
:107310000B0002B24B46214620A80BF06BFFAAEBF4
:107320000800012100B2CDE900014B46A5EB0800A1
:1073300002B221460AA80BF05DFF002120A80BF045
:10734000D5FC189000210AA80BF0D0FC15904698A7
:107350004FF0FF39C846407AC00623D4A81903214C
:1073600000B2CDE90001E01B03B22A4621462BA85A
:107370000BF040FF039902200A14911909B2CDE9DC
:107380000010039801B2C81B03B236A80BF032FFFD
:1073900000212BA80BF0AAFC8146002136A80BF097
:1073A000A5FC8046BDF85C00BDF85810401A401C92
:1073B00004B2FAF7D7FD0AF081FE054616A808F0D8
:1073C0007AFCA84206D201E0A1E027E016A808F066
:1073D00072FC0546AA46284610F086FF8346BDF992
:1073E0005E70BDF85A00ADF85E0000255146584663
:1073F00011F014F91C2119A811F0E2F816A919913D
:1074000046980088ADF86C004698BDF95A60007A3D
:107410008DF87C00CDF870B01E9145E009EB0B00B3
:10742000CDE900A103B204EB0B0001B22A4620A86B
:107430000BF0E0FE0121A9EB0800CDE900A103B2A9
:10744000A4EB080001B22A4674E700BFBDF958104A
:107450000BEB0500234632B207900BF0E9FD8DF8E7
:10746000740018B92146079811F0AAF82544291983
:10747000514505D2BDF85E00401CADF85E0012E03B
:1074800002208DF8740019A945980CF041FBBDF855
:107490005E000025401CADF85A00ADF85E00514674
:1074A000584611F0BBF8761CBE42CFDDBDF95A102C
:1074B000BDF95E00814209D0401EADF85E00022099
:1074C0008DF8740019A945980CF022FB584610F06D
:1074D00057FF20A80BF0CEFD0AA80BF0CBFDB9F1A9
:1074E000FF3F02D02BA80BF0C5FDB8F1FF3F02D043
:1074F00036A80BF0BFFD18980CF0F0F815980CF0BA
:10750000EDF848460CF0EAF840460CF0E7F849B0D0
:10751000BDE8F08F966102082DE9F04F8346B1F97E
:1075200002000C46401E411000F00100158889B091
:107530000844281AADF8000010880844ADF804008B
:10754000B2F90210B3F90200814200DA0846ADF840
:107550000200B2F90200B3F90210884200DC0846CA
:10756000401EADF8060069460846DBF80820F9F72A
:1075700080FC00281FD0E08818B1A08808B101263F
:1075800000E00026012768460BF090FD00B906B127
:1075900000271C2102A811F013F8CDF808D020888C
:1075A000ADF81000207A6D468DF8200037B102A9A1
:1075B00058460CF0ADFA09B0BDE8F08FBDF80400F4
:1075C000BDF80010BDF90670401A401C0FFA80F992
:1075D000BDF80200ADF80600484610F085FE824670
:1075E00005900795002056B1B4F90600B4F90410CF
:1075F0000844BDF9021091FBF0F200FB1210804626
:10760000BDF9025031E04946504611F007F8BDF986
:1076100000104B462AB250460BF00AFD8DF81800B8
:10762000A6B178B1B4F90410414502DA00208DF812
:107630001800B4F90600B4F904100144414501DC16
:107640004FF0000808F101000FFA80F802A958462F
:107650000CF05EFABDF80200401CADF80200BDF867
:107660000600401CADF806006D1CBD42CBDD504647
:1076700010F086FE9FE77CB505460DF0E5FD446AF7
:1076800028460DF0A9FD626A0546816868461432F5
:10769000F9F7EFFB002835D0AE68C5F808D094F8AC
:1076A0003C00800621D5628FE08E824208D12123E2
:1076B00029462046FDF754FF2046628F21231DE016
:1076C000202329462046FDF74BFF2046628F2023CA
:1076D0002946FDF797FF2046E28E01232946FDF754
:1076E0003FFF2046E28E012308E02046628F2023E0
:1076F0002946FDF735FF628F204620232946FDF7F6
:1077000081FFAE607CBD00002DE9F04FD5B005468D
:107710000DF09AFD0446008E00287DD028460DF01D
:107720005BFD4F90608C49A940F0080060842046C2
:1077300012F044FB0025278C2584608CA94640F07C
:1077400008012E46C846618433A80BF0EBFF41A820
:107750000BF01CFA4FF4A02A33AA5146204613F02E
:1077600087FE41AA5146204613F0D4FD608C0021CB
:1077700020F0080060842046278413F0A1FA53907B
:107780000021204613F08EF952900021204613F07C
:10779000EFF951900021204613F038FA509020A8BC
:1077A0004F9912F0B1F8B548CDF8B4A0CDE9210851
:1077B00012A824900AA8259054E1761CB6B2606AFB
:1077C000AFA150F82600F8F78BFE0028F5D0E06A4C
:1077D00030F81500C0F30011002974D18846C0F3B9
:1077E000002109B14FF00108C0F3801010B148F03A
:1077F000800014E0A08EA84212D1B80601D548F04E
:107800002008B80701D548F00208780701D548F0EC
:107810000408380704D500E02CE148F00800804651
:10782000A06A00EBC50103A808F00FFABDF80C1020
:10783000BDF82401B8F1000F0144ADF80C10BDF8FB
:107840000E20BDF826110A44ADF80E20BDF8102018
:107850001044ADF81000BDF812000844ADF8120055
:1078600026D0A4F82080608C40F00801618412A822
:107870000BF058FF0AA80BF089F912AA51462046CE
:1078800013F0F6FD0AAA5146204613F043FD278463
:10789000608C20F008016184E06A30F81500C0F3C4
:1078A000C02000289DF845000ED040F001000DE0FA
:1078B000382233A912A810F0B1FD202241A90AA84C
:1078C00010F0ACFDE8E7C9E020F001008DF84500BC
:1078D00003A8239020AA1A212E9520460DF0B8FC6B
:1078E0009DF86B004108C9063CD520F03E001E30D3
:1078F0008DF86B00B4F914305199BDF90C2019447E
:107900008A4203D120F008008DF86B00B4F91820EA
:107910005098BDF91010101A814205D19DF86B00E6
:1079200020F010008DF86B00B4F916205398BDF9C3
:107930000E101044814205D19DF86B0020F0040028
:107940008DF86B00B4F91A205298BDF91210101A74
:10795000814207D19DF86B008108490061F3450021
:107960008DF86B00BDF81210BDF90E00091A491C04
:107970000FFA81FB5FEA886108D5E16A31F81510DA
:10798000490503D5A0EB0B00ADF80E0003AA12A920
:107990004F980BF0B3FE606ABDF93C30BDF93A1068
:1079A00050F826000890BDF82801BDF824C10A9AB5
:1079B000A0EB0C00401C00B2CDE900109DF845C0C2
:1079C000CDF808C054A8089918F09CFABDF810101A
:1079D000BDF80C00BDF95031091A491C09B2C91A89
:1079E00001EBD17100EB6100ADF80C00BDF8121095
:1079F000BDF80EC0BDF95221A1EB0C01491C09B222
:107A0000891A01EBD1710CEB610109B21844ADF890
:107A10001000881802B2ADF80E10ADF812205FEA1F
:107A200088600ED5E06A30F81500400509D50BEBEB
:107A3000DB70A1EB6001A2EB6000ADF80E10ADF8B9
:107A40001200CDF8009003AA0AA9089B4F980AF0EB
:107A5000FDFD20AA1B2120460DF0FAFB6D1C761CB3
:107A6000ADB2B6B2208EA8423FF6A9AE608C20F02F
:107A70000800608455B0BDE8F08F0000C0A0020887
:107A80000A0000002DE9F04FA7B005460DF0DCFB21
:107A9000044628460DF0A0FB22900021204612F05B
:107AA0003BFF054600211222204613F033F92844FB
:107AB0000FFA80FB00211322204613F02BF92844F3
:107AC0000FFA80FA0021204613F006F928440FFA35
:107AD00080F918A80BF05AF818AA4FF40031204684
:107AE00013F018FCA06A08B1179009E0802010F08C
:107AF000FBFB05460146802220460DF037F917951D
:107B000094F83C00002700F00F00012800D1012765
:107B100020460021162213F0FDF8C0B2012800D142
:107B20000127E06A002868D00EF0E0FE80460228B7
:107B30000DD002A9E06A0EF065FC01281BD04FF0C1
:107B4000FF363546E7B1A18A01EB0B001CE0BDF919
:107B500072009DF87D2041F6FF718DE80700BDF9A8
:107B60007430189A15A8E16A18F0CCF9BDF9546080
:107B7000BDF95650E6E70298C0F38A26450DE1E7C5
:107B8000218BA1EB0A00801B711EADF81400084484
:107B9000ADF81800B8F1020F5DD0204612F047F999
:107BA000401BE18A00EBD07001EB6000ADF81600DD
:107BB000691E0844ADF81A0011A80AF02DFD4FF413
:107BC000003811AA4146204613F051FB06EBD6704F
:107BD0004010ADF8480005EBD5704010ADF84A00F4
:107BE00020466E22414613F095F8ADF8440005AAF0
:107BF00011A9E36A22980AF0DBFC09A80AF0C6FF83
:107C000009AA0021204613F085FBBDF936009DF836
:107C1000412041F6FF718DE80700BDF9383007A813
:107C2000099A179918F06EF9E18A01EB0900BDF87D
:107C30001E10ADF80E000844ADF81200E06AE0B185
:107C40003FB3218BA1EB0A00BDF81C10B0EB010083
:107C5000ADF80C0024E0E18A6D1E01EB0900ADF8DF
:107C600016002844ADF81A000020009005AA18A9B3
:107C7000E36A22980AF0EAFCBFE7204613F01DFAF7
:107C8000BDF91C10A28A401A00EBD07002EB600014
:107C9000DEE7A18A01EB0B00BDF81C10ADF80C006B
:107CA0000844ADF810000020009003AA09A9179B12
:107CB00022980AF0CBFCA06A002802D1179810F095
:107CC0005FFB27B0BDE8F08F2DE9F04798B005467F
:107CD0000DF0BAFA044628460DF07EFA064609A9C8
:107CE000204612F009F894F848000025C10600D596
:107CF0000125800601D545F002050021204613F03C
:107D000017F9A0F51C51D13904D1608C000501D4BC
:107D100045F004050BA80AF039FFB4F84400ADF8AB
:107D20004200B4F84600ADF844008DF849500BAA63
:107D30000021204613F0EEFA9DF848004FF00108AC
:107D400008B98DF84880E06B0C90206C0D900C9970
:107D50004FF6FF7081421ED00D9981421BD04FF427
:107D60008029274655224946204612F0D3FF024675
:107D700049463846F9F73EFF0090BDF80000ADF8DF
:107D80003A0020462022494612F0C4FF0090BDF878
:107D90000000ADF83C0094F8480041F6FF7A00F08E
:107DA0000700022801D003281ED19DF848000228B0
:107DB00001D0032818D1BDF93E10CDE9001A029573
:107DC000BDF940300B9A16A8616A18F09BF8BDF80F
:107DD0002800BDF82410401A401CBDF9581000B20C
:107DE000884201DA8DF8488094F8480004F13007A1
:107DF00000F00700032809D0BDF82A00BDF82610BE
:107E0000401A401C00B2B0F5806F00DA002709A9C3
:107E100014A8B268F9F72DF800287DD094F848002E
:107E200040070BD1204612F095F9404202B20021E2
:107E300009A807F079FF608BADF82A0094F8480094
:107E40000DF1500900F00700022813D0032811D0CB
:107E5000009709AA0BA93046636A0AF0F7FBB068DD
:107E6000C6F80890804694F8480000F00700032800
:107E70000FD05FE0D6F80880C6F80890009709AAEE
:107E80000BA93046636A0AF0E1FB4046C6F8088059
:107E9000E6E7BDF93E10CDE9001A0295BDF9403084
:107EA0000B9A06A8616A18F02DF8BDF82800BDF8F5
:107EB0002410401A401CBDF9181000B2884219DA8B
:107EC000202211460B980DF0D7FAB4F84410BDF8F3
:107ED000182000EB400011440844ADF84200B4F80B
:107EE0004600ADF84400009709AA0BA93046636A22
:107EF0000AF0ACFBBDF82A00BDF82610401A401C61
:107F000001B2BDF91A00814214DAB4F84410ADF898
:107F100042100B99098900E00EE0B4F84620009762
:107F200010440844ADF8440009AA0BA93046636A1E
:107F30000AF08CFBC6F8088018B0BDE8F0872DE980
:107F4000F04397B007460DF041F9054638460DF06D
:107F50007BF904464FF48026152D7ED0182D7DD157
:107F600038460DF039F9054607A80AF00FFE07AAB2
:107F70003146204613F0CEF913A9204605F012F938
:107F800013AA15A8A968F8F774FF002866D0204640
:107F900004F069FE81460FF0B7FA28B19DF8390068
:107FA00040F001008DF83900204613F086F80646AF
:107FB00048460FF0AEFA0146BDF92E000222CDE987
:107FC00000060292BDF9303005A8079A17F09AFF13
:107FD000204611F02CFFB4F9161000EBD076B9F959
:107FE000160001EB6601471A484611F020FFB9035D
:107FF00091FBF0F70021204612F01FFF0799B0F91E
:108000000800B1F90810081A00EBD070BDF816107E
:108010004010091A09B2ADF81610E28A794302EB52
:10802000660202EBA1310F1A0021204612F07AFC01
:10803000804620460021122212F06CFE06462046A1
:108040000021132212F066FEA28A06EB08011144F9
:10805000ADF84010ADF8427001E023E01FE0218B45
:10806000081AA0EB0800ADF84400BDF8160038442B
:10807000ADF846009DF8390040F002008DF8390057
:1080800015A8AC68A86048460FF043FA03460020E4
:10809000009010AA07A928460AF0D8FAAC6017B0D9
:1080A000BDE8F08338460DF097F8054610A9204644
:1080B00005F078F868460BF035FB6A4631462046F5
:1080C00013F0D6F910AA694628460BF017FBE6E72D
:1080D0002DE9F043ABB005460DF0B6F8044628464E
:1080E0000DF07AF881460021204612F053FD074634
:1080F0000021204612F09CFD06460021204612F089
:10810000F7FD05460021204612F0DEFCA18AE28A36
:10811000ADF88A20238BADF88C30B4F81AC03944FE
:10812000ADF88810991BADF88C10ACEB000051191C
:10813000ADF88E00ADF88A1006A80BF0F3FA06AA87
:108140004FF40031204613F093F922AA06A94846BD
:108150000BF0D4FA204611F06AFE0546208BA18A66
:10816000411A491C481B06B2606A411C06D0704384
:10817000C11700EB116040F30F2708E0204612F012
:1081800049FB10F0010F01D0374600E000272046E0
:108190000021162212F0BEFDC0B2012801D1F01B51
:1081A00007B2A08A3844ADF800002844ADF80400B6
:1081B000E08AADF80200608BADF806004FF440375E
:1081C0003946204612F0E6FC06463946204612F0B3
:1081D0002FFD80463946204612F08AFD0546394675
:1081E000204612F071FCBDF80010BDF80420891B78
:1081F000ADF8001002EB0801ADF80410BDF8021054
:10820000491BADF80210BDF806100844ADF8060091
:1082100014A80BF087FA14AA3946204613F028F95F
:108220006A4614A948460BF069FA2BB0BDE8F08302
:108230002DE9F04FE1B005460DF006F8044628465A
:108240000CF0CAFF8246826804F1140130A8F8F7E6
:1082500010FE00287ED0DAF808000F9030A8CAF887
:10826000080020460021322212F054FD00B257903F
:108270000021204612F042FD5B900021204612F0C2
:1082800029FC5D900021204612F08AFC5A900021C2
:10829000204612F0D3FC5990208C002609902684A9
:1082A000608C40F00800608422A80BF03BFA4FF489
:1082B000A02522AA2946204613F0DAF832A80AF0AF
:1082C00065FC32AA2946204613F024F80998208438
:1082D000608C002720F008006084204611F048FFE1
:1082E0000146E28A5B981044411A57980844401EA0
:1082F000ADF81600204611F034FF589000212046BA
:1083000012F0D1FA012800D000208346514642A83D
:1083100011F0FAFA4FF4A0204F90EB484390002060
:10832000449014A846903AA84790002089E0E06A5B
:1083300030F91910BDF816005491401C00B2491EC6
:108340000144ADF81200ADF81610BDF9C610884210
:108350007CDC00E07DE0BBF1000F0AD0218B599856
:10836000091A5898091A5798081A401EADF81000B3
:1083700009E0A18A5A9801445898091A5798084464
:10838000401EADF81400002555E000205590A06A6D
:1083900050F8270008B100785590BBF1000F0CD0C1
:1083A000BDF81000401EADF81400216B31F8151017
:1083B000401A401CADF810000BE0BDF81400401C42
:1083C000ADF81000216B31F815100844401EADF8CF
:1083D000140000261DE0A06AB91950F82100E8B188
:1083E0000078C0071AD0206BA919022202EB4101C4
:1083F000405EBBF1000F05D0BDF81010081AADF8B3
:10840000100004E0BDF814100844ADF81400761C08
:10841000B6B2A08C7119401E8142DCDBBDF916009A
:10842000BDF9C210884217DAB819401C87B2A819E2
:1084300080B2401C85B2A08CA842A6D809F10100E8
:1084400080B2E18C814649453FF671AF0F99CAF879
:10845000081061B0BDE8F08FBDF91020ADF82820FC
:10846000BDF91280ADF82A80BDF91410ADF82C10BA
:10847000ADF82E0086469DF8AB00C0F344004307DC
:108480000DD5B4F914C05A9B63449A4207DDBDF977
:10849000A83003EBD373A2EB6302ADF82820820768
:1084A0000DD5B4F916305B9A1A44904507DDBDF935
:1084B000A82002EBD272A8EB6202ADF82A200207D4
:1084C00011D5B4F91830599A9A1A521E91420ADA03
:1084D000BDF9A82002F0010302EBD27203EB6202A5
:1084E0001144ADF82C10C00712D0B4F91A205D98D1
:1084F000101A401E86450BDABDF9A80000F00101F4
:1085000000EBD07001EB600101EB0E00ADF82E0026
:10851000E28E00214A457DD1A08EA8427AD1208CDE
:10852000420602D4820600D52021820701D541F0FF
:108530000201420701D541F00401000701D541F0D5
:108540000801002966D02184608C40F00801618414
:1085500014A80BF0E7F83AA80AF018FB4FF4A0288B
:1085600014AA4146204612F083FF3AAA414620460B
:1085700012F0D0FE09982084608C20F008016184FC
:108580000AA84590A18C42AA09FB015050901A21DB
:1085900020460CF05DFE0AAA14A950460BF0AEF876
:1085A000A06A50F8270000287ED04FF4A02841464A
:1085B000204612F0F5FA0C904146204612F03EFBA0
:1085C00012904146204612F099FB02904146204607
:1085D00012F080FABDF810300C9ABDF812C01A449F
:1085E0000FFA82F8BDF81430129AADF840809A1A4A
:1085F00013B2ADF84430029A01466244ADF842200D
:10860000BDF816200020511AADF846105599C1F357
:10861000400100E018E05E9101B10220A3EB0801E7
:10862000491CBDF9FA2009B20092CDE90110A06AF7
:10863000BDF9FC30329A50F827105CA8083117F0C9
:1086400061FC5E9858B11FE0382222A914A80FF0EF
:10865000E5FE202232A93AA80FF0E0FE90E75498F8
:10866000BDF81210BDF9722100EBD07001EB600370
:1086700002EBD272401000EB6200A3EB62030844ED
:10868000ADF84230ADF8460004AA30A95FA8F8F76B
:10869000F0FB48B15FA90020CAF808100090A06A5A
:1086A00010AA50F8273000E007E03AA950460833F6
:1086B00009F0CCFF30A9CAF8081042AA1B212046B5
:1086C0000CF0C6FDB0E60000F4A102082DE9F74F5A
:1086D0008046044690881188A8B0401A401C00B219
:1086E00000EBD07046108819ADF85C00508830441B
:1086F000ADF85E0020A80AF0DAFA4FF4A02520AA0F
:108700002946404612F056FE1AA809F085FF1AAA1B
:108710002946404612F0ABFD0021404612F05CF9BC
:10872000834602A8299911F0EFF8634803904FF4AB
:10873000003017AF0F900B9704F130002490F9F739
:1087400065F9B2E0256813942079012801D0A0B31F
:10875000A7E0B5F92030E88B18440090D5E9051260
:10876000E0680FF075FDA98B628A00B211448D1983
:10877000814617F003FB10FB05F147F6FF7A91FBEA
:10878000FAF0BDF85E100844ADF89A00484617F0BC
:10879000F1FA10FB05F191FBFAF0BDF85C1008440A
:1087A000ADF89800A08AADF88000208AADF882006C
:1087B0006079FD2802D9584603E017E010FB0BF062
:1087C000000A8DF888000120049020A8089026A8AF
:1087D000CDE90B7002AA1A2140460CF039FD26ABF8
:1087E00020A90B9A29980AF055FA55E02069E0B3C0
:1087F000B5F92030E88B18440090D5E90512E068FF
:108800000FF026FD054625A920690DF0FBFDBDF8FA
:108810005C00A18A421AADF85420BDF85E00E18ADE
:10882000401A2599ADF85600C1F38A235B1E1A44FD
:10883000ADF858204FF0FF3202EB51510844ADF82B
:108840005A006079FD2801D9584602E010FB0BF070
:10885000000A8DF87300A08AADF86C00E08AADF8CC
:108860006E0005EB8500400000E01AE0B0F5616F96
:1088700001DDA0F56160ADF86800022004901AA83F
:10888000099002AA1A2140460CF0E2FC15AA1AA986
:108890002369299809F08CFE02AA1B2140460CF09E
:1088A000D7FC21462498F9F7AEF804007FF44AAFCC
:1088B0002BB0BDE8F08F00006467020830B50546B4
:1088C00091F82A0089B00C4602285FD9E08C002874
:1088D0005CD0114604A807F094F9208DBDF8101063
:1088E000401E091AADF81010BDF81210091AADF8A3
:1088F0001210BDF814100144ADF81410BDF8161094
:108900000844ADF8160004A906A807F07AF9BDF8E6
:108910001810E08CBDF81220091AADF81810BDF837
:108920001C100844ADF81C00BDF81A00E18C401A78
:10893000ADF81A00BDF81E00E18C0844ADF81E0029
:10894000BDF81400BDF81010401ABDF81610401CF8
:10895000891A491C00B209B2B4F90020884200DA31
:108960000146B2EB610F00DD4A10E08CA1781044A3
:1089700003B294F82A00CDE90201A08CADF80400FE
:10898000009204AA06A92846FCF71CFB09B030BDDA
:10899000F8B504460CF058FC064620460CF052FC94
:1089A0000446406BB0F5A02F51D1A06B00250728DD
:1089B00005D22069C570206980F8225012E081B28A
:1089C0004022304607F0D8FE60B12069C5702069AA
:1089D00080F82250122014F005FA00906069BDF86A
:1089E00000108181208F4FF4004281B2304607F0A1
:1089F000C3FE98B121696620C870304616F02AFF80
:108A000000902069BDF800108180304607F0B2FE6A
:108A1000A16B884202D12169B220C870208F4FF427
:108A2000804281B2304607F0A7FE00280FD02169AE
:108A3000FF2081F82200304616F00CFF00902069DC
:108A4000BDF80010C1832169088C401C0884F8BD62
:108A50002DE9F0418CB005460CF0F6FB04462846A3
:108A60000CF0BAFB8046606A0EF053FD00780028D7
:108A70003BD1A06A002838D00078002835D001A862
:108A80000AF084F801AA4FF40021204612F042FCBB
:108A900094F86000000705D59DF8210040F0020021
:108AA0008DF821000021204612F080F807460021B1
:108AB000204612F029F906460021204611F038FF21
:108AC000054604F1140109A807F0DAF8701902B29A
:108AD000781901B209A807F027F90020009009AA27
:108AE00001A94046A36A09F0B1FD0CB0BDE8F081D0
:108AF0007CB50446806961896D468668A08961B14C
:108B0000002865D0814203D12289E3889A427CD330
:108B100002297BD003297AD0AFE010BBE0882189FD
:108B200088421ED2B4F9060017F028F9B4F90410EF
:108B3000B4F90E20891A48432168498801EBE030D6
:108B4000ADF80200E0885A3000B217F017F9A1889A
:108B500010FB01F02168098801EBE030ADF804005A
:108B600040E020680088ADF800002068A1884088B7
:108B70000844ADF80600B4F9060017F0FFF8B4F9A0
:108B80000410B4F90E20891A48432168498801EB82
:108B9000E030ADF80200E0885A3000B217F0EEF88D
:108BA000A18810FB01F021683246098801EBE03012
:108BB000ADF8040069460846F8F75BF930B1A069E2
:108BC0008560D4E9052021690AF098FDA08970BB71
:108BD0002068A18800880844ADF804002068408817
:108BE000ADF80200B4F9080017F0C8F8A18810FB2E
:108BF00001F02168498801EBE030ADF806002089DA
:108C00005A3000B217F0BAF802E015E012E00FE0B7
:108C1000B4F90410B4F90E20891A48432168324689
:108C2000098801EBE030ADF8000069461AE024E065
:108C3000022801D0012820D1206832460088ADF8F2
:108C4000000020684088ADF802002068A1880088F4
:108C50000844ADF804002068A18840880844ADF8B5
:108C6000060029460846F8F704F930B1A069856086
:108C7000D4E9052021690AF041FDA06986607CBD28
:108C80007CB50446806961896D468668A0890129A2
:108C90000CD0012867D0814203D12289E3889A420F
:108CA0007ED300297DD003297CD0B5E0012822D1D4
:108CB000E088218988421ED2B4F9060017F05EF8D8
:108CC000A18810FB01F02168498801EBE030ADF884
:108CD0000600E0885A3000B217F050F8B4F90410DA
:108CE000B4F90E20891A48432168098801EBE03065
:108CF000ADF8040042E02068A1880088401AADF871
:108D0000000020684088ADF80200B4F9060017F0B2
:108D100035F8A18810FB01F02168498801EBE030AB
:108D2000ADF80600E0885A3000B217F027F8B4F921
:108D30000410B4F90E20891A484321683246098884
:108D400001EBE030ADF8040069460846F8F791F809
:108D500030B1A0698560D4E9052021690AF0CEFC14
:108D6000A089012858D120680088401EADF8040071
:108D70002068A18840880844ADF80600B4F90800CE
:108D800016F0FCFFB4F90410B4F90E20891A484318
:108D90002168498801EBE030ADF80200208902E04B
:108DA00018E010E014E05A3000B216F0E7FFA18896
:108DB00010FB01F021683246098801EBE030ADF884
:108DC000000069461DE0022804D0032802D023E0F9
:108DD000022821D12068A18832460088401AADF8C7
:108DE000000020684088ADF8020020680088401E1E
:108DF000ADF804002068A18840880844ADF806005A
:108E000029460846F8F735F830B1A0698560D4E9FD
:108E1000052021690AF072FCA06986607CBD7CB5E2
:108E20000446806961896D468668A08902290CD054
:108E300002287ED0814203D12289E3889A4279D3E5
:108E4000002978D0012977D0D4E002283FD1E088EA
:108E5000218988423BD25A3000B216F08FFFA18898
:108E600010FB01F02168098801EBE030ADF800004B
:108E7000B4F9060016F082FFB4F90410B4F90E201C
:108E8000891A48432168498801EBE030ADF80600B3
:108E9000B4F9080016F072FFA18810FB01F02168F8
:108EA000498801EBE030ADF8020020895A3000B269
:108EB00016F064FFB4F90410B4F90E20891A48437F
:108EC0002168098801EBE030ADF8040066E0206815
:108ED0000088401EADF804002068A1884088401A30
:108EE000ADF80200E0885A3000B216F047FFA188C2
:108EF00010FB01F02168098801EBE030ADF80000BB
:108F0000B4F9060016F03AFFB4F90410B4F90E20D3
:108F1000891A484321683246498801EBE030ADF8B0
:108F2000060069460846F7F7A4FF58B1A0698560B6
:108F300003E00AE03BE034E036E0D4E905202169B3
:108F40000AF0DCFBA089022854D12068A18800889F
:108F5000401AADF8000020684088401EADF80600B9
:108F600020895A3000B216F009FFB4F90410B4F9A0
:108F70000E20891A48432168098801EBE030ADF8DA
:108F80000400B4F9080016F0F9FEA18810FB01F006
:108F90002168498801EBE030ADF8020032466946AD
:108FA0001DE0032803D025E0032800D010BB206873
:108FB000A18832460088401AADF800002068A188D8
:108FC0004088401AADF80200206829460088401EFB
:108FD000ADF8040020684088401EADF80600084641
:108FE000F7F747FF30B1A0698560D4E90520216912
:108FF0000AF084FBA06986607CBD7CB5044680696C
:1090000061896D468668A08903290ED0032867D040
:10901000814203D12289E3889A427ED302297DD0FE
:1090200001297CD002297BD0B1E003281FD1E08840
:10903000218988421BD25A3000B216F09FFEB4F943
:109040000410B4F90E20891A48432168098801EBFD
:10905000E030ADF80000B4F9060016F08FFEA188EC
:1090600010FB01F02168498801EBE03040E0206806
:10907000A18800880844ADF8040020684088401E9C
:10908000ADF80600E0885A3000B216F077FEB4F969
:109090000410B4F90E20891A48432168098801EBAD
:1090A000E030ADF80000B4F9060016F067FEA188C4
:1090B00010FB01F021683246498801EBE030ADF841
:1090C000020069460846F7F7D4FE30B1A069856012
:1090D000D4E9052021690AF011FBA089032856D1A3
:1090E00020680088ADF800002068A1884088401AF8
:1090F000ADF8020020895A3000B216F03FFEA18878
:1091000010FB01F02168098801EBE030ADF80400A4
:10911000B4F9080016F032FE03E016E010E013E0A8
:109120000FE0B4F90410B4F90E20891A48432168FD
:109130003246498801EBE030ADF8060069461BE095
:1091400018B1012801D022E008BB2068324600880F
:10915000ADF800002068A1884088401AADF80200F0
:109160002068A18800880844ADF8040020682946DA
:109170004088401EADF806000846F7F77AFE30B189
:10918000A0698560D4E9052021690AF0B7FAA069D1
:1091900086607CBD70B5A4B00C46054620AA22A905
:1091A00010F0EDFF22A806F086FD20B920A806F0F9
:1091B00082FD00283ED012A9284619F0E2F80128C5
:1091C00038D12146684610F09FFB1B4801900220D1
:1091D000029012A804904FF480300D9022A806F05F
:1091E0006AFD80B122A803906A461A2128460CF035
:1091F0002FF822AA12A920460AF080FA6A461B21FB
:1092000028460CF025F820A806F055FD002811D0BE
:1092100020AE6A461A21284603960CF019F820AAB7
:1092200012A9204603960AF069FA6A461B212846CD
:109230000CF00EF824B070BD5C6002082DE9F04F10
:1092400088468A68B5B0044600F1140125A8F7F7EE
:1092500010FE00287ED0D8F80800309025A9C8F864
:1092600008100021204611F06BFC06460021204624
:1092700011F00EFD2990204610F086FDB4F8841000
:10928000484340F30F2B204610F064FDB4F88610DD
:10929000484340F30F20289004F124002790F8F76A
:1092A000A0FB05460021204611F026FCB4F88410EE
:1092B0004FF4A0294843B4F882100212C1F101030F
:1092C00003FB02B090FBF1F00FFA80FA494620460A
:1092D00011F012FCB4F88410C5F1010248430012E9
:1092E000219002FB00A0B0FBF5F007B2012F00DADD
:1092F00001270021204611F009FB0546204610F009
:109300005DFE301A284400B23190204610F022FF52
:109310002999081A284400B2329012A80AF002FAD9
:1093200012AA4D464946204612F0A2F89DF8570071
:1093300020F007008DF85700FF208DF84B00608B60
:10934000BDF848100844ADF8AE004146684610F03C
:10935000DBFA00E08AE04748019004200D950026E2
:1093600002907BE0ABEB0A017143401E91FBF0F1F0
:1093700031980144A08A0E9608440FFA80F9279884
:10938000F8F744FB66E0287BC0075FD129462046FA
:1093900007F0A4FE7A1E4A4412B2ADF8AC20219B1D
:1093A00001B23B444846ADF8A89003440FFA83F954
:1093B000BDF994309A4249DBBDF9982090424BDCCC
:1093C0002889ADF84C008819B4F88210DDF8A0C0E7
:1093D00090FBF1F201FB12002A7B6968C2F30013D3
:1093E00004EB430200B232F96C3F31F91010B2F9CC
:1093F0000420C91A01FB0CF1D21A91FBF2F1ACEB7B
:1094000001023299E38A11441944ADF8AA1069683F
:1094100031F91010A1F5FE42FF3A17D02AA90391A5
:1094200012A91195049169686A4631F910001090EB
:109430001A2120460BF00CFF2AAA12A940460AF076
:109440005DF96A461B2120460BF002FF294627984A
:10945000F8F7D9FA050096D1761CB6B2B4F88200B6
:10946000B0423FF67FAF3098C8F8080035B0BDE88D
:10947000F08F00002C6202082DE9F04F89468A68BF
:1094800000F11401C1B005460F463CA8F7F7F1FC06
:1094900000287DD03CA9D9F808A0C9F80810B5F873
:1094A0008200022874D30021284611F02FFA0446C6
:1094B0000021284611F044FB06190021284611F02E
:1094C000E7FB0444284610F05FFCB5F884104843DD
:1094D00040F30F200F90284610F03CFCB5F88610A2
:1094E000484340F30F200990284610F067FD0146DD
:1094F000A88A3044401A00B23990284610F02AFE5B
:10950000E98A2144081A00B23A9039463EA8D9F8AF
:109510000820F7F7AEFC00283AD027A809F0C7FBCF
:1095200027AA4FF4A021284611F044FF2AA80AF0E8
:10953000F9F84FF400342AAA2146284611F098FF82
:109540002146284611F0EEFC00EBD0704710214672
:10955000284611F017FA00EBD07041108B46BDF988
:109560009E005F4501DA3A4600E00A4600EBD07102
:10957000B2EB610F05DD9DF8A51041F010018DF8EB
:10958000A510012807D19DF8A50040F0100000E0CB
:1095900086E18DF8A500B5F882100F98814201DBB5
:1095A000012000E000203B9005F124003890F8F7FE
:1095B0002DFA70E1207BC0077ED12089ADF89C0098
:1095C0002089ADF8AC002146284607F087FD00B29F
:1095D0000C903998ADF81800ADF808000C9805907B
:1095E00013906168099B31F91000217BC1F30012CF
:1095F00005EB420131F96C2FB1F90410801A584380
:10960000891A90FBF1F0191A3A980844ADF80A004B
:10961000494614A810F078F9A34815900320169035
:109620004FF4A020219027A81A902AA825941890DA
:10963000BDF90A00039000260790E9E0BDF9081083
:10964000ADF81810BDF80A00ADF81A00BAF90420F8
:10965000781C104481427BDC0F98B5F8822070435F
:10966000531E90FBF3F33998184400B2ADF808008C
:109670000C9B334493FBF2FC02FB1C3212B20592AA
:109680006368DDF824C033F91220237BC3F3001391
:1096900005EB4303B3F96C80B3F97030A2EB080219
:1096A00002FB0CF2A3EB080392FBF3F2ACEB020318
:1096B0003A9A1A4412B200E0E9E0ADF80A20904666
:1096C000BAF90020D21B521E90423FDB002E3DD043
:1096D0003B9AE2B36368139A33F912C047F6FF72FC
:1096E000944533D0DDF814C033F91C3093422DD0AB
:1096F000079B984501DA1A4600E04246039B079211
:10970000984501DD1A4600E04246039281427BD033
:10971000401EADF81800ADF808000798ADF81A2003
:10972000ADF80A00824202D1401CADF80A0002AB3B
:1097300006AA27A9484609F0ADFABDF80800CDF8F9
:109740000C80401CADF80800CDF81C805CE000E007
:1097500063E0BDF81800C11B3844ADF83800BDF80F
:109760001A00ADF83410A0EB0B015844ADF83A00E4
:10977000701E2290ADF836106168139831F9101000
:1097800047F6FF70814201D006A900E000211D913B
:1097900062680599804632F91110414501D002A84E
:1097A00000E000201E900DA817906168139814AA7D
:1097B00031F9100024901A2128460BF049FD606809
:1097C000139930F9112042450AD0059930F911104A
:1097D000414505D002AB06AA27A9484609F05AFA26
:1097E0006FB1BBF1000F0AD06168139831F9101006
:1097F000414504D00DAA2AA9484609F07FFF14AAC2
:109800001B2128460BF024FD0598761CB6B2139058
:10981000B5F88200B0423FF611AF3B98B8BBB5F83F
:109820008200B04233D16168059831F91010A1F57A
:10983000FE40FF382BD0BDF80800761EC11B38440F
:10984000ADF83010ADF83400BDF80A0014AAA0EB52
:109850000B015844ADF8360000201D901E900CA856
:109860001790ADF8321022966168059831F9100012
:1098700024901A2128460BF0EBFC0CAA2AA9484692
:1098800009F03CFF14AA1B2128460BF0E1FC2146FD
:109890003898F8F7B8F804007FF48CAEC9F808A03F
:1098A00041B0BDE8F08F00002C6202082DE9F04FB6
:1098B0008A468A68B9B0054600F1140137A8F7F75F
:1098C000D8FA00287BD0DAF80800349037A9CAF813
:1098D00008100021284611F019F8044600212846F6
:1098E00011F02EF906460021284611F0D1F907465D
:1098F000284610F049FAB5F88410484340F30F2089
:109900003390284610F026FAB5F88610484340F305
:109910000F202490284610F051FBA98A32191144D7
:10992000081A00B22590284610F014FC0146E88A77
:109930003A191044401A00B228902CA809F0B7F93F
:109940002CAA4FF4A021284611F034FD16A809F0E6
:10995000E9FE4FF4003416AA2146284611F088FD8E
:109960002146284611F0DEFA00EBD0704FEA60097C
:109970002146284611F006F800EBD07043109846B7
:10998000BDF9B2004A46C14500DB1A4600EBD07172
:10999000B2EB610F05DD9DF8B91041F010018DF8B3
:1099A000B910012805D19DF8B90040F010008DF8DC
:1099B000B90005F124002A90F8F728F83EE143E1C8
:1099C000207BC0077ED12089ADF8B0002089ADF89A
:1099D0005C002146284607F081FB06B22598ADF8C9
:1099E000D8002996ADF89C006068B34630F81600A0
:1099F0000A282CD0339800902068002330F9167084
:109A0000207BC0F3C00105EB4100B0F97820B0F92C
:109A1000741038460EF01CFC259900230844ADF85C
:109A20009C0024980090606830F91670207BC0F389
:109A3000001105EB4100B0F97020B0F96C10384608
:109A40000EF006FC2499081A2899084402E0804880
:109A5000ADF89C00ADF89E00514602A80FF054FFEF
:109A60004FF4A0200F907B480390032004902CA873
:109A7000089016A80027139406909FE0BDF89C005C
:109A8000ADF8D800BDF89E00ADF8DA002998B5F819
:109A90008220C11991FBF2F002FB101006B260683F
:109AA00030F91600A0F5FE41FF3969D024990091E4
:109AB000217BC1F3001205EB4201B1F97020B1F92D
:109AC0006C1000E0B6E000230EF0C2FB24990023E6
:109AD000081A28990844ADF89E0033980090217B1D
:109AE0002068C1F3C00105EB410130F91600B1F95E
:109AF0007820B1F974100EF0ABFB25990844ADF84D
:109B00009C00EFB3BDF8D800A0EB0901ADF8BC1084
:109B10004844BDF8DA10ADF8C000A1EB0800ADF87C
:109B2000BE0001EB0800ADF8C200781E109061681D
:109B300031F91B10A1F5FE40FF3801D036A900E035
:109B400000210B91616831F91610A1F5FE40FF3834
:109B500001D027A800E000200C902FA80590616894
:109B600002AA31F91B0012901A2128460BF070FB53
:109B7000616847F6FF7031F91B20824216D000E081
:109B800019E031F91610814210D027AB36AA2CA962
:109B9000504609F07FF8B9F1000F07D0B8F1000F77
:109BA00004D02FAA16A9504609F0A8FD02AA1B212D
:109BB00028460BF04DFB7F1CB346BFB2B5F88200C0
:109BC000B8423FF65BAFB5F88200B84232D1606868
:109BD00030F91610A1F5FE40FF382BD0BDF89C00DF
:109BE0007F1EA0EB09014844ADF8C000BDF89E00FF
:109BF000ADF8BC10A0EB08014044ADF8C200002055
:109C0000ADF8BE100B900C902FA8109705906068CF
:109C100002AA1A2130F91600129028460BF018FB00
:109C20002FAA16A9504609F069FD02AA1B21284651
:109C30000BF00EFB21462A98F7F7E5FE04007FF4AF
:109C4000BFAE3499CAF8081039B0BDE8F08F0000F3
:109C500001E0FFFF2C6202082DE9F74FB1F92E0059
:109C6000AAB014460E46002872D096F83610022983
:109C70006ED9012808D1B6F93400002804DC308EF2
:109C800010B9708E0028EFD02088318E4218B08E27
:109C9000151AADF82850A28811440B18ADF82C30D5
:109CA0006088718E0844B18E421AADF82A20E0888F
:109CB000718E0844B18E0144ADF82E10B6F92E0015
:109CC00000EBD070A5EB60056D1EADF84C50012582
:109CD00005EB60001844ADF85000B6F92E0000EB1B
:109CE000D070A2EB6000401EADF84E00B6F92E0019
:109CF00000EBD07005EB60000844ADF8520096F818
:109D000036002990FD2801D9FF2029902A9813A90F
:109D1000826827A8F7F7ADF80028A5D021461DA82E
:109D200005F06FFF4FF0FF38414642461DA805F091
:109D3000EEFFB6F900901DA805F0D1FF04461DA85E
:109D400005F0A7FF84421DA803DA05F0C8FF02E072
:109D5000FEE305F09EFFB9EB600F01DD4FEA6009FD
:109D6000B6F900400AA805F0BAFF05460AA805F0B2
:109D700090FF85420AA802DA05F0B1FF01E005F084
:109D800088FFB4EB600F00DD4410B6F92E00051912
:109D900005FB05F040000EF0A7FA10900146B6F959
:109DA0002E2023460AA819F05DFA13A809F07EF9BF
:109DB000012720B9F078FF2801D3B07860B10027DF
:109DC00001234A461DA920A809F0DCFB002120A898
:109DD00008F08CFF269001E0CDF8988013A805F0DC
:109DE0007EFF0EF081FA83461C2115A80EF0E8FBD9
:109DF000CDF854D0CDF860B0CDF868D0B08DADF8C6
:109E00005C0096F836008DF86C00B0788DF86D0027
:109E1000BDF85000BDF84C20ADF80400811A491C73
:109E200009B201EBD17102EB61010FFA81FABDF8C1
:109E30005220BDF84E10401B521A521C12B202EBB7
:109E4000D27201EB6202401C14B200B26A1EADF87D
:109E50000000ADF80210114409B20992ADF80610E5
:109E60005246504500DC1046ADF80000A14200DB30
:109E700021462A98ADF806106946826806A8F6F7CA
:109E8000F8FFD0B34A461DA906A8F7F71AF8A0BBF9
:109E9000BDF81C00BDF91810BDF91A20401A401C6D
:109EA00000B20890BDF94E301098D21A02FB05009E
:109EB000BDF95020521B891A0844401E059047B135
:109EC0004A461DA906A8F7F76CF810B101200F90BB
:109ED00000E00F970898002827DDBDF81800ADF8BE
:109EE0000000BDF81C00ADF804000220CDF860B001
:109EF0008DF86400BDF91A8013E016E0ADF8028019
:109F00000F98ADF8068070B30598189015A92A9897
:109F100009F0FEFD05982844059008F101000FFAAC
:109F200080F8BDF91E104145E8DABDF85000ADF8E3
:109F30000400401B401C00B2ADF80000BDF85220E8
:109F4000ADF80620511B491C09B2ADF8021052466B
:109F5000504500DC1046ADF80000601C11908142B5
:109F600016DD084615E0FFE72A46584605990EF02B
:109F700055FABDF9181042465846089B09F058F8A2
:109F80008DF864000128C1D102208DF86400BDE77E
:109F9000601CADF802002A986946826806A8F6F7A8
:109FA00068FFD0B34A461DA906A8F6F78AFFA0BBF2
:109FB000BDF81C00BDF91810BDF90620401A401C60
:109FC00000B20890BDF91E301098D21A02FB0500AD
:109FD000BDF95020521B891A0844401E059047B114
:109FE0004A461DA906A8F6F7DCFF10B101200F9024
:109FF00000E00F970898002827DDBDF81800ADF89D
:10A000000000BDF81C00ADF804000220CDF860B0DF
:10A010008DF86400BDF91E8013E016E0ADF80280F3
:10A020000F98ADF80680B0B30598189015A92A9836
:10A0300009F06EFD059828440590A8F101000FFA7B
:10A0400080F8BDF91A104145E8DDBDF84C000999CA
:10A050002844ADF80000BDF85000401BADF80400E6
:10A06000BDF84E00ADF80200084400B2ADF806009D
:10A07000A04200DB2046ADF806002A9869468268B7
:10A0800006A8F6F7F6FEB0B34A461DA906A8F6F7ED
:10A0900018FFA8B17CE0FFE72A46584605990EF064
:10A0A000BDF9BDF9181042465846089B08F0C0FF9C
:10A0B0008DF864000128B9D102208DF86400B5E75D
:10A0C000BDF81C00BDF81810BDF90220401A401C54
:10A0D00000B20890BDF91A101098891A01FB05000A
:10A0E00005904FB14A461DA906A8F6F75AFF18B1C8
:10A0F00001200F9001E04BE00F970898002847DD02
:10A100000F9860B100201890BDF81800ADF800005D
:10A11000BDF81C00ADF80400BDF91A0033E0CDF81D
:10A1200060B0F1E7ADF802800F98ADF8068060B13D
:10A130002998FF280598007804D096F8361010FB6F
:10A1400001F0000A8DF86C0013E00598089A017878
:10A1500058460EF003FABDF9181042465846089BBF
:10A1600008F066FF8DF86400012802D102208DF806
:10A17000640015A92A9809F0CBFC0598284405909D
:10A1800008F1010000B2BDF91E1080464145C9DA50
:10A1900096F836008DF86C00BDF84C002844ADF8F8
:10A1A0000000BDF85000BDF85210401BADF804008F
:10A1B000481B401CADF8061000B21199ADF8020022
:10A1C000884200DC601CADF802002A98694682686B
:10A1D00006A8F6F74EFE78B34A461DA906A8F6F77C
:10A1E00070FE48BBBDF81C00BDF81810BDF91E205C
:10A1F000401A401C00B20890BDF906101098891A48
:10A2000001FB050005900898002851DD3FB14A4642
:10A210001DA906A8F6F7C5FE0020189001E0CDF8AC
:10A2200060B0BDF81800ADF80000BDF81C00ADF836
:10A230000400BDF91E0036E03AE000BFADF8028030
:10A24000ADF806808FB14A461DA906A8F6F7A9FE0B
:10A250002998FF280598007804D096F8361010FB4E
:10A2600001F0000A8DF86C0013E00598089A017857
:10A2700058460EF073F9BDF9181042465846089B2F
:10A2800008F0D6FE8DF86400012802D102208DF876
:10A29000640015A92A9809F03BFC0598284405900C
:10A2A000A8F1010000B2BDF91A1080464145C5DD94
:10A2B00096F836008DF86C00BDF85000ADF804003B
:10A2C000411BBDF84E00491C0AB22844ADF80020DD
:10A2D00000B2ADF80200BDF85210119B491B09B243
:10A2E000ADF80610984200DB601CADF80200A142F8
:10A2F00000DC2146ADF806105046524500DC02460F
:10A300002A98ADF800206946826806A8F6F7B1FDE4
:10A31000B8B34A464E461DA906A8F6F7D2FD80BB43
:10A32000BDF81C00BDF91810099A401A401C00B273
:10A330000890109802FB0500BDF95020521B891AA5
:10A340000844401E0590EFB132461DA906A8F6F755
:10A3500028FE10B14FF0010800E0B84605981890AB
:10A360000898002836DDBDF81800ADF80000BDF8EB
:10A370001C00ADF8040002208DF86400BDF91A60DD
:10A3800024E027E0B8465846E9E700BFADF8026090
:10A39000ADF80660B8F1000F12D15846089A059939
:10A3A0000EF03CF8BDF9181032465846089B08F0EC
:10A3B0003FFE8DF86400012802D102208DF8640070
:10A3C00015A92A9809F0A4FB761C36B2BDF91E0027
:10A3D000B042DBDA0022109817E000BF00EB050E58
:10A3E000AEF10101002305EBD57608E090F800C03E
:10A3F00091F8008000F8018B01F801C95B1CB3EBF8
:10A40000660FF3DB521C704612B2AA42E6DBBDF8BF
:10A410004C000999ADF80000084401B2BDF84E00A7
:10A42000119B284400B2ADF80200BDF85220ADF8EF
:10A430000410521B12B2ADF80620984200DB601CDB
:10A44000ADF80200A24200DC2246AAF10100ADF8FC
:10A4500006200C90814200DB01462A98ADF80410DA
:10A460006946826806A8F6F704FDA8B34A464E4638
:10A470001DA906A8F6F725FD70BBBDF81C00BDF9A7
:10A480001810099A401A401C00B20890109802FB5C
:10A490000500BDF90020891A08440590EFB1324645
:10A4A0001DA906A8F6F77DFD10B14FF0010800E0E8
:10A4B000B846059818900898002835DDBDF81800B2
:10A4C000ADF80000BDF81C00ADF8040002208DF8C6
:10A4D0006400BDF91A6023E026E0B8465846E9E773
:10A4E000ADF80260ADF80660B8F1000F12D1584621
:10A4F000089A05990DF092FFBDF91810324658469A
:10A50000089B08F095FD8DF86400012802D1022017
:10A510008DF8640015A92A9809F0FAFA761C36B26B
:10A52000BDF91E00B042DBDABDF84C000999ADF868
:10A5300000000844BDF84E10099AADF8021011440D
:10A5400000B2ADF8040009B2ADF806100C9A00E0B4
:10A550005AE1904201DBAAF10100ADF80400A142EA
:10A5600000DB21462A98ADF806106946826806A8E5
:10A57000F6F77FFCC0B34A461DA906A8F6F7A1FC72
:10A5800090BBBDF81C00BDF91810BDF91A20401A87
:10A59000401C00B20890BDF902301098D21A02FB9C
:10A5A0000500BDF90020891A01EB000847B14A46B1
:10A5B0001DA906A8F6F7F5FC10B101200F9000E0E8
:10A5C0000F970898CDF860B0002822DDBDF818007C
:10A5D000ADF80000BDF81C00ADF8040002208DF8B5
:10A5E0006400BDF91A6010E013E000BFADF802602E
:10A5F0000F98ADF80660C8B3CDF8608015A92A9809
:10A6000009F086FA761CA84436B2BDF91E00B042A5
:10A61000ECDABDF84C00ADF800000999BDF8522005
:10A62000084401B2501BADF80410401CADF80620E0
:10A6300000B2119AADF80200904200DC601CADF847
:10A6400002000C98814201DBAAF101012A98ADF8C1
:10A6500004106946826806A8F6F70BFCC8B34A46A0
:10A660001DA906A8F6F72DFCA8B15AE0FFE72A4677
:10A67000414658460DF0D2FEBDF9181032465846F4
:10A68000089B08F0D5FC8DF864000128B6D10220A3
:10A690008DF86400B2E7BDF81C00BDF91810BDF9D3
:10A6A0000620401A401C0FFA80FABDF91E3010989F
:10A6B000D21A02FB0500BDF90020891A0E184FB10D
:10A6C0004A461DA906A8F6F76CFC18B14FF0010820
:10A6D00001E026E0B846CDF860B0BAF1000F20DD09
:10A6E000BDF81800ADF80000BDF81C00ADF804007E
:10A6F00002208DF86400BDF91E400EE0ADF8024066
:10A70000ADF80640B8F1000F2FD0189615A92A9879
:10A7100009F0FEF9641E2E4424B2BDF91A00A042CD
:10A72000ECDDBDF84C0069462844ADF80000BDF8EA
:10A730005000401BADF80400BDF84E00CDF860B0ED
:10A740002844ADF80200BDF85200401BADF80600E9
:10A750002A98826806A8F6F78CFBE8B34A461DA93A
:10A7600006A8F6F7AEFBA0B141E02A4631465846AE
:10A770000DF054FEBDF9181053462246584608F015
:10A7800057FC8DF864000128C0D102208DF86400C8
:10A79000BCE7BDF91C10BDF918000A1A521C15B20D
:10A7A000002D24DDADF80410ADF80000BDF91A400D
:10A7B00019E000BFADF80240ADF806402946584602
:10A7C0000DF02CFFBDF918102B462246584608F014
:10A7D0002FFC8DF8640000E009E015A92A9809F023
:10A7E00097F9641C24B2BDF91E00A042E2DA2FB929
:10A7F00020A808F03FFC269808F070FF10980DF094
:10A80000BFFD58460DF0BCFD2DB0BDE8F08F000037
:10A810002DE9F74FD8B0589848909088B2F90010B9
:10A820005488401A401C03B2D08803EBD373001B3A
:10A83000401C00B25D1000EBD070B5EB600F00DB88
:10A8400045104819ADF80C0050882844ADF80E00AA
:10A850002EA808F02CFA4FF4C0242EAA21465898AE
:10A8600010F0A8FD9DF8C10040F010008DF8C10067
:10A8700024A808F08BF924AA2146589810F04AFD24
:10A8800004A859990FF040F8D74805900320069086
:10A890002EA811940A90489824301A90F7F7B6F829
:10A8A0009BE11594A189A088691A0FFA81FBBDF874
:10A8B0000C10281A0A1AADF82421BDF80E20014404
:10A8C000131AADF828111044ADF82631ADF82A015D
:10A8D00047F6FF760123324649A942A808F052FE06
:10A8E000BDF80C200123A2EB0B00ADF8FC00BDF875
:10A8F0000E00A0EB0B01ADF8FE10ABF101010A4414
:10A90000ADF800210844ADF8020132463FA937A84E
:10A9100008F038FEBDF80C20BDF80E10501BADF845
:10A920002C01481BADF82E01681E0244ADF8302101
:10A930000844ADF83201002332464BA931A808F093
:10A9400021FE002131A808F0D1F92C90608908B1CE
:10A95000401E01E04FF6FF708046002729E100BF4E
:10A96000618908F101084FF0000A414502D1D04643
:10A970004FF0010AA0690090628800213846521EFB
:10A9800063690DF065FC81461490BAF1000F04D0A4
:10A99000A06800904F90E08903E0206800904F90FD
:10A9A000E08800B250901D90489830301790F7F72B
:10A9B0002DF83FE03079022838D1B168494535DCBF
:10A9C000F2684A4532DB338A1D98184400B21D9064
:10A9D000708AB38A984203D1708AADF8000025E0EE
:10A9E000B07D4FF00003C0074FF0FF0000904846D5
:10A9F00001D1D4E905120DF02BFCC0B2728A001D02
:10AA0000C30890B2B18A40EA0042784889B241EA6C
:10AA1000014102400140891A594302EB51110140A2
:10AA200041EA1140ADF8000080B20090314617981D
:10AA3000F6F7E9FF0600BDD1E18B07EB8700400088
:10AA400041436088401E91FBF0F0B4F92010822D44
:10AA500001EB810100EB4106BDF80000ADF8B80044
:10AA60001D98ADF8BA00BDF90C10284601DA822213
:10AA700000E0024650190844ADF84401BDF80E004C
:10AA8000ADF8460103AB4FF48072314651A812F085
:10AA9000C1F903A80D9051A80E9024A8129709900F
:10AAA000BAF1000F61D02C9808F018FE218A03AB90
:10AAB000ABEB0100BDF80C104FF480720844ADF808
:10AAC0006C00BDF80E00ADF86E0031461BA812F008
:10AAD000A1F9202224A91CA80DF0A0FC1CA8099013
:10AAE0004B4643A2102153A813F01CF953A80F9012
:10AAF00004AA1A2158980AF0ABFBBDF982004FF066
:10AB0000000941F6FF728DE80502BDF9843052A8B4
:10AB10001C9A0F9915F0F6F9BDF94801BDF86C10B3
:10AB200000EBD072A1EB6203BDF94A11BDF86E20B3
:10AB300001EBD1761844A2EB6602ADF86000501824
:10AB4000ADF85C30ADF86200ADF85E20CDF8009055
:10AB500017AA0F9B0999599807F078FD002131A891
:10AB600008F0C4F82C9037A808E0002009900F9056
:10AB700004AA1A2158980AF06BFB42A8002108F099
:10AB8000B5F8064603AB51AA2EA9599808F082F8E9
:10AB9000304608F0A3FD04AA162158980AF058FB85
:10ABA000BDF83C01ADF8B80050987F1CADF8BA0074
:10ABB000BFB26088B8423FF6D3AE42A808F05AFA56
:10ABC00037A808F057FA31A808F054FA2C9808F082
:10ABD00085FD21461A98F6F716FF04007FF461AE52
:10ABE0005BB0BDE8F08F0000646702081FF8E00763
:10ABF000256400002DE9F74FB4B092460546114692
:10AC000002F030FB04468068C0F30E07012F7DD9A7
:10AC1000000404D4208810B96088002876D06068C9
:10AC20007F1EC0F30E40474370D0002128460FF02E
:10AC300087FF0646002128460FF068FE0644284696
:10AC40000FF0A2F8B5F88410484340F30F2806A887
:10AC500007F09CFF06AA4FF4C021284610F05AFBCB
:10AC600028460FF0ABF9A98A3144081A0FFA80F987
:10AC70002089BAF1020F4FEA004007D000284BDAD2
:10AC80004FF4C021284610F003F846E0002805DA0A
:10AC90004FF4C02128460FF0EDFE00E0002083466F
:10ACA000688B401C06B235988068B0F90610B14236
:10ACB0002CDB0699B4F90020B0F90200B1F90810B4
:10ACC000114406EB0B02114481421FDB28A807F058
:10ACD000EEFF28AA4FF4C021284610F06BFB00209D
:10ACE000ADF8A600ADF8A4000FA835990EF00CFE43
:10ACF0008E4810900620119002201D904FF4C02025
:10AD00001C9006A8149028A8159000E00AE1BAF15A
:10AD1000020F07D0012006E000208346E88A401E8B
:10AD200006B2D3E70020269095F8880000F00700CF
:10AD3000022819D1002128460FF0DEFEB5F8841054
:10AD4000B5F882204843001208EB000191FBF2F1B4
:10AD500009B2081A00EBD07209EB6201A8EB0000FF
:10AD60000FFA81F90FFA80F8ADF886600026D6E078
:10AD700060684FF0000AC0F30E40B6FBF0F100FB34
:10AD8000116008B94FF0010ABDF9A210A8EB01004B
:10AD90007043B0FBF7F101EB0900ADF88400ADF8AA
:10ADA0000C00BDF98610269848B1BAF1000F02D008
:10ADB000B4F9000001E0B4F90200081A08E0BAF1A1
:10ADC000000F02D0B4F9000001E0B4F90200084419
:10ADD000ADF80E0021A8189003A8199095F88800E6
:10ADE00000F00700032848D06068C0F30E40B6FBAF
:10ADF000F0F31F93BAF1000F68D02089000465D5E5
:10AE00004BA2102130A812F08DFF06A8149030A894
:10AE10001A9010201B900FAA1A2128460AF018FA3F
:10AE2000BDF92A104FF0000A41F6FF728DE80604C2
:10AE3000BDF92C3025A8069A1A9915F063F8BDF9CA
:10AE40009410BDF80C0001EBD172A0EB620100EB95
:10AE5000620002B209B2BDF80E302698ADF88C102F
:10AE6000ADF89020C0B1A3EB0B00BDF89630ADF863
:10AE70009200C01AADF88E0017E026983A4605EB0E
:10AE80004001B1F978000090B1F9743000213046EA
:10AE90000DF0DEF90346ACE703EB0B00BDF896308E
:10AEA000ADF88E001844ADF89200B5F91400824256
:10AEB00015DBB5F91800814211DCCDF800A023AAFA
:10AEC00006A91A9B359807F0C1FB08E000201490F2
:10AED0001A901B900FAA1A2128460AF0B9F9BDF959
:10AEE000A200BDF9841000EBD07001EB6002B5F94F
:10AEF00014108A420DDBBDF90C10A1EB6000B5F90E
:10AF00001810884205DC03AB21AA28A9359807F060
:10AF1000C1FE0FAA1B2128460AF09AF9761CBE42F0
:10AF20007FF626AF37B0BDE8F08F00002C62020834
:10AF3000256400002DE9F74FB8B09046044611464D
:10AF400002F090F905468068010404D4298811B9FB
:10AF5000698800296FD0C0F30E06012E6BD968688E
:10AF6000761EC0F30E40464365D05FEA080000D06D
:10AF700001201D90002120460FF0C8FC81460021D1
:10AF800020460FF085FE074620460EF0E3FEB4F89B
:10AF90008610484340F30F202D9020460FF0DAF83A
:10AFA000024607EB0900E38A4FF4C0271844801AD1
:10AFB00000B23290B8F1000F394620460DD00FF0A4
:10AFC0000DFE2190B4F91800B5F900A0B5F9029072
:10AFD0008346B8F1010F06D00DE00FF0B1FD2190CE
:10AFE000B4F91400F0E7CAF100000FFA80FAC9F1D1
:10AFF00000000FFA80F919A807F059FE19AA39467E
:10B00000204610F0D7F923A807F0C0FD23AA39463F
:10B01000204610F07FF903A839990EF075FC7248AC
:10B0200004900620059019A8CDE91078099023A86E
:10B0300008900027D2E0D4E0BDF966102D98401AA0
:10B040007843B0FBF6F13298B8F1000F0844ADF840
:10B050005600ADF85E005846ADF854B069D0401CBB
:10B06000ADF85400002002906868C0F30E40B7FBB2
:10B07000F0F100FB1170002874D0BDF85410A1EB62
:10B08000090000BFADF85C0015A80C9017A81D9929
:10B090000D9004EB41003246B0F970100091B0F908
:10B0A0006C30F01B00210DF0D3F80346139002988A
:10B0B000F0B32889000468D54CA2102133A812F0FF
:10B0C00031FE23A8089033A80E9010200F9003AAF9
:10B0D0001A2120460AF0BCF8BDF99E00002241F674
:10B0E000FF718DE80700BDF9A0302BA8239A0E99B7
:10B0F00014F008FFBDF9AE10BDF85E0001EBD17190
:10B10000A0EB610200EB61001D9912B2002900B2B0
:10B11000BDF85C10ADF87E20ADF8820029D0219BEF
:10B120000B44ADF87C30BDF8AC300B44219901E004
:10B130002BE015E001EB0301ADF88010B4F9161017
:10B1400088422BDBB4F91A00824227DC00200090F1
:10B150001FAA23A90E9B399807F078FA1EE001E098
:10B16000401E7DE70120BDF854100290A1EB0A00BB
:10B1700088E7BDF8AC30A1EB030C219BACEB0303DB
:10B18000ADF87C30219BC91AD6E7002008900E90BC
:10B190000F9003AA1A2120460AF05AF8BDF966005A
:10B1A000BDF9561000EBD07001EB6002B4F9161037
:10B1B0008A420DDBBDF95E10A1EB6001B4F91A0003
:10B1C000814205DC17AB15AA19A9399807F062FD71
:10B1D00003AA1B2120460AF03BF87F1CB7427FF6EA
:10B1E0002BAF3BB0BDE8F08F2C6202082564000055
:10B1F0002DE9FF5F0C46934680462021DDF838A0FC
:10B200000FF0A4FF002878D0BAF1030F40461DD0FC
:10B210000EF099FF81460BF0C3FB002705463E4622
:10B22000BAF1030F3946404613D00FF01FFD824696
:10B23000002140460FF00CFC4946B9F1010F5DD0EA
:10B24000022963D0B9F1030F66D13BE00EF074FF21
:10B25000E0E70FF063FC8246002140460FF0ACFCB3
:10B260004946B9F1010F1ED0022924D0B9F1030FCC
:10B2700052D1B8F81820B8F81410521A521C13B250
:10B28000A3EB0A02101A00EBD0720AEB620008442A
:10B2900007B2298BA88A091A491C09B201EBD1719E
:10B2A00000EB610027E0B8F81410B5F9146001EB69
:10B2B0000A0007B230E0B8F81810B5F91860081A9B
:10B2C00007B229E0B8F81A20B8F81610521A521C22
:10B2D00013B2A3EB0A02101A00EBD0720AEB620061
:10B2E000084407B2688BE98A401A401C00B200EBA0
:10B2F000D07001EB600006B20EE02FE0B8F8161037
:10B30000B5F9166001EB0A0007B205E0B8F81A10AB
:10B31000B5F91A60081A07B2A01E039900B20029F5
:10B3200010DAB9F1000F15D0BE4221DC12E0002C7A
:10B3300001DDA41C24B2E01704EB9070801004B06F
:10B34000BDE8F09FBBF1000F12DAB9F1000F01D098
:10B35000BE420DDB002CEADA0446E8E70398E0423F
:10B3600002D50398404204B2BBEB040000D55C4612
:10B370002046E4E770B504460BF002FB48B10068D4
:10B3800082680AB1217A9047207E810742D4C007A3
:10B390007BD1002160680EF035FD002518E0017AB0
:10B3A000CA0910D0802904D0227A21F0800191426C
:10B3B00009D14168E160016820468847207E810705
:10B3C00028D4C00761D16D1C294660680EF01AFDB3
:10B3D00018B101680029F6D0E1E7214600200EF0FF
:10B3E0003FFC050053D0002160680EF00BFD0026E5
:10B3F00019E0016891B1017A0A060FD411B1227ADD
:10B4000091420BD14168E160016820468847207E67
:10B41000810701D5012070BDC00736D1761C3146A9
:10B4200060680EF0EFFC10B1012DE2D02FE0012D8D
:10B430002DD16068416851B3217E490727D4217A14
:10B44000232919D0242917D0A9030FF07FFEF0B1CA
:10B45000207A11381C280FD2DFE800F019191919C9
:10B46000191919191919190E0E190E0E1919191978
:10B470000E0E0E0E19190E196068406860602046A5
:10B48000FFF778FF0546012801D0002070BD28464F
:10B4900070BD704730B484690346204630BC00223A
:10B4A00001490DF08BBB0000991F020830B4C46C39
:10B4B0000346204630BC002201490DF07FBB00004E
:10B4C000D11E0208F0B5DDE9054539B3060AB70714
:10B4D00002D51F462B463D46770702D527462C4608
:10B4E0003D4616F0060F4FEAC6771BD017B11F4630
:10B4F00023463C462270CC43E4B212FB04F4240AF7
:10B500002C70C0B2F40710D011FB00F06FEA1020CD
:10B51000C0B212FB00F0000A1870F0BD2A70227051
:10B520001A70F0BD002FE2D0E4E720B14042C0B273
:10B5300010FB01F0EAE70802E8E700002DE9FF4F01
:10B540008A880B8889B0D21A521C17B2CA884988D7
:10B550000446511ADDE916B8491C19980FFA81F909
:10B56000012813D0022813D0032843D1434E00BF33
:10B570005FEA08000ED0002006902088ADF8140085
:10B5800098F80000FD2838D35A4639E03C4EEFE7E2
:10B590003C4EEDE72088ADF80000ADF808005A46B3
:10B5A00000990C98B0470590002020E0002517E096
:10B5B000BDF8080034F8151088420BD004EB4500A4
:10B5C0005A460088ADF81400ADF8080005990C98AB
:10B5D000B047059004EB4500BDF8141001806D1CC8
:10B5E000BD42E5DB0B9804EB400408F10100804606
:10B5F0004845DBDB0DB0BDE8F08F00FB0BF0020A25
:10B6000005990C98B0470890002033E0002528E009
:10B6100018F8050020B30699884205D1BDF814102A
:10B6200034F81520914216D0FD2801D35A4602E085
:10B6300000FB0BF0020A04EB45000088ADF818008F
:10B6400006990C98B047089018F80500069034F851
:10B650001500ADF8140004EB4500BDF82010018082
:10B660006D1CBD42D4DB0B98189904EB4004884450
:10B670000AF1010082464845C8DBBBE7E14100080A
:10B680006D410008474200082DE9FF4F04468888B5
:10B690000A8883B0801A401C05B2C8884988DDE951
:10B6A00010A6401A401C0FFA80F976B1BDF81800B8
:10B6B000BAF1FD0F00EB004000907CD3A5F1040827
:10B6C0004FF0000BBDF818A037E1BAF1FD0F0FD312
:10B6D000002608E02A462046069905F061FF0598F5
:10B6E000761C04EB40044E45F4DB07B0BDE8F08F58
:10B6F000BDF80010002060F3040189B260F34A1124
:10B7000089B260F3CF21ADF8001088B20090BDF887
:10B710000000009001465246069806F083F801901A
:10B720000AF10400C0080699C006000E89B2CA0AD0
:10B7300012FB00F262F30F06C1F3451212FB00F296
:10B7400062F31F4601F01F0111FB00F161F30F07C7
:10B75000BA46C0F1FF0100224DE0002045E000BFE5
:10B76000BDF8007034F810309F4238D004EB40032D
:10B77000B7B21B88ADF80030ADF808309BB24FEA85
:10B78000D32C1CFB017707EBC71C0CEBC737BDF8AC
:10B790000480C7F3C45767F3CF28370CC3F3451CA5
:10B7A0001CFB017707EBC71C0CEBC737C7F3C5576A
:10B7B00067F34A1800E0C7E01FFA8AF703F01F0397
:10B7C00013FB017303EBC31707EBC333C3F3C4537A
:10B7D00063F30408ADF804801FFA88F3019304EBC7
:10B7E0004003BDF804701F80401CA842B8DB0598D8
:10B7F000521C04EB40044A45AFDB76E7002710E01B
:10B800003278FF2A12D02088ADF8040001990698FA
:10B8100006F008F80190BDF804002080A41C761CF6
:10B820007F1CAF425EDAB007EAD15BE0A4F800A06B
:10B83000F4E73068411C44D0F0B33278FF2A54D08A
:10B840002088ADF804000199069805F0EBFF0190FF
:10B85000BDF80400A4F8000016F8012FA41CFF2A6C
:10B8600046D02088ADF804000199069805F0DAFF6B
:10B870000190BDF80400208016F8012FA41CFF2AB7
:10B8800039D02088ADF804000199069805F0CAFF68
:10B890000190BDF80400208016F8012FA41CFF2A97
:10B8A0002CD02088ADF804000199069805F0BAFF65
:10B8B0000190BDF8040000E011E02080A41C761C7B
:10B8C0000FE0A00707D0A4F800A0022000990151C2
:10B8D000A4F806A003E00098206000986060083497
:10B8E000361D3F1D4745A4DD1CE0A4F800A0B3E7CA
:10B8F000A4F800A0C0E7A4F800A0CDE7A4F800A039
:10B90000DCE73278FF2A1CD02088ADF804000199CA
:10B91000069805F087FF0190BDF804002080A41C64
:10B92000761C7F1CAF42ECDB05980BF1010B401B32
:10B9300004EB40041298401B0644CB45FFF65EAF73
:10B94000D3E6A4F800A0EAE700222188ADF80010B1
:10B950009346104633E0002727E0307818B3904232
:10B9600005D0FF282FD000FB0AF31B0A9B4690420C
:10B9700003D134F81700814210D0BBF1FF0F24D05F
:10B9800004EB47005A460088ADF80000009906987D
:10B9900005F048FF0090327834F8171004EB4700A8
:10B9A000BDF800300380761C7F1CAF42D5DB0598C4
:10B9B00004EB40041298401B064408F10100804645
:10B9C0004845C8DB91E65346D0E70698E2E7000019
:10B9D0002DE9FF4F83B00C46DDF84480F6F7C2FA3C
:10B9E000BDF818A08146B8F1000F0CD0A0882188BE
:10B9F000401A401C07B2E0886188401A401C0FFAC8
:10BA000080FB002641E0B4F9026017E0B4F9005071
:10BA10000FFA86F80DE010980290ADF804A0CDF86A
:10BA20000080D9F800002BB2059AC7690399B8477E
:10BA30006D1CB4F90400A842EDDA761CB4F90600D6
:10BA4000B042E3DA07B0BDE8F08F002518E000BF90
:10BA500018F8050098B11099ADF804A04843000A01
:10BA6000029060880399304400B200902088059AC3
:10BA7000284403B2D9F80000D0F81CC0E0476D1C80
:10BA8000BD42E5DB1298761C80445E45DDDBD9E7DC
:10BA900000680968884201D1012070470020704782
:10BAA00040680A6820F04040904200D208600020C0
:10BAB00070472DE9F04F4FF0000991B00446CB4696
:10BAC0000AF05EFF0068CA46007E0290D4F8248027
:10BAD000CDF81CA0208BA18A08442083608BE18ACA
:10BAE00008446083DDE000274FF4807546460A97DE
:10BAF0000FE0002130460FF0DFF9384407B2002193
:10BB000030460FF0F7F945432D1230460EF0D0F9CC
:10BB10000646002EEDD1A069019017B9B5F5807FDA
:10BB200009D0784201B24FF4803090FBF5F20AABB5
:10BB300001A811F06FF9BDF90410002900DC494299
:10BB4000BDF90600002800DC404281424FF00100B0
:10BB500001DD824600E00790102140460FF0F6FA22
:10BB600000287ED0079D57462E464046CDF800A0BF
:10BB70000EF0FCF9C10700D10027810701D4002194
:10BB80000091410700D40025000700D4002640465C
:10BB90000EF0E0FA0F9040460EF096F90E904046F7
:10BBA0000EF00CFA0D9040460EF068FA0F9900293D
:10BBB00002DC0E9900290FDD25B1BDF9062002999E
:10BBC0008A4206DA46B10299BDF9062049428A4204
:10BBD00002DCC1464FF00C0B0D99002901DC002856
:10BBE00010DD27B1BDF9042002998A4207DA0099D5
:10BBF00041B10299BDF9042049428A4202DCC146A2
:10BC00004FF0030B0F99002900DC00250E99002945
:10BC100000DC00260D99002900DC0027002801DC4B
:10BC20000020009027B1BDF904100298814214DA77
:10BC3000009828B10298BDF90410404281420CDD01
:10BC400025B1BDF906100298814206DA4EB102987C
:10BC5000BDF90610404281420EDCBAF1000F03D05C
:10BC600000E009E0032100E00C2194F8400061F3BA
:10BC7000030084F8400018E04FF4807140460FF054
:10BC800065FA3AEA000010D14FF4007140460FF017
:10BC90005DFA01460798884307D140460EF008F93F
:10BCA0008046B8F1000F7FF41EAFB9F1000F0AD043
:10BCB00094F8401000206BF3030184F84010C4F89E
:10BCC0002C902083608311B04846BDE8F08F0000BF
:10BCD0002DE9FF4F83B08B4682460EF02DFA060009
:10BCE00012D041F6FF784446002150460EF016FF70
:10BCF0000090002150460EF05FFF019050460DF07D
:10BD0000D7FF074600255FE0002007B0BDE8F08FB1
:10BD1000DAF808003149006850F8250081460FF034
:10BD20001CFAE8BB4FF4805148460FF00FFAB8B345
:10BD3000012E04D0022E08D0032E44D11AE0B9F906
:10BD40001400BAF81420009932E0BAF818200199CA
:10BD5000B9F91800511A069A09B2104400B25845B0
:10BD600031DB059A90422EDC401A00B2002821DD1A
:10BD7000014620E0B9F81820B9F81410BAF81830C4
:10BD8000501A401C00B200EBD070BAF8142001EB3E
:10BD90006000991A491C0BB2009900B25B1A00E0CE
:10BDA00011E00199591A01EBD173009901EB63017C
:10BDB0001144D0E74142002C01DD224600E06242FE
:10BDC000914200DA04466D1CBD42A1D3444501D125
:10BDD000002000E0604200B297E70000010004008C
:10BDE0002DE9FF4F83B08B4682460EF0ACF906007A
:10BDF00012D041F6FF784446002150460EF036FF3F
:10BE00000090002150460EF023FE019050460DF0A8
:10BE10004FFF074600255FE0002007B0BDE8F08F28
:10BE2000DAF808003149006850F8250081460FF023
:10BE300094F9E8BB4FF4805148460FF087F9B8B346
:10BE4000012E04D0022E08D0032E44D11AE0B9F9F5
:10BE50001600BAF81620009932E0BAF81A200199B3
:10BE6000B9F91A00511A069A09B2104400B258459D
:10BE700031DB059A90422EDC401A00B2002821DD09
:10BE8000014620E0B9F81A20B9F81610BAF81A30AD
:10BE9000501A401C00B200EBD070BAF8162001EB2B
:10BEA0006000991A491C0BB2009900B25B1A00E0BD
:10BEB00011E00199591A01EBD173009901EB63016B
:10BEC0001144D0E74142002C01DD224600E06242ED
:10BED000914200DA04466D1CBD42A1D3444501D114
:10BEE000002000E0604200B297E70000010004007B
:10BEF0002DE9FF4F83B00E46DDE910B4174600214F
:10BF000003980FF003F80546002103980EF02EFD6C
:10BF10000146F07882070BD5C30742F2D17202D0F6
:10BF2000954202D006E0914206D120F00200F07066
:10BF3000C00701D07B4800E07B488146F078C0070D
:10BF400012D079484FF0000AA4F802A0A4F804A087
:10BF5000C4F810A0A4F800A0C4F808A0C4F80CA06D
:10BF6000804639460197A9E06E48EBE70198B84250
:10BF700006D04FF4000128460FF0E8F800286FD1F2
:10BF80006A4928460FF0E9F800286AD100212846BE
:10BF90000EF0DCFC029070B32069401C2061A28886
:10BFA00002EB0B01A180217DC9076DD000EB800061
:10BFB00080000CF099F90090E0B1E16851B120697E
:10BFC000401E00EB8000820000980CF027FAE06829
:10BFD0000CF0D6F9206900EB8001009800EB81009D
:10BFE0004FF0000140F8145CF078C007284603D0F9
:10BFF000022202E0FEE735E005220EF08BFE216909
:10C0000000B201EB8102009901EB820121F8100CD2
:10C01000F0784FF00001C007284601D0032200E06D
:10C0200006220EF077FE216900B201EB8102009931
:10C0300001EB820121F80E0C2069029900EB8002CD
:10C04000009800EB820040F8081C206900EB800299
:10C05000009800EB820040F804AC0098E06013E028
:10C0600032E020E02846494688470146F0788007BC
:10C0700005D5B4F9040042180698824224DCA2884F
:10C0800001EB0B001044A08028464146884701463A
:10C09000B4F90000814202DD2846414688472080ED
:10C0A000A068401CA060F078400702D54FF0FF3038
:10C0B00000E0012001994118019105D403980DF089
:10C0C000E5FD051E7FF452AFB4F90400002802DD3F
:10C0D000A0EB0B00A080206908B1069801E0B4F93C
:10C0E00004006080CDB10198B84216D1039901AA2D
:10C0F0008968096851F82050F078C0F380010398EE
:10C1000000F080FE4DB128464146884720802846F1
:10C110004946884760800120A060019807B0BDE8CB
:10C12000F08F0000BBB001082F9E0108010006003F
:10C130002DE9F04FB14D93B0044600216A880EF00E
:10C14000E9FD9DF81710421C62F30001820862F3BA
:10C150004101C00860F382018DF8171020460021CC
:10C16000AA880EF0D7FD8DF8140020460021EA8839
:10C170000EF0D0FD8DF81500204600212A890EF022
:10C18000C9FD8DF81600002120460EF074FB012831
:10C1900000D0002081469DF817004FF00001C00735
:10C1A00020460CD00EF050FD82469DF817004FF04F
:10C1B0000001C007204605D00EF092FC04E00EF00E
:10C1C0008FFCF1E70EF040FD07909DF81700C007C7
:10C1D000204602D00DF0D8FD01E00DF0BBFD069029
:10C1E0002046002132220EF095FD05462046002112
:10C1F00010220EF08FFDE18A2844461820460DF0EB
:10C20000B7FF301AADF820002046002112220EF0B0
:10C2100081FDA18A2844451820460DF0A2FF281A66
:10C22000ADF840009DF817009DF81660C00701D0DA
:10C2300008AD00E010AD002120460EF067FE119021
:10C24000002120460EF092FB83469DF81700C1079F
:10C2500008D0ABF51C52D13A02D1618C490509D501
:10C26000C10708D1119AA2F51C51D13903D1618CB3
:10C27000090500D40026B9F1000F08D0C00706D187
:10C2800016B1012E02D002E0012600E000260027B0
:10C29000ADF83C70B8468EB39DF81700400703D543
:10C2A000A0684268521E15E0002213E000200E90A4
:10C2B00009A90798CDE9000105A92046069BFFF7CB
:10C2C00017FE0246BDF8241007EB0A00084407B227
:10C2D00008F10108A0684068904201DD002AE5DA13
:10C2E000B8F1000F02D0A7EB0A0007B29DF81700C3
:10C2F000C007204603D00DF02DFD02E00BE00DF04D
:10C3000043FD0FA9CDE9005101460FFA88F33A46E3
:10C31000304614F056FD9DF81700410703D5A1687B
:10C320004E68761E00E00026B9F1000F04D0C00769
:10C3300002D128883844288009AFA0684068B042FC
:10C3400049DD002E47DB01200E900798CDE900075C
:10C35000324605A92046069BFFF7CAFD8046B9F183
:10C36000000F08D09DF81700C00704D12888BDF839
:10C370002410401A2880DDE90601BDF9202002AB17
:10C38000019283E88300BDF94000009043463246A5
:10C3900005A92046F7F75AFB46460C980BF0F0FF2C
:10C3A00000200C90B9F1000F03D09DF81700C007D2
:10C3B0000AD02888BDF82410BDF83C20014402EBC7
:10C3C0000A0008442880B8E7BDF83C20298802EB21
:10C3D0000A00081AF6E7119942F2D170814201D0A1
:10C3E000834502D120460FF0E1FC00222B2120469C
:10C3F00008F02EFF13B0BDE8F08F000054000020BD
:10C400002DE9F74F0546007F93464FF0000AC0071D
:10C4100060D14FF00108EC680026C1467CB9287F46
:10C42000C0F3C000401E304254D1B9F1000F51D0CA
:10C430000199284688474FF000080446C1460EB9C6
:10C44000261E47D0B8F1000F06D0214628465A468E
:10C4500090470446B0423DD04FF00108002CDED09A
:10C4600020680EF0D7F90006D8D427681FE0012114
:10C4700038460EF06BFEB0B12FB1012138460EF0F8
:10C4800065FE0028CAD1E868A04223D0B0B1284692
:10C4900000F0E2FA0246E8680F21006808F0D8FED2
:10C4A000012817D106E038460DF002FD0746002F9F
:10C4B000DDD1E8E7E86800680FF036F92846EC605F
:10C4C00000F0CAFA0246E8680E21006808F0C0FED3
:10C4D000012802D05046BDE8FE8FE86800680FF0E2
:10C4E00023F9296909B1284688470120F3E770B587
:10C4F000426B818C12F0060F06D0C2F34102022A71
:10C5000004D0012A05D022E0008D00E0C08C084450
:10C510001CE0B0F92C50468DAAB2B24202D202F50C
:10C52000B47215B2B0F92830C48C9AB2A24202D2C9
:10C5300002F5B47003B2701900EBD0704010844261
:10C5400001DA601802E0834203DD501881B208B2BC
:10C5500070BD0844FAE700002DE9F34F8FB005469F
:10C5600069460DF02BFC28460EF0A7FD0B902846DF
:10C570000DF05DFC0A90002128460EF0F9FA0790B4
:10C58000002128460EF042FB0746002128460EF007
:10C5900097FB0446002128460EF084FA83460021CA
:10C5A00028460EF05DFB0646002128460EF0AAFA4A
:10C5B00006F0010106EBD67201EB620100F0010208
:10C5C00000EBD07002EB6000491C401C09B200B2C5
:10C5D0000D2900DB0D218A460D2800DB0D20814648
:10C5E0000D2F00DB0D27B8460D2C00DB0D24264651
:10C5F0005846BBF10D0F01DA074600E00D27002475
:10C600006BE0A86A00EBC40108A803F01EFBBDF9AB
:10C6100020000799884213DCBDF900200D2900DBBA
:10C620000D21511A00EB0100ADF82000BDF92200E8
:10C63000B04233DCBDF902100D2E07DA324606E0B7
:10C64000BDF80020A2EB09010844EDE70D22891A8C
:10C6500000EB01000B99ADF82200BDF92400A1EB1D
:10C660000801891E424688421EDBBDF90010B8F160
:10C670000D0F0144104600DB0D2008440A99ADF867
:10C680002400BDF92600C91B891E88421DDBBDF9A7
:10C6900002100D2F08440DDA39460CE0BDF80220D7
:10C6A000A2EB0A010844D5E7BDF80010014401EBF4
:10C6B0000900E3E70D210844ADF82600002208A890
:10C6C0001099F4F7BEFC58B905E0BDF8021001441A
:10C6D00001EB0A00F0E7641CA4B2288EA04290D8B7
:10C6E000288EA04201D14FF6FF7411B02046BDE85C
:10C6F000F08F10F00F0000D101207047B0F90C004E
:10C70000032101EB400020F00300103070472DE9B9
:10C71000F0474FF0000805461C4616460F46A3F8A2
:10C720000080404606E0296B228831F81010401C3A
:10C7300011442180B042F6D3002128460EF0B3F810
:10C740000128284615D00DF00CFD2188081A2080FC
:10C75000002128460EF024FA218808442080296B05
:10C7600031F816100844401EA080A4F80280002072
:10C770001FE00DF0F6FC21880844208028460EF0CA
:10C780009CFC8146002128460EF058FA228801467A
:10C79000A9EB0200401AA080296B31F81610401A4C
:10C7A0002080E2E7E96A628831F81010401C1144E9
:10C7B0006180B842F6D3002128460EF09FFA6188C6
:10C7C0000844608028460DF0D3FC6188081A608018
:10C7D000E96A31F817100844401EE080BDE8F08790
:10C7E0002DE9F05F89469346824600210EF0B4F9A8
:10C7F0000546002150460EF0FDF9804600215046C6
:10C800000EF052FA0446002150460EF03FF906465B
:10C8100050460EF052FC411BA1EB080750460DF0AC
:10C8200006FB001B801B8742504605DA0EF045FCD4
:10C83000411BA1EB080003E00DF0F9FA001B801B7F
:10C8400000EBD07040F34F00BAF8141042191144B5
:10C85000A9F80010BAF8161002191144A9F802102C
:10C86000BBF1000F01D0ABF80000BDE8F09F000065
:10C87000024A002152880EF04DBA000060000020EC
:10C88000034A10B5002152890EF044FAC0B210BD1F
:10C8900060000020034A10B5002192890EF03AFA98
:10C8A000C0B210BD60000020032901D2012300E0C6
:10C8B0000023C01A03EB430301EB8301891EC1EB84
:10C8C00041110C23B1FBF3F111446422B0FBF2F2ED
:10C8D000014401EB9001891A4FF4C872B0FBF2F0E9
:10C8E00008440721B0FBF1F201FB1200C0B270470F
:10C8F0002DE9FC470F0023D00569686928B101685C
:10C90000B94202D14068BDE8FC87698A00224FF035
:10C91000040CC1F308040CE0AE6802EB820356F885
:10C9200023100CEB8303F35A791A8B420AD2521C60
:10C9300092B29442F0D818B107606969002048604B
:10C940000020E0E702EB82041222A86802EB8402D6
:10C950000026825C4FF00609022A0CD04FF00C0A28
:10C960006AB1DFF8A8C008234FF01008032A0FD0DF
:10C97000012A26D043E009EB8402805A06E00AEB44
:10C98000840209EB84038258C05A515C461836E091
:10C99000ADF8041008EB8401CDF800C003EB840867
:10C9A000425A50F80810022301A8F5F72FFC30B3C3
:10C9B000A96851F80820801A09EB84024010895AAE
:10C9C0001CE0ADF8041008EB8401CDF800C003EBC7
:10C9D0008408425A50F80810022301A8F5F716FC03
:10C9E00068B1A96809EB840351F80820801A0AEBA2
:10C9F000840240108A58C95A32F810000E1868692B
:10CA000010B107606869466030467CE7415D020806
:10CA10002DE9F0410D46044600F01EF9071E19D01D
:10CA2000F88A00212D1A38460EF001FA06890021F5
:10CA300038460EF023FA00EBD07105EB610130446B
:10CA400009B200B291FBF0F0A18E80B2814201D810
:10CA5000491E88B2BDE8F0812DE9F0410026074665
:10CA60003546304610E000BF09F0CBFF616DB9429A
:10CA700009D1022802D0042803D003E02046BDE8F3
:10CA8000F08126462546204609F080FF0400EBD1C0
:10CA90000EB13046F3E70DB12846F0E7BDE8F041AE
:10CAA000002009F073BF00007CB503690069002510
:10CAB0005B8AC4689E04A3682BD4980F17D001200A
:10CAC000B0EB937F31D101EB02402668019018480A
:10CAD0000090A068042320F04042314601A8F5F7F9
:10CAE00095FB10B3801B801061680D561DE001EBB3
:10CAF00002202668ADF804000E4823F04042009062
:10CB00000223314601A8F5F781FB70B1801B40106C
:10CB1000EAE76068405C995C38B131B1637B2268B8
:10CB2000401E10FB0320491E455628467CBD0000D0
:10CB3000BBE90008CFE900082DE9F84F0C4606468E
:10CB4000002120460DF07FFE00EBD07045084FF429
:10CB50004037394620460DF0F9FF824639462046D7
:10CB60000EF042F80090394620460EF097F88346C2
:10CB7000394620460DF084FF0146A08A228D0244EA
:10CB8000531BA3EB0A0060F30F08E08A638D034494
:10CB900000985C1B201A60F31F4805EB0B00104443
:10CBA00060F30F096818184460F31F49C6F8008045
:10CBB000C6F80490BDE8F88F2DE9FF4F81B00E460E
:10CBC0001D4617464FF4003101980DF042FE00EB70
:10CBD000D07044103F1B0198FFF789FC81465A3002
:10CBE00000B213F0CBF810FB07F04FEAE0384846EC
:10CBF00013F0C4F810FB07F0C7134FF4403949464F
:10CC000001980DF0A9FF8346494601980DF0F2FF07
:10CC10000090494601980EF047F88246494601982F
:10CC20000DF034FF328820444244A2EB0B01091B73
:10CC3000298032880099424421441144A980718896
:10CC4000CA19A2EB0A01091B69807188394408449A
:10CC5000E88005B0BDE8F08F406A002802D00021CE
:10CC60000DF014B8704700210DF010B82DE9F04117
:10CC700005460F46698C00200426C1F30513EA68B7
:10CC80000FE000BF06EBC00414595FEAC41C07D5CF
:10CC900024F07F44BC4203D152F83000BDE8F0815B
:10CCA000401C8342EED84FF0806000EBB1204FEA89
:10CCB000B0506884C0F30510C10010460BF096FB1D
:10CCC000E860C0B3688CC0F30514641E16D06FF022
:10CCD00003025300E86802EBC40141585FEAC11C3B
:10CCE0000CD489010AD403EBC40C00EBC4018444C6
:10CCF000641EDCE9000CC1E9000CEBD1E8680821F6
:10CD000000EBC4000BF05CFC08200BF0BFFAE968F4
:10CD100041F8340011F007FBEA6806EBC400115833
:10CD200041F080711150EA6867F317011150E8680B
:10CD300050F83400B2E7FFE7FEE700002DE9FC41C0
:10CD40000068C068C068B0FBF1F4944200DD14468E
:10CD5000154F78680068806920B30020ADF80000A6
:10CD6000ADF80400ADF8020025B2681E06B2ADF8B9
:10CD7000066078686946006882699047BDF80600D9
:10CD8000BDF80210401A401C00B2A04202DD351E60
:10CD9000EBDC01E0002D02DC0020BDE8FC81BDF9E8
:10CDA0000640641C2046F8E738000020491E01D5E3
:10CDB000401E0C310C2901DB401C0C3901290DD01F
:10CDC000072091FBF0F200FB121000EBD07121F074
:10CDD0000101401AC0F11F00C0B2704781070CD199
:10CDE0006421B0FBF1F201FB120149B94FF4C871A3
:10CDF000B0FBF1F201FB120010B100201C30EBE798
:10CE00000120FBE7136821B15B1E13600BD480681F
:10CE100005E05B1C1360806841688B4203DA0068A0
:10CE200050F823007047002070472DE9F84315465D
:10CE30000E46044609F0A4FD09F0E3FD01280AD0DE
:10CE4000032808D04FF6FF7005B1288006B1308066
:10CE50000020BDE8F88309F093FD694609F0A6FDBE
:10CE60004FF0000875B320460DF07BF9BDF80010B7
:10CE7000084407B2002120460DF015FD01280CD012
:10CE8000A08A00213F1A20460DF08AFE381A02B20D
:10CE900040460021A5F8008010E0002120460DF05A
:10CEA000CDFE218B081AC01BF1E7236B33F810303D
:10CEB000194409B28A4205DB401C2880A38C80B249
:10CEC0009842F2D3FEB120460DF052F9BDF802109F
:10CED0000844E18A451A002120460DF00FFF281A68
:10CEE00002B240460021A6F8008008E0E36A33F869
:10CEF0001030194409B28A4205DB401C3080E38CB3
:10CF000080B29842F2D30120A3E72DE9FF4F83B00E
:10CF100005461F460598F5F72CF801460120884084
:10CF2000B5F8209000F0FF086FEA090080B2019088
:10CF300095F822004FF0FF36C0F3C00A00244FF0EE
:10CF4000040B1FE0E96801EBC4004268920140D580
:10CF5000BAF1000F15D10BEBC4028958049AC1F342
:10CF60000741090491420CD10068817911EA080F48
:10CF700007D06A46059911F031F9012830D002280E
:10CF800031D0641C688CC0F30510A042DAD820E0D0
:10CF9000E96851F83400827912EA080F18D00BEBD7
:10CFA000C4028A58C2F307411FFA82FA049A09049C
:10CFB00091420DD1019A1AEA020F09D1B24507DD5B
:10CFC0006A46059911F00AF901280FD002280AD003
:10CFD000641C688CC0F30510A042D9D8002E0EDB6B
:10CFE00000983860012007B0BDE8F08F5046CA4570
:10CFF000F6D05645ECDA064600983860E8E700209F
:10D00000F1E72DE9F047814642F30006C0F15A00EE
:10D010001D460F46540800B2761C12F0AFFEA7EB77
:10D02000040800FB08F0C711484612F0A7FE00FBF9
:10D0300008F0C011002F06DD7F3F39120A1B324471
:10D040002A80214405E07F3739120A1B21442A80B7
:10D05000891BA980002806DD7F380012011B31449E
:10D060006980204405E07F300012011B2044698064
:10D07000801BE880BDE8F087024A0021D2880DF0CD
:10D0800049BE0000600000202DE9FF4F85B0074633
:10D090000798DDE9153200891A4410440FFA80FA26
:10D0A0000492B88C484384B2A14600255CE0BA6A79
:10D0B00052F82410A1B33B6B00264FF0020E33F957
:10D0C00015B0401E18E000BF04EB060C52F82CC04F
:10D0D000BCF1000F14D09CF800C05FEACC7C0FD0EC
:10D0E00005EB06080EEB480C33F80C80761C08EBB9
:10D0F0000B0C0FFA8CFBB6B206EB050C8445E3DB98
:10D10000087880070DD507981599B0F908000144F3
:10D11000169808445146504500DC08460FFA80FA3C
:10D120001EE0DDE913020244ABEB020000B2129AEA
:10D13000CDE9002000230293DDE9072303A808318D
:10D1400012F0E0FEBDF90E10049808445146504517
:10D1500000DC08460FFA80FAA01984B2A81985B23B
:10D16000641C6D1CA4B2ADB2B88C00EB0901A142E5
:10D170009DD809B05046BDE8F08F0000034A10B5B5
:10D180000021128A0DF0C6FDC0B210BD6000002063
:10D19000034A10B50021528A0DF0BCFDC0B210BD8B
:10D1A000600000202DE9FC410C46064600210DF0F0
:10D1B00044FE05464FF4802130460DF03EFEB5F9A1
:10D1C0000870B0F90850002130460DF063FEE919EF
:10D1D00001EBD17100EB610005B230460CF027FE87
:10D1E000F18A00EBD07001EB600005EBD571A0EB8C
:10D1F000610060802844E080694630460CF0DEFD26
:10D20000BDF800002080BDF80400A080BDE8FC81CE
:10D210002DE9FF410646FFF726FD040020D04FF41C
:10D220008027394630460DF008FE05463046582224
:10D2300039460DF06FFD06B220460AF06AF9014644
:10D24000002041F6FF72CDE90002029033462A46E3
:10D2500003A812F057FEBDF90C0004B0BDE8F08140
:10D260000020FAE739B1012909D0022905D00429A3
:10D2700007D0002070473C3070474830704754302A
:10D2800070476030704700002DE9F04104460D46BC
:10D29000668C00200423C6F30511E2680BE000BF92
:10D2A00003EBC007D7595FEA871C03D527F07F47F8
:10D2B000AF4202D0401C8142F2D8814203D002EB3F
:10D2C000C000BDE8F0814FF0806000EBB6204FEA6F
:10D2D000B0506084C0F30510C10010460BF086F812
:10D2E000E060608CC0F30510401E0DD06FF00702A7
:10D2F000E16802EBC00601EBC0030E44401ED6E914
:10D300000016C3E90016F3D10821E0680BF058F9C4
:10D3100008200AF0BBFFE168086011F004F8E1683A
:10D32000486840F000704860E16865F317004860A5
:10D33000E068C6E738B50C480D46144690F8200062
:10D340004FF00201C0074FF0120002D00FF018FD9D
:10D3500001E00FF02DFD2246294604F097FA0090D7
:10D36000BDF8000038BD0000101700202DE9F0477F
:10D370004FF0000CDDE90964089DDDF82CA0E146C2
:10D380006F1E09BB052A03D0062A01D0042A02D148
:10D390000023012D01D0002109E001225FF00001EE
:10D3A0009C4436F81180491CC4440FFA8CFCA942F5
:10D3B000F6D3ACEB030109B2072A2AD2DFE802F068
:10D3C00004070B2921160D00A4F8009021E0411A52
:10D3D00001EBD17112E0411A11E0411A09B23AB2DF
:10D3E00091FBF2F1A4F800900BB212E0411A09B2DD
:10D3F0002AB291FBF2F10BB203EBD37149102180F9
:10D4000007E0411A0AB2691C09B292FBF1F10BB2B2
:10D41000238000210BE000BF34F8112036F811C042
:10D42000624404EB410C1A44ACF80220491CB94296
:10D43000F2D304EB450106EB450231F8021C32F849
:10D44000022C11442288891A0AB2BAF1000F0CD0BA
:10D45000002108E034F8113036F81170C31ADB1BD4
:10D4600024F81130491CA942F4D31046BDE8F087D6
:10D4700070B58AB00446FFF7FBF905462046FFF772
:10D48000FBFD002D5CD000285AD069462046F5F7F8
:10D49000A3FF0C2107A80BF093F8204600213222AD
:10D4A0000DF038FC05462046002112220DF032FC1A
:10D4B00046192046002110220DF02CFC0544204680
:10D4C0000CF04FFEA18A3144081AADF82400204622
:10D4D0000CF04EFEE18A2944081AADF8260000251A
:10D4E00007E0006807AA694650F8250001F0E0F857
:10D4F0006D1CA0684168A942F3D800980AF040FF6B
:10D5000001980AF03DFF02980AF03AFF03980AF0EA
:10D5100037FF002120460DF0FFFC05460021204684
:10D520000DF02AFA42F2D1718D4201D0884202D127
:10D5300020460EF03BFC00222B21204607F088FEFF
:10D540000AB070BD0021A0F13002092A01D8D1B281
:10D5500016E0612801D32038C0B2413806280FD226
:10D56000DFE800F0030507090B0D0A2108E00B2195
:10D5700006E00C2104E00D2102E00E2100E00F2165
:10D58000084670472DE9F0470446406A4FF4404191
:10D5900002F0F4FD94F92E10A08D0122FFF784F91A
:10D5A0000546206B18B300264FF002084FF0030920
:10D5B000AF1D4FF4004A17E0206BA28D30F8261003
:10D5C00091420FD108EB8601415694F92E209142E9
:10D5D00008D109EB860140565246384481B2606A50
:10D5E00003F0D6F8761CB6B2A08EB042E4D8A08D77
:10D5F000218D884211D194F92E1094F92A0081428C
:10D600000BD194F92B00AD1D284481B2606ABDE8AE
:10D61000F0474FF4804203F0BBB8BDE8F0872DE936
:10D62000F0410446806D0D4600282BD0A9680222E7
:10D6300030F9217002EB8101465EA87B01280AD1F6
:10D64000B4F91000B84203D1B4F91200B04202D0CC
:10D65000201D00F0BFFC201D00F06CFD002811D142
:10D6600027816681A87B012804F104000CD000F01A
:10D67000B1FC201D00F05EFD002803D1208920822E
:10D6800060896082BDE8F08100F0B2FBF1E7000044
:10D6900070B5254C0546042160680DF057FD002843
:10D6A00028D0296B6068814224D00CF0BBFB064671
:10D6B000286B08B10CF0B6FB86421CD11EB1606825
:10D6C00008F0EEF90FE0286B40B10F21A26807F0D7
:10D6D000BFFD284600F02EFD00280BD1D4E9010241
:10D6E0000E2107F0B5FD284600F024FD002801D1E9
:10D6F0006068286370BD78B12B6B53B1A26888B1A4
:10D700001021184607F0A4FD284600F013FD00285C
:10D71000F0D1002EE2D0D2E7286B0028F9D00F21FB
:10D72000A268EFE70F21ECE7180000202DE9F04791
:10D730000D460446897B40794FF0000801292AD024
:10D74000010708D520F0080121F00101C4F8488044
:10D75000617184F80880277AA87B20726868E0608D
:10D76000D4F854905FEA09007ED008F003FABF4E67
:10D770000028706078D0A87B08B1A5F80C804846D6
:10D7800008F0F8F9706000286ED0A97B012905D057
:10D7900000296AD00EE1000766D4DCE717B1012F3B
:10D7A00036D007E112F074F8A06469680A2906D03F
:10D7B000142917D0132918D01B291AD024E0706817
:10D7C0000DF0EFFF20B9102170680DF0BFFC08B11B
:10D7D000012700E00027484608F0C6F98743D9D161
:10D7E00001216AE0A889401E01E0A889401CA881A7
:10D7F000E0E01B21484608F027FA201D00F09AFCC3
:10D80000002831D1202158E0484608F01DFA58E0A0
:10D810006079C0073ED1A06C12F034F82168898B82
:10D820008842607934D940F00100607112F030F81C
:10D83000E06468680A281CD170680DF0B2FF20B956
:10D84000102170680DF082FCB8B1484608F099F9D3
:10D8500001280ED9484608F087F980F001014846B2
:10D8600008F003FA202101E090E030E070680BF04E
:10D870002DFE607940F001009BE0D6E90102052110
:10D8800007F0E6FC201D00F055FC00287ED1F0E7F3
:10D89000C0071BD0E06C11F0F5FF2168C98B8842EE
:10D8A00014D911F0F5FFE06469680A2904D014293D
:10D8B00098D01329A8D198E70621D6E9010207F0EC
:10D8C000C7FC201D00F036FC00285FD172E0012F5C
:10D8D00070D169680A2967D10DF063FF20B9102162
:10D8E00070680DF033FCA8B3484608F03DF90028F5
:10D8F00060794FEAC07052D020B1484608F041F933
:10D90000012847D8D6E90102082107F0A1FC201D13
:10D9100000F010FC00286FD1D6E90102042107F0C5
:10D9200097FC201D00F006FC002865D1D6E9010215
:10D93000072107F08DFC201D00F0FCFB00285BD1C7
:10D940000A21484608F080F9201D00F0F3FB00286A
:10D9500052D129E0FFE7D6E90102082107F078FC5F
:10D96000201D00F0E7FB002846D16079C00704D1F4
:10D97000D6E90102042107F06BFC201D00F0DAFB60
:10D98000002839D1D6E90102072100E034E007F090
:10D990005FFCD9E7202170680BF098FD04E018B90E
:10D9A0000121484608F061F9C4F84880607920F008
:10D9B00001006071C6F80480A88900281CD0484680
:10D9C00008F0D2F80028B5F90C0029D0002815DAA3
:10D9D0004FF000060BE000BF4FF01401484608F07E
:10D9E00033F9201D00F0A6FB002805D1761CB5F9FF
:10D9F0000C004042B042EFDCBDE8F087FCDD0026C1
:10DA000009E01321484608F01FF9201D00F092FBA1
:10DA10000028F1D1761CB5F90C00B042F1DCEBE73F
:10DA2000002811DA4FF0000608E0484608F080F8B8
:10DA3000201D00F07FFB0028DED1761CB5F90C001C
:10DA40004042B042F1DCD7E7D6DD002608E0484688
:10DA500008F010F8201D00F06DFB0028CCD1761CDA
:10DA6000B5F90C00B042F2DCC6E700001800002057
:10DA700070B50446C06A002870D194F84100C00710
:10DA80006CD14FF40046656A03E028460CF010FAAA
:10DA90000546002D62D0314628460DF057FB002880
:10DAA000F3D1B4F91400002801DD014600E0414241
:10DAB0002B4A926813689B7E994209DAB4F91610D2
:10DAC000002900DC4942994202DA0021A187E1875E
:10DAD000A18F084400B2A087E18FE38A002819448F
:10DAE00009B2E18701DD034600E043421668F67E95
:10DAF000B34206DC002901DD0B4600E04B42B34295
:10DB00002CDD012384F84130002801DD034600E0CC
:10DB10004342002901DD0E4600E04E42B34209DDDA
:10DB2000002894F8400020F0F00001DD20300AE0E9
:10DB3000103008E094F84000002920F0F00001DDEA
:10DB4000803000E0403084F840000C21284607F087
:10DB50007FFB2046BDE8704000F0ECBA70BD0000CD
:10DB6000180000202DE9F0470E460446897B4079D5
:10DB70004FF00008012923D0010708D520F0080143
:10DB800021F00101C4F84880617184F80880D4F85C
:10DB900054905FEA09007CD007F0ECFF664D002846
:10DBA000686076D080210DF0DDFA0746E168706884
:10DBB000E060207AB27B2272B27B012A03D003E0BC
:10DBC000000766D4E3E708B1AFB3B0E011F060FE40
:10DBD000A0647168092903D00B2909D087B1A6E098
:10DBE0000021484608F041F8484607F043FF56E058
:10DBF0000021484608F039F8484607F099FF4EE002
:10DC00000A2902D01B290BD016E00A21484608F049
:10DC10001BF8201D00F08EFA00283AD1012137E0D0
:10DC20001B21484608F010F8201D00F083FA002858
:10DC30007FD120212CE003E0484608F005F82EE0D3
:10DC4000012A01D032B372E0012870D170680A282D
:10DC500009D1D5E90102022107F0FAFA201D00F0EE
:10DC600069FA002865D16079C00720D1A06C11F055
:10DC700009FE2168898B8842607916D940F001003D
:10DC8000607170680A2852D111F002FE0521E0642B
:10DC900001E04EE01FE0D5E9010207F0D9FA201DAE
:10DCA00000F048FA002844D141E0C0073FD0E06CC2
:10DCB00011F0E8FD2168C98B884238D911F0E8FDE0
:10DCC000E06471680A2904D0092989D00B29B3D1ED
:10DCD0008EE70621DCE7012829D171600A2920D1CD
:10DCE000D5E90102082107F0B3FA201D00F022FA5D
:10DCF00000281ED16079C00709D1D5E901020421AD
:10DD000007F0A6FA201D00F015FA002811D1D5E978
:10DD10000102072107F09CFA201D00F00BFA0028F1
:10DD200007D1C4F84880607920F001006071C5F81F
:10DD30000480BDE8F08700001800002070B504469C
:10DD400000680D4609880069A1826988E18202683D
:10DD5000117CC1F30111022901D003290AD11188D4
:10DD60002A88891A491E298001686A884988891A7F
:10DD7000491E69800168097CC1F30111012901D0A4
:10DD8000032907D169882A886A8000684088401A78
:10DD9000401E28802068006904F090F9206800691E
:10DDA00004F0D2F9206D78B1B4F91020B5F9001063
:10DDB0008A4205D1B4F91220B5F902309A4203D053
:10DDC000B5F902200EF058FD28882081688860810E
:10DDD0002079012804F1040006D000F0FBF8208926
:10DDE00020826089608270BD00F002F8F7E70000D1
:10DDF0002DE9F041764D0446406A68606178090774
:10DE00007DD4A968002609680F6930B1E16A39BB81
:10DE10004FF400510DF09AF910BB384604F064F944
:10DE2000211D08F0CAFE686070B9384604F064F934
:10DE3000211D08F0C2FE686030B9384604F06EF962
:10DE4000211D08F0BAFE6860A06A48B1A683E68387
:10DE50002046F3F730FC204600F06CF900284ED144
:10DE6000606A696888423CD0A188A181E188E1812B
:10DE700040B10321AA6807F0EBF9204600F05AF9F7
:10DE800000283CD168686062A06250B311F000FDC8
:10DE900060646078012120F0010060702683668351
:10DEA00094F8400020F0FF0084F8400084F84160BE
:10DEB000A687E687A682E682D5E9010207F0C8F9BF
:10DEC000204600F037F900287FD1A868417909077A
:10DED0007BD4001DFFF7DCFB204600F02BF9002867
:10DEE00073D1A088A189401A00B2A082E188E2899A
:10DEF000891A09B2E182B4F91C20104400E064E000
:10DF000000EBD0704010A083B4F91E00084400EB71
:10DF1000D0704010E083E06920626868002854D027
:10DF20000221AA6807F094F9204600F003F90028BE
:10DF30004BD1A8684079000747D42046F3F704FB8B
:10DF4000204600F0F7F800283FD12046FFF790FD6B
:10DF5000204600F0EFF8002837D1E06A002834D1DD
:10DF60006078C0071DD1606C11F08CFCAA68116844
:10DF7000898B88420FD90521686807F069F9204626
:10DF800000F0D8F8002820D1607840F001006070DF
:10DF900011F07EFCA064E06A002816D16078C0070A
:10DFA00013D0A06C11F06EFCAA681168C98B88426E
:10DFB0000BD90621686807F04BF9204600F0BAF843
:10DFC000002802D111F064FCA064BDE8F0810000DB
:10DFD000180000202DE9F84304464078444E00071D
:10DFE0004FF0000511D5606A0321B26807F030F9DF
:10DFF000204600F09FF8002877D16562A56265642D
:10E00000A564607820F008006070606A7060D4F8E1
:10E010002C8000285ED00821B26807F019F920464C
:10E0200000F088F8002860D1B8F1000F16D16078B0
:10E03000C00709D1D6E90102042107F009F92046F9
:10E0400000F078F8002850D1D6E90102072107F046
:10E05000FFF8204600F06EF8002846D1656265643E
:10E06000A564B8F1000040D04FF4807900950027F6
:10E070004E46054600216E220CF04CFE384407B295
:10E08000284600216D220CF045FE00B2C11700EBBE
:10E090001160001210FB06F006B228460BF008FFD4
:10E0A0000500E7D10FB94E4514D0784205B24FF4C0
:10E0B000803090FBF6F006B26B463246294604F1FA
:10E0C0001C000EF0A7FE6B463246294604F12000E4
:10E0D0000EF0A0FEB8F1000F07D02046F3F7EBFAE0
:10E0E0002046BDE8F84300F025B8BDE8F8830000FD
:10E0F000180000204279910718D500218162C16281
:10E1000001638164C1648183C18390F8443022F04B
:10E11000030223F00F0380F8443001844184A0F807
:10E120004010A0F842104271014841607047000061
:10E13000180000204078810702D5034A0021516071
:10E14000C0F3400070470000180000202DE9F041A6
:10E15000044690F82A00C00738D0A08C0721B0FBF5
:10E16000F1F0E18CB1FBF0F200FB121200EB400188
:10E170000A4492B2B2FBF0F300FB13200844E2849D
:10E180002085002120460CF058FE0546002120463F
:10E190000CF080FE0746B5F9085020460BF0DAFD7A
:10E1A00006462046FEF75FFD0246E18CE819414332
:10E1B00006EBD67005EBD573BDE8F0414010A0EB3F
:10E1C0006300401A01B210460EF076BDBDE8F08142
:10E1D0002DE9F843C56A0446802128460CF0B6FFB5
:10E1E0004D4FFE0CC8B128460BF0ADFF01281DD0E5
:10E1F000022828D0032837D0E786668728460BF008
:10E200009BFF012847D0022850D003285AD0A78668
:10E210002687A08E002872D072E0334639463A46EF
:10E2200004F13400009601F08CFDF2E7E88A002347
:10E23000401C01B232462846FDF7D2FDE086E88A4E
:10E24000401E02B209E0B5F91A10002332462846F2
:10E25000FDF7C6FDE086B5F91A20002339462846A9
:10E26000FDF7BEFD6087C9E7688BE98A0023401A85
:10E27000401C00B200EBD07001EB600808F1010017
:10E2800001B232462846FDF7ABFDE086A8F1010059
:10E29000002302B2E2E7B5F9141000233246284603
:10E2A000FDF716FDA086B5F9142009E0B5F91810A0
:10E2B000002332462846FDF70BFDA086B5F918204D
:10E2C000002315E0288BA98A0023401A401C00B2C5
:10E2D00000EBD07001EB600808F1010001B232469A
:10E2E0002846FDF7F5FCA086A8F10100002302B244
:10E2F00039462846FDF7ECFC20878AE7FFE7A7862A
:10E30000208F00B92687E08E00B9E786608F00284D
:10E3100000D16687BDE8F88301E0FFFF70B50D4CC2
:10E32000064600200D460A4620601D21304606F0B4
:10E330008FFF206858B1017839B12946F2F7D0F83B
:10E3400028B13046216810F09FFE002070BD0120EA
:10E3500070BD00000C0200202DE9F04188B01F467E
:10E3600014460D4606460DF04DFA002842D0A5424F
:10E3700040D04FF4B470854202D9A5F5B475ADB262
:10E38000844202D9A4F5B474A4B2B18C4A1995B2EE
:10E3900021448CB2854202D9A5F5B475ADB2844250
:10E3A00002D9A4F5B474A4B207AA06A93046FEF7B0
:10E3B00017FA394630460CF04CFA8046304639465A
:10E3C00051220CF0A7FC04A908B1012200E00022B0
:10E3D000CDE90221CDE90048BDF81C00BDF91A10B5
:10E3E00082B2BDF918002B4603F009FF04A930469C
:10E3F0000DF0BDF908B0BDE8F0811FB5044603AAD1
:10E4000002A9FEF7EDF96B46BDF90C2002A92046E2
:10E41000FEF7D2FB204600F019FB011E03DD024689
:10E42000684601F074FC694620460DF0A0F91FBD56
:10E43000F0B50546A1F57F408BB00E46FF3858D0A9
:10E44000288EB04255D9A86A00EBC601684601F093
:10E45000FCFB03A928460BF0B1FC002128460CF078
:10E46000FFFB0746002128460CF04CFB04462846DB
:10E470000BF0AAFC03F010FE0A2190FBF1F2BA4265
:10E4800001DB90FBF1F790FBF1F33AB2A34201DB21
:10E4900090FBF1F4BDF80C30BDF80000991A084467
:10E4A000ADF80000BDF80E10BDF802000F1B384497
:10E4B000BDF8047000B23B441A44ADF80420BDF826
:10E4C0000620ADF802001144214409B2ADF806104F
:10E4D000AA8EB24209D1EA6A32F81620520504D552
:10E4E000091A491C401AADF80200694628460DF089
:10E4F0003EF90BB0F0BD1CB5044601466846FEF778
:10E500001BFB694620460DF032F91CBD2DE9FC4786
:10E510000446B0F882000D46A8427DD920460BF093
:10E5200033FCB4F88410484340F30F2620460BF028
:10E5300045FD074694F88800010705D500F007005F
:10E54000012806D002286DD02046BDE8FC470DF01A
:10E55000EBB8002120460CF0D9F980460021204676
:10E560000CF0EEFAA28A40441044C01B0FFA80F966
:10E5700020464FF4A02149220CF0CCFB0FFA80F882
:10E580004FF4003120460CF0CDFC0746A08AADF8D0
:10E590000000E28AADF80220208BADF8040008EB01
:10E5A0000700618B121A0844ADF80220ADF806008E
:10E5B000B4F88200401EA84217DD06FB05F191FB6E
:10E5C000F0F24A44A2EB0801C91BADF80010691C27
:10E5D000714391FBF0F1494401EB08003844ADF878
:10E5E0000400694620460DF0C2F8002D47D0681E91
:10E5F00006FB00F1B4F88200401E91FBF0F24A44A1
:10E60000A2EB0801C91BADF800106E4396FBF0F1B8
:10E61000494401EB080001E031E003E03844ADF883
:10E62000040028E0002120460CF066FAB4F88410BB
:10E6300048434FEA2028B4F8820006EB080191FB1A
:10E64000F0F6002120460CF061F981467543002167
:10E6500020460CF075FAA18A4844294445186946B9
:10E6600020460BF0ABFBE81B8119A0EB0800ADF8CE
:10E670000410ADF80000694620460DF078F8BDE8BA
:10E68000FC8770B505460CF018FD044628460BF0D3
:10E69000CEFB844201DB012070BD002070BD28B19B
:10E6A0000A2803D00D2801D00020704701207047B0
:10E6B0002DE9F74F0D4682B00446B0490CF04DFDF0
:10E6C00000287DD12046FEF7E5F882462046FEF779
:10E6D0005FFD5FEA000973D0BAF1000F70D02046E9
:10E6E000FEF7CEF807462046FEF748FDDFF890B269
:10E6F000064620460021BBF80E200CF00BFB00F074
:10E70000FF0820460021BBF814200CF003FBC0B228
:10E7100001902B6807EB0A006FF00102D5F808C0E2
:10E7200033F8171002EB40001B5A3CF80000184465
:10E73000401A00B200906B6806EB090002EB400043
:10E7400033F816101A5AEB68185A1044401A0FFA88
:10E7500080FB002120460CF094F801280AD1B8F182
:10E76000000F03D0B8F1020F02D003E0022000E056
:10E7700000208046208BA18A401A401C0FFA80FAA4
:10E78000608BE18A401A401C0FFA80F94046B8F1CC
:10E79000010F1BD0022824D02868B8F1030F30F9EC
:10E7A000170028D18046608CDDF800A040F400609E
:10E7B0006084019801287BD0022877D0032800E0EC
:10E7C000D8E0686830F9167071D119E029680098AE
:10E7D000A0EB0A0031F8171000EBD07001EB6000DD
:10E7E00008E020460CF069FC296831F817200099F0
:10E7F0001144081A00B28046608C20F40060D7E70C
:10E80000608CD94640F48060608420460CF055FC52
:10E81000504504D120460BF00AFB484527D0A08A7A
:10E82000ADF80000E08AADF80200208BADF80400DE
:10E83000608BADF8060020460CF076FF04F1140062
:10E840005146054601F089FA4946284601F080FA0A
:10E8500020460CF069FF6A462921204606F0F8FCA4
:10E8600020460BF025FB2246222106F0F1FC204633
:10E8700000216B220CF04EFA06B2204600216C22D9
:10E880000CF048FA05B220460CF017FC81462046F1
:10E890000BF0CDFA0146C6F3413064224FF4FA631F
:10E8A0004FF47A7C01281BD027E001E00AE013E056
:10E8B0006968ABEB090000EBD07031F8161001EB82
:10E8C000600008E020460BF0B2FA696831F81620C3
:10E8D00002EB0B01081A07B2608C20F4806093E70A
:10E8E00026F4C040984208DC604501DDC0F57A702E
:10E8F00000FB09F090FBF2F006B2C5F341300128AD
:10E900000BD125F4C040984207DC604501DDC0F51D
:10E910007A70484390FBF2F005B2049A08EB0600C7
:10E92000791912891044A28A801A05B20498408984
:10E930000844E18A401A06B255EA06001AD0204679
:10E940000CF0F2FEA08A2844A082208B2844208369
:10E95000E08A3044E082608B3044608320460CF0D3
:10E96000E3FE05B0324629462046BDE8F04F0023BD
:10E970000CF080BF05B0BDE8F08F0000010006007C
:10E98000600000202DE9F041064615460F460020A4
:10E9900005E039462046B04701280AD0204612F04B
:10E9A00055F9040002D060688000F2D10020BDE873
:10E9B000F08105B12C600120F9E703880A889342B1
:10E9C00001D0981A704740884988401A70470378E8
:10E9D0000A78934201D0981A704740784978401AD3
:10E9E000704700002DE9F0414268096822F040427A
:10E9F0008A4227D10446FDF781FEDFF84C800546A8
:10EA0000D8F80820131BA2EB05005E1BC8F808000D
:10EA100015D0274661193246384609F0FFFC06E05A
:10EA2000A068401BA0602046FDF768FE0444D8F8AB
:10EA300008008442F4D1B819294609F0C1FD01202B
:10EA4000BDE8F0810020FBE7400000202DE9F04107
:10EA50004FF440360446402231460CF05BF905463F
:10EA60002046432231460CF055F9284405B2314680
:10EA700020460CF0A5F900283146204602DD0CF0B6
:10EA80009FF902E00CF09CF94042284405B231465F
:10EA900020460CF0A1F900283146204602DD0CF09A
:10EAA0009BF902E00CF098F94042284405B2204658
:10EAB000352231460CF02EF90746204638223146E1
:10EAC0000CF028F9384400B2854200DD2846BDE844
:10EAD000F08170B5054606F079FB0446284606F03D
:10EAE000B3FB06460BF0E4F905462A2C01D0292C8D
:10EAF0000BD10021304609F0F7F8284612F0C6FB8A
:10EB00002846BDE8704014F093BC70BD2DE9FC416F
:10EB1000064614468846D80729D004F10800012586
:10EB2000002206F114010746F2F7CBF958B1002094
:10EB30008DF800006A4612213046019706F088FBE6
:10EB40009DF8000098B16089218A0844401EE08148
:10EB5000B4F90E10B4F90600814200DDE08102B084
:10EB60002A4621464046BDE8F04104F035B800256C
:10EB7000EEE72DE9F041074688B01D461646884667
:10EB80000846F3F707F8044602A940460BF016F9C9
:10EB90002246114602A801F0BAF8022E05D0012E35
:10EBA00029D0002008B0BDE8F081DDE90201CDE9FF
:10EBB000040100231A4604A940460CF0CBF904AA2C
:10EBC0006846B968F2F755F90028EBD0DDE9000195
:10EBD000CDE906010123002206A940460CF0BAF94E
:10EBE00006A902AA0846F2F744F90028DAD00698E6
:10EBF0002860079809E002AA6846B968F2F739F96F
:10EC00000028CFD000982860019868600120C9E7EB
:10EC100070B504460BF04CF80646002506E0A068E7
:10EC2000006850F82500FFF7F3FF6D1CB542F6D3DE
:10EC3000608CC1071AD020F00100608420460DF0DE
:10EC4000B5F820460CF0D4FF86B1002120460BF029
:10EC5000A5FE58B10C494968884207D80B49096894
:10EC600001EBC00050E9022120469047608C8107EB
:10EC700008D520F0020060842046BDE870400021E5
:10EC80000CF0FABE70BD00002C00002090010020A6
:10EC90002DE9F0478046089D1F46E86900FB01F317
:10ECA0009B12002807DD934207DD00BF95F828007E
:10ECB00080070DD48BE09342F8DBCB1943439B12C2
:10ECC000002808DD934239DA95F8280080077ED4C1
:10ECD0000120BDE8F0879342F6DCA869521C50433E
:10ECE00040F395000312C0B2FF22002828D000BFD5
:10ECF0006E6AC0F1FF0404FB06F4A2EB242600BFF9
:10ED0000A3EB0104A14636D0002C15DBBC4213DA7C
:10ED1000C0F1FF00C6F1FF014843A2EB6020C1B281
:10ED200095F82800800701D5C1F1FF0118F804000B
:10ED300011F00AFE08F80400641C1CE0A869CEE784
:10ED40004FF0FF06DCE7002C10DBBC420EDAA6EB2E
:10ED50006000C1B295F82800800701D5C1F1FF011C
:10ED600018F8040011F0F0FD08F80400686A641C4B
:10ED7000361ABC4202DA686AB042E4DBBC4218DAF6
:10ED8000002C16DBA869704380127043C0F3472142
:10ED9000E869002801DAC1F1FF0195F82800800731
:10EDA00001D5C1F1FF0118F8040011F0CDFD08F8FC
:10EDB000040095F82800800707D54946B94506DCC8
:10EDC00000290DDB404609E001E0641C01D500206C
:10EDD0007FE7BC4204DC391B08EB040009F0F0FBC0
:10EDE000022076E72DE9F05F06460A9F8A461D4617
:10EDF000B86900FB02F18C12002800DD641C97F852
:10EE00002830544502DA980707D4D5E08C120AEB73
:10EE1000050CA44502DA98077ED483E0521C4243D5
:10EE200041F3950142F395044FEA2129221204F09F
:10EE3000FF08C9B2A9EB0A04914505D0002803DAFE
:10EE400011B9FF219146641E914528D1002C0CDB9D
:10EE5000AC420ADA01EB08004108980701D5C1F17C
:10EE6000FF01305D11F070FD305597F82800641CEB
:10EE7000800706D5A9EB0A01A9424DDA8EE030469B
:10EE80000AE0AC4200DD2C46002C45D006DD00BF78
:10EE9000A5EB040106EB040009F092FB89E04FF0BA
:10EEA000FF0B002844DAF869404248434FEAA028A3
:10EEB000002C0DDBAC420BDA08FB01F0C0F347215C
:10EEC000980701D5C1F1FF01305D11F03DFD3055CE
:10EED000B969A8F1FF0041438812641E11D4AC4205
:10EEE0000FDAC8F1FF014143ABEB6120C1B297F8E3
:10EEF0002800800701D5C1F1FF01305D11F024FD2C
:10EF0000305597F82800A41C800709D5A9EB0A0101
:10EF1000491EA9424DDC00E04EE00029AFDC48E08C
:10EF2000AC4202DD0120BDE8F09F002CB0DA40E0E9
:10EF3000C1F1FF00F96941434FEAA128002C0EDB23
:10EF4000AC420CDA00FB08F0ABEB6020C1B29807D2
:10EF500001D5C1F1FF01305D11F0F6FC3055B96902
:10EF6000C8F1FF0041438912641C0ED4AC420CDA94
:10EF70004843C0F3472197F82800800701D5C1F125
:10EF8000FF01305D11F0E0FC305597F82800641C5B
:10EF9000800707D5A9EB0A01A9420DDC0029BFF6BD
:10EFA0006EAF06E0AC4200DD2C46002C04D03FF7EB
:10EFB0006FAF4FF00200B6E74FF00000B3E77CB54B
:10EFC000446A07F0DDFC054607F01BFD04280CD160
:10EFD000E18E204621870AF025FF064606F0C4FD93
:10EFE00018B10021304606F040FE284607F009FD22
:10EFF000012804D0284607F004FD03280AD101A9FE
:10F00000284607F0D3FCBDF906102046FDF700FDA9
:10F01000E0862087204605F0ADFDA06A10B92046A5
:10F020000CF082FBE08E00906A461C21204606F020
:10F030000FF97CBD2DE9F0410746884600261448AB
:10F04000F2F7CBFC04461DE021461148F2F7D7FC4D
:10F0500005462068B84200D09FB96168414502D09A
:10F06000B8F1000F0DD121460948F2F751FD216991
:10F0700009B120468847204609F094F9F3F79AFD34
:10F0800001262C46002CDFD13046BDE8F08100007F
:10F090006417002070B505460C460948F2F79DFC40
:10F0A0000BE00168A94204D14168A14207D0002CBD
:10F0B00005D001460248F2F7A2FC0028F1D170BD4C
:10F0C0006417002010B50446442109F079FA4FF482
:10F0D000FA70E062002020626420A0620120A4F89F
:10F0E00040000448E06194F8420040F0010084F8D8
:10F0F000420010BD5FF1000838B504464FF480654A
:10F100000095D4E90B200023194609F0A1F84FF42B
:10F110006E7332220021009500F0CCFF226AA16AB2
:10F12000891A414302EBA12038BD38B504464FF49B
:10F1300080650095D4E90B200023194609F088F872
:10F1400040F2B6334FF461720021009500F0B2FF37
:10F15000226AA16A891A414302EBA12038BD38B561
:10F1600004464FF480600090D4E90B200023194638
:10F1700009F06EF8226AA16A891A414302EBA120C4
:10F1800038BDD0E90B128A4201DB806A7047006A01
:10F1900070478B1A002B00DC531A4FF47A714B43E3
:10F1A000B3FBF0F0002800D10120704770B5416832
:10F1B000054611B12868FFF73DFF1948F2F79FFC9B
:10F1C000184E10B110F064FB70601548F2F72AFC7D
:10F1D000040024D04422294609F020F92868A842D6
:10F1E00000D12460717894F8420061F3820084F8C1
:10F1F0004200C0070FD0616939B120468847216AB3
:10F2000001442162A16A0844A06262681AB12068C0
:10F2100008B1216A9047F3F7CDFC204670BDFEE7A8
:10F22000641700207801002070B5458D848D00237F
:10F23000A54201D22B4602E0C5F5B4752C448B42A1
:10F240000FD8A1420DD8E21AB1EB520F416B02D890
:10F2500041F0080101E021F00801416341F0100193
:10F2600034E04FF4B475934207D19E1A2644AE425F
:10F2700003D0416B41F00801F0E7934209D3C2F596
:10F28000B4768E4205D8A94203D8416B41F00801FB
:10F290001AE0934206D2D61AC6F5B4768E4201D849
:10F2A000A942F2D92244AA4205D81944A14210D356
:10F2B000914206D90DE0A2F5B4728A4209D3A14267
:10F2C00007D9416B21F0080121F0100141630120B1
:10F2D00070BD002070BD10B500200C4688848721C9
:10F2E00061852D22A285E18449002185616B21F091
:10F2F000060161634FF40041E185616B2086642063
:10F3000041F00801608621F0010060631001A063F4
:10F3100010F0BEFAE063208DA4F84000606B02217B
:10F3200020F010006063204609F094FC4FF4447113
:10F3300020460AF091F82046BDE810400D210DF05E
:10F34000BAB900002DE9F04FAFB0044605F07CFFDC
:10F350000746204605F040FF2A9028AA2CA93846E7
:10F36000FDF73EFA06A82A990AF0CEFABDF9A000E8
:10F37000DFF888810DF1B00A0DF1080B00282DDDB2
:10F38000584602F01DFF02AA002138460BF01EFF6E
:10F390000020CDF83CA01390CDE90780BDF8A00077
:10F3A000ADF8540006AA1A213846CDF838B005F059
:10F3B0004FFFB98DB88C7A8D0144104489B280B268
:10F3C000CDE90001BDF854302CAA02A92A9802F018
:10F3D000E7FE06AA1B21384605F03AFF4FF4003934
:10F3E000494638460BF0B8FB0646494638460BF00E
:10F3F00001FC0546494638460BF056FC0446494692
:10F4000038460BF043FBAE4201DD314600E02946B1
:10F41000844201DD224600E00246914205DDAE4213
:10F4200001DD304604E0284602E0844200DD20464B
:10F43000BDF8A010081A04B2002C34DD02A802F0B6
:10F44000BFFE02AA4D46494638460BF0BFFE0120DA
:10F45000CDF83CA01395CDE90780ADF8544006AA3D
:10F460001A213846CDF838B005F0F2FEBDF90A1081
:10F47000BDF95400814201DDADF80A00398DB88C28
:10F48000FA8C0144104489B280B2CDE90001BDF884
:10F4900054302CAA02A92A9802F082FE06AA1B2147
:10F4A000384605F0D5FE2DABBDF9A0202CA9384675
:10F4B000FDF782FB18A804F035F94FF4403418AA80
:10F4C000214638460BF0D4FF02201394CDE9078083
:10F4D0002DA8099018A80A9006AA1A21384605F006
:10F4E000B7FE2DAA18A92A9804F008F906AA1B212C
:10F4F000384605F0ADFE2FB0BDE8F08F6CA00208D5
:10F500002DE9F04786B08A46FD480AF0A9FB01289C
:10F510007ED1504605F05AFE0546504605F094FE51
:10F520000646504605F090FE0446022D11D0082DE7
:10F530006FD0032DFCD00D2D6CD0112D6BD0132D61
:10F540006AD0152D64D106B05046BDE8F047FFF7EC
:10F55000F9BE07F015FA05005AD007F052FA012853
:10F5600056D101A9284607F021FA03AA02A930467C
:10F57000FDF736F9BDF80400BDF80810401AADF8E3
:10F580000400BDF80600BDF80A10401AADF80600E8
:10F5900094F83400C00744D14FF4003130460BF0EA
:10F5A00058F90546BDF80C004FF48031401BADF80A
:10F5B0000C0030460BF0CAFD10B1BDF80C0008E09D
:10F5C000BDF90C00C11700EB9171B5EBA10F00DA8A
:10F5D0008D10401BADF80C0000B2012802DA0120AA
:10F5E000ADF80C00BDF8040010FB00F1BDF80600FA
:10F5F00010FB0010BDF80C1011FB01F1884206DD74
:10F60000606B40F00100606310F042F9E06304E0D9
:10F6100079E0DEE0F7E01AE15AE194F83400C0073F
:10F6200071D0BDF9041019B9BDF8060000286AD0E0
:10F63000B4F92C70628DB8B2904202D200F5B47069
:10F6400007B2BDF9060000F08DFBA18C401A618D58
:10F65000401A05B2002D02DA05F5B4752DB2BDF8D9
:10F660000C004FF41D7110FB01F06421B0FBF1F8A8
:10F67000002002F011FD00EBC00101EB00114FF082
:10F68000500909EB4100B0F5A07F0CD3002002F037
:10F6900003FD00EBC00101EB001109EB4100A021CB
:10F6A000B0FBF1F000E001204FF4B4714843B0FB2F
:10F6B000F8F294F834002946C0F3C0093046FFF749
:10F6C000B3FD00281FD0618DB4F84020781A511A7C
:10F6D0000FFA81F8A5EB080109B24FF40C7301F59C
:10F6E0008C7100B2994205D994F8342012070BD5D9
:10F6F00000250AE0626B5FEAC26C06D4120703D5EC
:10F70000424215B201E061E00546B9F1000F08D0B0
:10F71000606B02070ED4C0060CD499420AD90025AA
:10F7200008E0B9F1000F05D1616B0A0702D5C906DF
:10F7300000D40546A5EB080005B2E06B10F0A2F876
:10F74000A16B41434FF47A70B1FBF0F080B2854277
:10F7500002DC4042854200DA05B2618DB4F9322004
:10F76000B4F9303008EB0500A7EB010CD51A4FEACD
:10F77000CC0C9CFBF5F52D1D00EB2510B4F92E509B
:10F780000844009200B23A4608F062FD07B2B6F9AA
:10F790002E00B8420FD010F07BF8E06339463046B7
:10F7A00000F0F7F9AF4206D000221C21304605F0E8
:10F7B0004FFD01280AD1B4F93000B84203D0B4F9A2
:10F7C0003200B84202D110F063F8E06306B0BDE841
:10F7D000F087606B20F00100606330460AF022FB86
:10F7E000054606F0C1F9044607F0CAF807F009F922
:10F7F0000428EBD1002CE9D006B02846BDE8F0473C
:10F80000002106F032BA504605F01CFD0078B4F92C
:10F810002E50132806D0112804D0142805D0122801
:10F8200003D008E0F08D401C01E0F08D401E01B2D5
:10F83000304600F0AEF9B4F92E00A842C6D006B0AA
:10F840003046BDE8F04700221C2105F001BD5046BE
:10F8500005F0F8FC044604AA03A93046FCF7C0FFF3
:10F86000B068002508B1B0F91450002130460AF004
:10F87000F0FF0646BDF810102844081ABDF80E2007
:10F88000ADF81000111809B20091BDF80C10121A51
:10F890000B18081A01B21BB212B201A800F051FAFB
:10F8A00047F6FF773A4601A82168F1F7CAFB08B18D
:10F8B00000200BE006EB450002B2114601A800F063
:10F8C00026FA3A4601A82168F1F7BBFB20717DE7D3
:10F8D000002130460BF040F90746002130460BF07E
:10F8E00089F90546002130460BF0DEF90446002177
:10F8F00030460BF0CBF8AF4204DD394603E00000A0
:10F900006CA002082946844201DD224600E002463E
:10F91000914205DDAF4201DD384604E0284602E0B1
:10F92000844200DD204680464FF440394946304647
:10F930000BF012F90746494630460BF05BF90546D5
:10F94000494630460BF0B0F90446494630460BF0C4
:10F950009DF8AF4201DD394600E02946844201DDD1
:10F96000224600E00246914205DDAF4201DD384605
:10F9700004E0284602E0844200DD2046801CA0EB23
:10F9800008043046FFF762F8204404B2504605F000
:10F9900059FCB0F90010A14200DD0C46048015E7C7
:10F9A00070B50C460546114600F07EF82146284603
:10F9B000BDE8704000F0B4B870B50C46054611467D
:10F9C00000F006F821462846BDE8704000F036B841
:10F9D00070B54FF4B47305460C46994202D9A1F5AF
:10F9E000B474A4B2A88D698D421A611A12B209B218
:10F9F000002A02DA02F5B47212B2002902DA01F525
:10FA0000B47109B28E1AB4369E4203D928460BF05F
:10FA10008BFE0DE0914203DA00230246214604E00A
:10FA20008A4205DA0023224601462846FEF794FC66
:10FA30002846AC85BDE8704016F08CBA70B54FF41E
:10FA4000B47305460C46994202D9A1F5B474A4B228
:10FA5000A98D688D0A1A091B12B209B2002A02DAAE
:10FA600002F5B47212B2002902DA01F5B47109B2DA
:10FA70008E1AB4369E4203D928460BF055FE0DE08F
:10FA8000914203DA00232246014604E08A4205DA65
:10FA90000023024621462846FEF75EFC28466C8578
:10FAA000BDE8704016F056BA70B54FF4B473054611
:10FAB0000C46994202D9A1F5B474A4B2288DE98C00
:10FAC000421A611A12B209B2002A02DA02F5B472BD
:10FAD00012B2002902DA01F5B47109B28E1AB436F5
:10FAE0009E4203D928460BF01FFE0DE04FF4003371
:10FAF000914202DA0246214603E08A4204DA2246B3
:10FB000001462846FEF728FC2846FEF776FC2846E4
:10FB10002C85BDE87040FEF770BC81840BF004BEFC
:10FB200070B54FF4B47305460C46994202D9A1F55D
:10FB3000B474A4B2298DE88C0A1A091B12B209B256
:10FB4000002A02DA02F5B47212B2002902DA01F5D3
:10FB5000B47109B28E1AB4369E4203D928460BF00E
:10FB6000E3FD0DE04FF40033914202DA22460146F4
:10FB700003E08A4204DA024621462846FEF7ECFBFF
:10FB80002846FEF73AFC2846EC84BDE87040FEF7B4
:10FB900034BCB0F92E308B420ED0B0F932208A42FC
:10FBA00000DA1146B0F930208A4200DD11468B425E
:10FBB00002D0C18516F0CEB970470A8802804A8803
:10FBC00042808A888280C988C18070470A88028002
:10FBD0004A8842808A888280C988C18070470A88A2
:10FBE00002804A8842808A888280C988C1807047A2
:10FBF0000A8802804A8842808A888280C988C180B7
:10FC000070470A8802804A8842808A888280C98830
:10FC1000C18070470A8802804A8842808A88828030
:10FC2000C988C18070470A8802804A8842808A88D1
:10FC30008280C988C18070470A8802804A884280D1
:10FC40008A888280C988C18070470A8802804A8871
:10FC500042808A888280C988C18070470A88028071
:10FC60004A8842808A888280C988C18070470A8811
:10FC700002804A8842808A888280C988C180704711
:10FC80000A8802804A8842808A888280C988C18026
:10FC90007047C1884088081A401C00B27047C1886C
:10FCA0004088081A401C00B27047C1884088081A72
:10FCB000401C00B27047B0F90410B0F90020891A56
:10FCC000B0F90620B0F90200101A401C491C484344
:10FCD000704781880088081A401C00B270478188EC
:10FCE0000088081A401C00B2704781880088081AF2
:10FCF000401C00B2704781880088081A401C00B27E
:10FD0000704781880088081A401C00B27047038839
:10FD10005B1A03808388194481804188891A418055
:10FD2000C1881144C180704703880B4403808388D5
:10FD300019448180418811444180C1881144C180A7
:10FD4000704710B5029C018042808380C48010BD42
:10FD50004288491E1144C18070470288491E1144DF
:10FD6000818070470022002801DA012240420029E8
:10FD700001DA4942921C884207D9C1EB011101EB1B
:10FD80004101B1FBF0F3103205E0C0EB001000EBD5
:10FD90004000B0FBF1F30020D9B216290BD92C2971
:10FDA00000D80120292900D8401C252900D8401C52
:10FDB00020290BD90BE0022900D30120062900D30A
:10FDC000401C0A2900D3401C0F2900D3401C1844B2
:10FDD000D10601D5C0F15A0091074FEAC27105D58D
:10FDE00009B1B43005E0C0F1B40002E009B1C0F5DA
:10FDF000B47080B27047C16000680BF095BC0068B9
:10FE00004FF0FF320168C26001F13C02904202D122
:10FE100082684A6205E001F14C02904201D1826899
:10FE20000A6300680BF080BC10B50C46002064210A
:10FE3000C4E90A0120636062A0862087E0866087AB
:10FE400084F85C0004F13C01204600F0A6F804F1BF
:10FE50004C01204600F0A1F80821204609F0FCFAE8
:10FE60001021204609F0F8FA20460022BDE8104093
:10FE7000114600F0BEB810B50C46002104F13C005C
:10FE8000FFF7D8F804F14C00BDE810400021FFF75F
:10FE9000D1B800002DE9F0410D46314809F0E0FEEF
:10FEA000012854D1284605F091F90446284605F06A
:10FEB000CBF98046132C0AD0012C4AD0082C48D00C
:10FEC000152C44D12846BDE8F041F6F7A9BB4FF404
:10FED000003109F073F90446284605F0B3F90546E8
:10FEE000B0F90000A04200DD04462C80002140460D
:10FEF0000AF038FE0746002140460AF081FE064619
:10FF0000002140460AF0D6FE0446002140460AF091
:10FF1000C3FDB74201DA394600E03146844201DAD6
:10FF2000224600E00246914205DAB74201DA38463D
:10FF300004E0304602E0844200DA2046002806DA77
:10FF4000B5F900104042814200DC01462980BDE83D
:10FF5000F08108F134014046BDE8F0410BF007BCE8
:10FF600088A0020890F85C0000F00300704790F849
:10FF70005C1001F00301022901D0806A7047816D95
:10FF8000491C01D0406D7047006B7047816C491C63
:10FF900001D0406C7047406A70470860002048609C
:10FFA0008860401EC860704738B5134690F85C20E2
:10FFB00002F00302022A1BD1D0E90A428A4201DD83
:10FFC0000D4600E01546AC4201DD214602E08A42C2
:10FFD00000DC1146426A8A4200DA1146026B8A420C
:10FFE00006D0009300F14C0300F1300200F022F83B
:10FFF00038BDF8B5456A13468D421AD0D0E90A4299
:020000040801F1
:100000008A4201DD0E4600E01646B44201DD21467B
:1000100002E08A4200DC1146026B8A4200DD114692
:100020008D4206D0009300F13C0300F1240200F061
:1000300001F8F8BDF0B591B0074616981C46164673
:100040000D4618B3E068401C2ED0A068C4E9010535
:10005000002118461560FEF7EDFF6846FFF732F8FD
:1000600012484FF48071CDE9004000200890CDE99E
:1000700009010F4803903846002165220AF04AFE24
:100080000B906846FFF792F811B0F0BD00211846BA
:10009000FEF7D0FF4FF0FF30E060356011B038461A
:1000A000BDE8F0400BF040BB3068CFE7F7FD00083B
:1000B000FFFD0008F0B5C0F5806404FB04F5AD0A4F
:1000C00005FB04F64FEA962C00FB00F6B60A06FB89
:1000D00000F745435543BF0A0CFB01FC74434FEA4C
:1000E0009C2105EB45005C43DDF814E004EB440281
:1000F00001EB105007FB0EF700EB125000EB9720BE
:10010000F0BD10B50C461021204609F0A5F9204697
:10011000BDE810404FF4806108F09CBD10B5014669
:10012000034809F0CFF8044609F040F9204610BD15
:10013000A4A0020870B50646008E0D461446A842DB
:100140001BD9E00608D5012130460AF0FFFF18B19F
:100150000121304609F080F9F06A30F81510A1430A
:1001600020F8151029463046FEF762F9600504D5DF
:100170003046BDE870400BF06FBF70BD70B50E46E5
:100180000546002406E0324621462846FFF7D2FF06
:10019000641CA4B2288EA042F5D870BD0846002188
:1001A000018641864FF6FF7282868162C16241629A
:1001B00080F83610014900F045BB0000F001002036
:1001C00010B50146034809F07DF8044609F0EEF841
:1001D000204610BDC0A0020810B50C46886A08F081
:1001E000E1F8E06A08F0DEF80020A062E06210BDED
:1001F0002DE9FC478A46FA4809F032FD012843D12F
:10020000504604F0E3FF0646504605F01DF800276F
:100210000446132E02D02A2E49D01AE0608EA14641
:10022000002831D00025D9F8248031E0D9F82C00FD
:1002300030F81500C0F3802040B3608E28B120460E
:1002400009F088FD618E90FBF1F001B2504605F097
:100250001FF8292E2FD04FF6FF75012E2DD0022E1C
:100260006CD0082E7ED0062E7DD0032E7CD00E2E94
:100270007BD00F2E7AD0102EFCD00D2E77D0152EDD
:1002800002D15046F7F740FABDE8FC876D1CADB2CD
:1002900058F825000028F7D0D2A1F0F721F900285E
:1002A000F2D058F8250000780028BFD1ECE7616A49
:1002B00000F0C8FAE8E72046F9E7504604F0C2FF2C
:1002C00006462046A18EFEF7B3F806F059FB06F06D
:1002D00098FB012801D003281BD16946304606F05F
:1002E00065FB69462046FCF737F92146A586A842FA
:1002F0001CD0E16A31F81010C1F38012002AC3D17A
:10030000C1F300110029BFD1A08601462046FEF7A7
:100310008FF8A18EA942B7D0E06A30F81100C0F37F
:100320004022002AB0D1C0F380229EE08D86ABE748
:10033000C0F300100028A7D1019148E0504604F016
:1003400081FF074606F01CFB064606F05AFB042810
:100350009AD0022898D06946304606F027FB6946B5
:10036000204605E039E078E087E089E0CAE0D1E0A6
:10037000FCF7F2F80646A18E2046B14284D0A9428D
:1003800001D0FEF755F8A686384606F0EBFBAE42E4
:100390008CD0E06A30F81600C0F38011002985D1B6
:1003A000C0F30010002885D131462046FEF740F802
:1003B000E06A30F81610C1F340210029B7D1A18EB0
:1003C00030F81100C0F380200028B0D1019601AAB6
:1003D0001C21204604F03CFF56E7A18EA94237D0ED
:1003E000E26A32F81100C0F3C013ABB1C0F380135E
:1003F00093B9C0F300231BB194F83630DB0713D058
:1004000040F4807022F8110094F83600C00703D041
:100410002046A18E0FF0BEFFA18EE26A32F81100D5
:10042000C0F3402232B902E020F48070EAE7C0F362
:1004300080226AB1C0F3801252B9C0F3001038B9FB
:10044000019101AA1C21204604F002FF0128C3D11A
:100450002046A18EFDF7ECFF16E7A18EA942BBD086
:10046000E06A30F81100C0F34012002AB4D1C0F3A2
:100470008012002A3FF45CAF06E72046A18E45E0DB
:10048000208E0028A8D0504604F0DCFE074606F077
:10049000B8FA06462FB9002006F078FA06F0B1FA4D
:1004A0000646204609F0BEFC05F05EFBA18EA9427F
:1004B00092D1022E02D0042E2AD148B394F83610DD
:1004C0000020E26AC90701D110E0401C32F8101088
:1004D000C1F30013002BF8D1C1F38013002BF4D12A
:1004E000C1F300210029F0D00AE0401C32F81010BE
:1004F000C1F30013002BF8D1C1F380110029F4D10E
:10050000A086C1E6A18E2046A94201D0FDF790FF4A
:10051000A586B9E62046A18EFDF78AFF504604F075
:1005200091FE0078132813D0142836D004264FF0FB
:100530000209122858D011288AD1002120460AF039
:10054000E1FAA28E8446AA427BD1A786E26AA5E0A0
:10055000A08EA84201D1A78601E0401CA086A18EF2
:10056000238E994200D3A786A28EE66A08E0491C32
:1005700088B2A086984200D3A786A08E90427DD0F4
:10058000A18E36F81100C0F3001CBCF1000FEED1B3
:10059000C0F380100028EAD15AE7A08EA84201D10A
:1005A000A78600E000B9208E401EA08683B2E26AD2
:1005B00009E011B1491EA18602E0208E401EA086EE
:1005C000A08E984268D0A18E32F81100C0F30016B8
:1005D000002EEED1C0F380100028EAD138E70000E9
:1005E000C0A002080A000000002120460AF08AFA92
:1005F000A28E8046AA4214D1A786E26A05E0491C71
:1006000088B2A086218E884246D2A18E32F811008F
:10061000C0F30013002BF2D1C0F380100028EED1FC
:1006200016E7A16A06EBC2000B5A31F832001B1A1A
:100630005B1C43F34E0318440FFA80FC1046238ED4
:100640001FE037E009EBC00709EBC205CF5F4D5F44
:10065000AF4212DD31F9305065450EDC06EBC005C6
:100660004D5F4544654508DBE56A35F81070C7F312
:10067000801515B9C7F300152DB100E00CE0401C42
:1006800080B28342DED8834247D8E1E6491C88B273
:10069000A086218E884201D3A586D9E6A18E32F8A4
:1006A0001100C0F30013002BF0D1C0F3801000281C
:1006B000ECD1CDE6A16A06EBC2000B5A31F832004C
:1006C0001B1A5B1C43F34E03184405B2B4F9340003
:1006D0001EE000BF09EBC00709EBC203CF5FCB5E92
:1006E0009F4213DA31F93030A3EB0C03AB420DDC3F
:1006F00006EBC003CB5EAB4208DBE36A33F8103095
:10070000C3F3801717B9C3F3001323B1401E00B21F
:100710000028DFDA9CE60028B7DBA08698E6000018
:100720002DE9F0410F46A1F57F41FF3918D005466C
:10073000008EB84214D3002426460CE0641C686A7C
:10074000A4B2761CB6B250F8240009A1EFF7C8FE97
:1007500008B9641CA4B2BE42F0D1288EB04202D1C6
:100760000020BDE8F081686A50F82400F9E7000035
:100770000A000000808E7047038E8B4204D9C06A45
:1007800030F81100824301D00020704701207047EB
:1007900070B50446008E0E461546B04234D994F822
:1007A0003600C00706D0E80504D54FF48071204616
:1007B000FFF7E4FCE80616D5218E012001290ED9A9
:1007C000002309E0B34205D0E26A12F81320D206F2
:1007D00000D400205B1C9BB29942F3D818B10121D0
:1007E000204608F037FAE06A30F81610294320F85E
:1007F000161031462046FDF71BFE680504D520463D
:10080000BDE870400BF028BC70BD70B50E460546C3
:10081000002406E0324621462846FFF7B9FF641C53
:10082000A4B2288EA042F5D870BD10B50446008E43
:100830004200E06A07F0F2FD2046616ABDE8104020
:10084000AFF300802DE9F34F97B00D0079D0179CDE
:100850002046F2F765F865620021162217980AF023
:1008600059FAC0B21290002117980AF081F90B9042
:10087000002117980AF024FA0F90002117980AF027
:10088000EFF90290002117980AF03CF909901798A7
:1008900009F07AFA0490179809F05CFA618E002743
:1008A000C1F101020299A94601FB020000B21090B9
:1008B000384685E04FF0000B5D460AE0E06A7919A2
:1008C00030F81100FBF715FF58446D1C1FFA80FB30
:1008D000ADB259F8250040B142A1EFF701FE20B1B9
:1008E00059F8250000780028E8D15DB31099608E92
:1008F00001FB08F1B1FBF0F20F995318029A08FBC3
:10090000023109B20891109908F101025143B1FB7B
:10091000F0F10F9A0298491E08FB0020084400B22B
:10092000149009990498C5F1010201FB020000B27C
:100930000E90002801DA00200E904FF0000A564673
:1009400036E04BE0FFE709F1040036E0E06A30F8FA
:100950001700FBF7CEFE0E9901FB0AF1B1FBFBF28B
:100960000999824406FB01210E9A09B20AFB02F0A2
:10097000B0FBFBF0099A401E06FB0200129A00B27F
:10098000012A06D10A460499081A01B20498801A6D
:1009900000B20B9A104403B2149800901144A06A5C
:1009A00009B200EBC700089AFFF7CBF9761C7F1C51
:1009B000AE42CBD309EB8500001D814608F1010052
:1009C0008046608E40453FF675AF17980BF044FBAC
:1009D000179819B0BDE8F04F0AF0A6BE19B0BDE8EF
:1009E000F08F00000A00000080F8361000210FF0A0
:1009F000D1BC70B50446008E0D46A84203D8A5F5BB
:100A00007F40FF380AD12046A18EFDF711FD204618
:100A1000A5862946BDE87040FDF70ABD70BD0000FF
:100A20002DE9F0410F460C4640F2E471218501208A
:100A300084F82A0084F82B00A18584F82E0084F81D
:100A40002F0000202063A086A82104F58C7007F0F9
:100A5000B7FD002108462D4B782506E028B1420756
:100A6000B2F1604F08D0072808D253F8202000BF09
:100A700004EB8006B2630CE025A2F9E704EB8102E7
:100A800004EB800682F8185102F58C72491CC9B239
:100A9000B263401CC0B23828E0D31EA0C4F81401D1
:100AA0003846FFF78DFB04F138016062FFF7CAFE9C
:100AB00054F8240F4FF40871FFF7A7FE00231A2201
:100AC0001549206808F07AF842F2640120680CF0B9
:100AD000C7F8012138460BF013FE012120680BF006
:100AE0001FFE94F90A202189384600F019F894F97C
:100AF000073094F90620A188384600F0ADF8206848
:100B0000BDE8F0414FF4804108F0A4B898000020FF
:100B10000A00000000000000918900082C30704796
:100B20002DE9F05F044688B2A08555B284F82E50B6
:100B3000012184F82F1082464021606AFFF71EFBD6
:100B40000026B1B24022606AFFF722FE761C072E13
:100B5000F7D3564629463046FCF728F983462946FE
:100B600001223046FBF7A0FE064637464FF001084B
:100B70000BEB07090EE000BF04EB8700434635A2EC
:100B8000042100F58C700DF0CDF808F1010000F0A3
:100B9000FF087F1CB945EFD8691E5046FCF706F9DF
:100BA0000025801B401CC7B212E000BF04EB85008B
:100BB0003B4628A2042100F58C700DF0B3F8E81D27
:100BC00081B24022606AFFF7E3FD7F1CFFB26D1C1B
:100BD000B542EBD306EB0B05012711E004EB8500D2
:100BE0003B461CA2042100F58C700DF09BF8E81D1B
:100BF00081B24022606AFFF7CBFD7F1CFFB26D1C03
:100C00002A2DEBD32046FCF7BDFC606AFFF7B2FD4E
:100C1000A0F57F41FF3903D0F11D606AFFF7E9FEBF
:100C200020460AF081FD204609F042F806460025DC
:100C30000BE02946204609F029F8616A814203D079
:100C400022461C2104F004FB6D1CB542F1D3BDE823
:100C5000F09F000025640000018580F82A2080F8BC
:100C60002B30FCF78FBC10B50C46102104F124008A
:100C7000F0F7D0FE102104F13000F0F7CBFE002099
:100C800024F86C0F2081608060816420A080A081A6
:100C9000E080E081032060820520A0820A20E082BB
:100CA00047F6FF702082207F20F00700401C20F0D4
:100CB000080020774FF480702083608310BD00000F
:100CC00070B50C4601F1240610E000BFF0F785FE78
:100CD0000546007B400702D4686807F063FB29469D
:100CE0003046F0F715FF284607F05CFBA06A0028A5
:100CF0003046EBD1F0F75BFE04F130050AE000BFAF
:100D0000F0F76BFE064601462846F0F701FF304635
:100D100007F048FB606B00282846F1D1BDE8704021
:100D2000F0F745BEF8B50D467E4808F099FF01285A
:100D300074D1284604F04AFA0646284604F084FA9C
:100D40000446012E2DD0082E69D0292E68D0132EEE
:100D500067D02C2E7ED0152E7FD1284604F03CFA89
:100D6000054601462046F5F705F9264600222946A4
:100D70002046FAF7DFF8012229463046FAF7DAF87A
:100D8000022229463046F9F735FF0422294630462B
:100D9000F9F730FF04F12400F0F7B1FE002871D01C
:100DA000B9E005F0EDFD694605F000FEBDF8001064
:100DB000A08A2546081AADF80000284609F0FEF87A
:100DC000BDF800104618284608F0DEFFB5F884107C
:100DD000484340F30F270021284609F0B1FE301A9E
:100DE00000B20026002822DBB84203DDB5F882609D
:100DF000761E1CE095F8881001F00701012902D049
:100E000002290FD013E0B5F88210491E414307EBC9
:100E1000D77001EB600090FBF7F608E01DE01DE0E5
:100E200024E027E0B5F88210414391FBF7F6B4F9CE
:100E30007C00B04211D0B1B22046FDF767FB2046DE
:100E4000B4F87C10FDF762FB00222046A4F87C6019
:100E50001C2100E031E004F0FBF9F8BD34F87C1F00
:100E6000FDF754FB47F6FF702080F8BDBDE8F84061
:100E70000BF01EB9B4F94020B4F94C00824202DDF7
:100E8000164601E02EE0064634F9581FB4F90C303E
:100E9000994201DD0C4600E01C46A64205DD824277
:100EA00001DD114604E0014602E0994200DC1946EA
:100EB0002846BDE8F84004F0EBB9284604F0C2F932
:100EC0000546204608F060FFB4F88410484300123D
:100ED0002880204608F03EFFB4F8861048430012F0
:100EE0006880F8BD94F8880000F00700012804D05D
:100EF000022807D003280AD00DE029462046F8F73B
:100F0000BBFA08E029462046F8F798F903E029469D
:100F10002046F8F7CBFC29462046BDE8F840F4F718
:100F20005FBE00002C6202082DE9F04F8BB09046A6
:100F30000E4604001D460AD056B1B4F88210414551
:100F400007D80020288058800BB0BDE8F08FFEE75E
:100F5000FEE7204608F018FFB4F88410484340F339
:100F60000F27204608F0F6FEB4F88610484340F3F9
:100F70000F20049094F8880000F00700012804D0A6
:100F800003280AD0022819D065E0B4F8820007FBD4
:100F900008F7401E97FBF0F05CE0009731680023F3
:100FA00031F91800317BC1F3C00204EB4201B1F901
:100FB0007820B1F9741007F04BF94BE004F12400EC
:100FC00003900790F0F70DFD81464FF4A0212046D5
:100FD00009F092FDB4F884104843001206900021F5
:100FE000204609F089FDB4F884104FF0000A484308
:100FF00001120291B4F88200C0F1010202FB0171FA
:1010000091FBF0F00FFA80FB0798F0F7FFFC06E089
:10101000B14206D00AF1010A0398F0F7F4FC01008E
:10102000F6D10298B4F88210384400FB08F090FB27
:10103000F1F00BFB0AF1B1FBF9F1069AC9F10103DA
:1010400002FB03B20144B2FBF9F000B200EBD07036
:1010500001EB600028800021204609F057FC07467C
:101060000021204609F06CFD298838440844288076
:10107000204608F0A3FF2988081A28803146204618
:1010800000F02CF800EB0801B4F88200049B91FBFF
:10109000F0F200FB1210716880B231F91000317B60
:1010A000C1F3001204EB420232F96C1F401AB2F98C
:1010B00004205843511A90FBF1F0181A688000215F
:1010C000204609F0E5FD69883844084468802046D8
:1010D00009F040F86988081A688035E729B190F866
:1010E0008800000702D448897047FEE70020704757
:1010F00010B50AA0486201200C46886202212046F1
:1011000007F0A8FD0821204607F0A4FD2046BDE811
:1011100010404FF4806107F09DBD00004368656397
:101120006B20626F7800000010B591F828000C4623
:10113000C00704D1606A07F035F90020606210BD75
:101140002DE9F04FBDB0054604F07EF80446284670
:1011500004F042F83B900021204609F065FE3290F1
:10116000B0F9087000213222204609F0D3FD05466F
:101170000021204609F0AAFD00EB050B00212046C6
:1011800009F0FCFC05440021204609F0C1FC349024
:101190004FF40031204609F0F1FC81464FF4003154
:1011A000204609F039FD06464FF40031204609F08B
:1011B0008DFD33904FF40031204609F079FC3590D5
:1011C00069224FF40031204609F0A4FD82466A22CC
:1011D0004FF40031204609F09DFD804615A802F02D
:1011E000A1FA15AA4FF4003120460AF041F9A08A6D
:1011F0004119CA1909EB06000244A2F10109E28A69
:10120000339802EB0B05359AEB1910441E18A1EB2D
:101210000A00ADF8E40009EB0A00ADF8E800A5EB20
:101220000800ADF8E600761E06EB0800ADF8EA000F
:1012300003A83B9908F068FB15A807902D484FF0CC
:101240000008CDE9040839A806904FF4003010904A
:1012500003AA1A21204603F0FBFF39AA15A93B98DF
:1012600002F04CFA03AA1B21204603F0F1FF0021F3
:10127000204609F0FDFD82460021204609F0E6FDEA
:1012800041F6FF72CDF800A0CDE901280346616A5E
:101290002FA8329A0EF036FE27A801F077FC27AA75
:1012A000002120460AF036F8701B401C00B2C01B1B
:1012B00000EBD070411034984844ADF89400BDF86C
:1012C000BC201044ADF89800E28A0BEB01001044FA
:1012D000ADF89600BDF8BE10CDF800800844ADF81A
:1012E0009A0025AA27A9636A3B9801F0AFF93DB09F
:1012F000BDE8F08FDCA002082DE9FF5F0E463C48F8
:1013000008F0AEFC012862D1304603F05FFF0546CD
:10131000304603F099FF04464FF400382C2D09D0D5
:10132000132D56D0152D52D104B03046BDE8F05FD4
:10133000FFF706BF304603F085FF05460021204633
:1013400009F072FD064607890021204609F090FD4C
:1013500081460021204609F079FD002141F6FF7207
:10136000CDF80090CDE901210346324603A8616A19
:101370000EF0C8FD0021204609F0CAFB8346464610
:101380004146204609F0FAFB81463146204609F0E5
:1013900043FC80463146204609F098FC824631469F
:1013A000204609F085FB024607EB0A00104407EBD4
:1013B0000901BDF80C2041440A4402EB0B012980CD
:1013C000BDF90E1000B2884200DC08466880BDE816
:1013D000FF9F304603F036FF05464146204607F0A2
:1013E000EDFEB5F90010814200DD08462880EEE7E9
:1013F000DCA00208F0B504464FF4FA66C1F34130B0
:101400007710642501280BD121F4C040B04207DCDD
:10141000B84201DDC0F57A70584390FBF5F001B297
:10142000C2F3413001280BD122F4C040B04207DCA6
:10143000B84201DDC0F57A70584390FBF5F002B276
:10144000944201DA204600E01046884201DA08465C
:10145000F0BD944201DA2046F0BD1046F0BDF0B573
:1014600004464FF4FA66C1F3413077106425012831
:101470000BD121F4C040B04207DCB84201DDC0F519
:101480007A70584390FBF5F001B2C2F34130012865
:101490000BD122F4C040B04207DCB84201DDC0F5F8
:1014A0007A70584390FBF5F002B2944201DA20467C
:1014B00000E01046884201DA0846F0BD944201DAA5
:1014C0002046F0BD1046F0BD002208B5114610467A
:1014D00000F030F90090BDF8000008BD002208B50A
:1014E0001146104600F03EF90090BDF8000008BD1E
:1014F00008B50020BDF8001060F3040189B260F364
:101500004A1189B260F3CF21ADF8001088B2009083
:10151000BDF8000008BD002208B51146104600F0D5
:1015200051F90090BDF8000008BD80B2C20AC2EBBC
:10153000C20303EB0222D21D520962F31741C0F32A
:10154000451202EB420303EB0222D21C920962F322
:101550000F2100F01F00C0EBC00202EB0020C01DF5
:10156000400960F30701FF2060F31F61C1F30740EA
:10157000C1F3072200EB400000EB8200C9B208442F
:10158000C0F3C700704738B50C460546FFF7C3FFE8
:101590002246294600F0AEF90090BDF8000038BDA3
:1015A00007B58107BDF8043002D020F8023B521E77
:1015B000BDF8041001EB01410EE002C0103A02C078
:1015C00040F8081B40F8041C40F8101B40F80C1CA5
:1015D00040F8081C40F8041C102AEED803E000BFB5
:1015E00020F8023B521E002AFAD10EBD4FF478417A
:1015F0004FF4FC6201EA102102EA501208B51143CF
:10160000C0F3C4000143ADF8001088B208BD4FF428
:1016100078414FF4FC6201EA102102EA501208B549
:101620001143C0F3C4000143ADF8001088B208BDF7
:101630004FF478414FF4FC6201EA102102EA5012A3
:1016400008B51143C0F3C4000143ADF8001088B2DF
:1016500008BDF8B5C0EB00204FF4B473B0FBF3F055
:1016600083B2C1EB01206421B0FBF1F0C2EB022296
:10167000B2FBF1F110F0FF00CAB226D02B21B3FB70
:10168000F1F1C9B2552411FB04F4234403EB4303E5
:101690005B061D0EC0F1FF0313FB02F31B0A10FBD8
:1016A00005F4FF26A6EB14245443240AC5F1FF05D4
:1016B00015FB00F0A6EB10205043050A052918D2AF
:1016C000DFE801F006090D1114001146084613E089
:1016D0001046294601E0204611461A460CE0114604
:1016E00018462A4608E01846214605E028461946CD
:1016F00002E010461946224600F064F80090BDF85A
:101700000000F8BD08B5D308BDF8002063F304025B
:10171000ADF800208A08BDF8001062F34A11ADF858
:101720000010C108BDF8000061F3CF20ADF8000043
:1017300080B208BD08B5D308BDF8002063F30402E9
:10174000ADF800208A08BDF8001062F34A11ADF828
:101750000010C108BDF8000061F3CF20ADF8000013
:1017600080B208BD08B5D308BDF8002063F30402B9
:10177000ADF800208A08BDF8001062F34A11ADF8F8
:101780000010C108BDF8000061F3CF20ADF80000E3
:1017900080B208BD08B5D308BDF8002063F3040289
:1017A000ADF800208A08BDF8001062F34A11ADF8C8
:1017B0000010C108BDF8000061F3CF20ADF80000B3
:1017C00080B208BD08B5D308BDF8002063F3040259
:1017D000ADF800208A08BDF8001062F34A11ADF898
:1017E0000010C108BDF8000061F3CF20ADF8000083
:1017F00080B208BD08B5D308BDF8002063F3040229
:10180000ADF800208A08BDF8001062F34A11ADF867
:101810000010C108BDF8000061F3CF20ADF8000052
:1018200080B208BD08B5121DD3080A4A89B280B239
:1018300041EA014140EA004011401040401A58433B
:1018400001EB5010104040EA1040ADF8000080B2AB
:1018500008BD00001FF8E00708B5121DD3080A4AAA
:1018600089B280B241EA014140EA00401140104093
:10187000401A584301EB5010104040EA1040ADF8B8
:10188000000080B208BD00001FF8E00708B5121D77
:10189000D3080A4A89B280B241EA014140EA0040D5
:1018A00011401040401A584301EB5010104040EADC
:1018B0001040ADF8000080B208BD00001FF8E0073E
:1018C00008B5121DD3080A4A89B280B241EA014123
:1018D00040EA004011401040401A584301EB5010BC
:1018E000104040EA1040ADF8000080B208BD000092
:1018F0001FF8E00708B5121DD3080A4A89B280B262
:1019000041EA014140EA004011401040401A58436A
:1019100001EB5010104040EA1040ADF8000080B2DA
:1019200008BD00001FF8E00782B2D00AC0EBC00378
:1019300003EB0020C01D400960F317410846C2F3C5
:10194000451101EB410303EB0121C91C890961F336
:101950000F2002F01F01C1EBC10202EB0121C91DE2
:10196000490961F30700FF2161F31F607047FF22FF
:1019700008B511461046FFF7F5FE0090BDF80000CF
:1019800008BD08B51F20BDF800103F2260F3040118
:1019900089B262F34A1189B260F3CF21ADF8001029
:1019A00088B20090BDF8000008BD000010B500200E
:1019B0000C468884642184F8261084F8271094F853
:1019C0003C1021F0070184F83C1020636063094853
:1019D0004FF48031C07884F82C00204607F03AF9A3
:1019E0004FF44071204607F037FD2046BDE8104017
:1019F0000FF0A6BDEC0000202DE9F04391B0894620
:101A0000FE4808F02DF9012827D1484603F0DEFBF7
:101A10000646484603F018FC04464FF44037132EA0
:101A20001ED0292E50D02A2E67D04FF4B4750D2E1B
:101A300068D0012E7DD0022E7CD047F6FF75112E86
:101A400079D0152E78D0122E07D1484603F0FAFB34
:101A50000178022901D00121017011B0BDE8F083A5
:101A6000B846394609F072F807464146204609F063
:101A7000BBF806464146204609F010F905464146A6
:101A8000204608F0FDFFB74201DD394600E031464F
:101A9000854201DD2A4600E00246914205DDB7425B
:101AA00001DD384604E0304602E0854200DD28468C
:101AB000801C04B2484603F0C5FBB0F90010A142F7
:101AC00000DD0C460480C8E7484603F0BBFB054632
:101AD000204609F0F2FAA9882A88891A491C09B215
:101AE000884209D1204608F0A2F9E9886A88891A53
:101AF000491C09B28842B0D0204611B0BDE8F0437D
:101B00000FF01EBD484603F09DFB0068132814D05B
:101B1000112812D0142801D012289ED194F83C002C
:101B2000616A10F003003AD001283ED0022829D182
:101B300044E04CE05AE029E134E194F83C00616A69
:101B400010F0030205D06420012A0BD0022A19D11B
:101B500010E0A08C401CB0FBF5F205FB120060F316
:101B60000F010FE094F82620521CB2FBF0F300FBAB
:101B7000132020E094F82720521CB2FBF0F300FB66
:101B8000132021E0204600F047F900289BD011B037
:101B90002046BDE8F04300221C2103F059BBA08C75
:101BA00000B1451E65F30F01ECE794F8260008B17B
:101BB000401E00E0642060F31741E3E794F827003B
:101BC00008B1401E00E0642060F31F61DAE70DF009
:101BD0005FFE606304F0D4FE04F1380104F0E6FE19
:101BE00011B02046BDE8F043F2F7E6BD04F0C8FEB0
:101BF0000600CBD004F005FF042876D0022874D06C
:101C00006946304604F0D2FE3068BDF90030B4F9C0
:101C10003820007E991A002900DCD11A814209DCA3
:101C2000BDF90220B4F93A30D11A002900DC991A22
:101C3000814208DD0DF02CFE6063BDF800102187A5
:101C4000BDF802106187BDF80010A08A081AADF82F
:101C50000000BDF80210E08A081AADF80200204624
:101C600009F02BFA87B20021204608F0ECFD01466E
:101C7000BDF800207808121A13B2ADF80030BDF894
:101C800002200127121A401A12B200B2ADF8022047
:101C9000412807DD01EBD171A0EB610000B24128C2
:101CA00000DA412013FB03F112FB021110FB00F0DC
:101CB000814200DA0027606B0DF0E4FD57B3BDF9F7
:101CC0000210BDF90000FEF74DF8B0FBF5F105FB81
:101CD000110094F83C20616A12F003023BD0012A03
:101CE0003CD0022A47D140E0FFE7204609F0E5F961
:101CF000A18A00EBD07001EB6000ADF80000204637
:101D000008F095F8E18A00EBD07001EB6000ADF8C7
:101D1000020079E73168898B8142BFF4D4AE94F830
:101D20003C0041073FF5CFAE00F003010322491C00
:101D3000B1FBF2F302FB131161F3010084F83C00E4
:101D400020460FF0FDFB204609F0EEFC04F018FEE3
:101D500004F06AFF81E660F30F010CE06422504357
:101D600090FBF5F060F3174105E06422504390FBCF
:101D7000F5F060F31F61204600F04EF80028E9D02E
:101D800000221C21204603F063FA66E6484603F071
:101D900059FA064601682A4604F11400EFF751F992
:101DA00030715AE64846F4F729F84E46484603F0A3
:101DB0004BFA0446304603F00FFA0646684601F037
:101DC000B1FC6A463946204609F052FBADF8005096
:101DD00094F82C00C00707D0204600F011F81090AE
:101DE000BDF84000ADF8040021460EA8FAF7A4FEA5
:101DF0000EAA6946304601F081FC2EE648620208D0
:101E000008B590F8272090F82610808CFFF721FC69
:101E10000090BDF8000008BD10B5044688B24FF42C
:101E2000B472904205D9B0FBF2F302FB130060F3E9
:101E30000F01C1F307426420642A01D960F31741FE
:101E40000A0E642A01D960F31F61A08C8AB2904205
:101E50000CD194F82600C1F30742904206D194F8C1
:101E600027000A0E904201D1002010BD2046616279
:101E70000FF066FB204609F057FC012010BD70B53D
:101E80000C00054611D000F007F910FB04F05030AB
:101E9000B0F5A07F0BDB284600F0FEF810FB04F045
:101EA000A021503090FBF1F002E0002000E0012082
:101EB00000B270BD2DE9F0410D461E46174604469E
:101EC0001C2106F07DFBC4E90057C4E90256BDE8B9
:101ED000F081000038B50446502106F071FB4FF444
:101EE000A0702080F02060804FF0FF30A080E08064
:101EF0000020208160812069822120F0400040F094
:101F0000080061F3D01020614FF4FC60ADF80000D0
:101F10000090BDF8000020870248206460645820CB
:101F2000A06438BDC5400108F8B505464F48EFF735
:101F300079FD040002D0E86B08B10AE0FEE7A86C66
:101F400006F0A4F9060079D001462A6C284690478D
:101F5000EE634FF4B471204606F032FB0120256099
:101F6000C4F85401082104F5AC70EFF753FD404E5E
:101F700022461E21F7683F48F4600DF0EDFC6060DA
:101F800000285CD0286981070AD529886A8811FB56
:101F900002F1EA68D268914202D920F00200286179
:101FA000BDF800101F2060F304013F2289B262F3E4
:101FB0004A1189B260F3CF21ADF8001088B20090C9
:101FC000BDF800000090BDF800006085FF2084F897
:101FD00029000DF037FC80B30DF0D8FBA060002085
:101FE00007F0CAFA2061002007F0C6FAE06100207D
:101FF00007F0C2FA204D20622A460021E0690AF06B
:1020000046F92A460021206A0AF041F90221E069D6
:1020100007F022FA0221206A07F01EFA0021E06987
:102020000AF058FC0021206A0AF054FC206909F0EB
:102030007BFBF760A7B114E000E001E0FEE7FEE7FC
:1020400000200AF0CFFE054605200AF0CBFE01462F
:102050000A48009000232A4620460DF0A1FBBDE768
:10206000F46060680DF049FD2046F8BD401700207F
:1020700060010020AD110008FFFF0F00A49D0208C1
:10208000C26800211161C068416170470148C068A1
:10209000704700006001002010B90548C06820B1F9
:1020A00000680069C0F3C9107047822070470000C3
:1020B000600100200068C0687047000018B9094836
:1020C000C068002809D00068017CC1F30111012912
:1020D00004D0032902D0B0F900007047B0F9020023
:1020E000704700006001002010B518B9FFF7CEFF5F
:1020F000002800D0006A10BD10B518B9FFF7C6FF60
:10210000002800D0C06910BD18B101460248EFF7A1
:1021100076BC0148EFF761BC4017002010B518B934
:10212000FFF7B4FF002800D0006910BD10B518B942
:10213000FFF7ACFF002800D0406910BD10B508B90A
:10214000FFF7A4FF806810BD18B90948C0680028CF
:1021500009D00068017CC1F30111012904D00329D1
:1021600002D0B0F902007047B0F9000070470000DB
:102170006001002010B518B9FFF788FF002804D0CF
:10218000D0F85401002801DD012010BD002010BD51
:1021900008B500210B460A4600910BF08BF908BDEB
:1021A0007CB50E7BDDE90654022E08D94E88002E40
:1021B00005D0A54203D0CDE900544469A0477CBDB9
:1021C00038B50446102106F0FBF901206080FF209D
:1021D0002073BDF80010002060F3040189B260F3A1
:1021E0004A1189B260F3CF21ADF8001088B2009097
:1021F000BDF800000090BDF80000208038BD2DE93A
:10220000F04F85B0824610B294468B460FFA82F9A1
:10221000AAEB000EDDF838800FFA8EF20492ABEBD9
:10222000000217B203920AEB000203F5B471119C8D
:1022300058441E46029212B203B2019088457DD0E6
:102240004FF4B4718E4202D9A6F5B476B6B2884581
:1022500003D9A8F5B4701FFA80F80F99ACEB010010
:1022600000B20090109818B101EBD1704010401CE2
:1022700005B25A21B6FBF1F0B8FBF1F1C0B2C9B218
:10228000042800D10320042900D1032188427ED1F3
:1022900046457CD868B3012854D0022878D003285A
:1022A0007ED106F15A0000B20DF068FD009910FBD6
:1022B00001F10AEBE130401B208030B20DF05EFDF1
:1022C00010FB09F10BEBE130401B608008F15A0074
:1022D00000B20DF053FD10FB09F10AEBE130284488
:1022E000A0800FFA88F00DF049FD009910FB01F174
:1022F0005AE130B20DF042FD009910FB01F10BEBF9
:10230000E130401B60805A3630B20DF037FD10FBD3
:1023100009F10AEBE1302844A0800FFA88F00DF0B3
:102320002DFD10FB09F10BEBE1302844E08008F1B2
:102330005A0000B20DF022FD009900E0E6E010FB2B
:1023400001F129E030B20DF019FD10FB09F10BEBA2
:10235000E1302844E0805A3630B20DF00FFD00998C
:1023600010FB01F10AEBE1302844A0800FFA88F05D
:102370000DF004FD009910FB01F10BEBE130401B67
:10238000608008F15A0000B20DF0F8FC02E036E07F
:1023900009E005E010FB09F10AEBE130401B208069
:1023A00005B0BDE8F08F06F15A0000B20DF0E6FC72
:1023B00010FB09F10AEBE130401B208030B20DF038
:1023C000DDFC009910FB01F10BEBE1302844E080CB
:1023D0000FFA88F00DF0D2FC10FB09F10BEBE130A5
:1023E000401B608008F15A0000B20DF0C7FC009954
:1023F00010FB01F10AEBE1302844A080D0E730B1B6
:10240000012837D0022861D003287ED099E0012925
:102410007CD108F15A0000B20DF0B0FC10FB09F1BC
:102420000AEBE130401B20800FFA88F002900DF09B
:10243000A5FC074630B280460DF0A0FC874201DAC9
:10244000029800E040460DF099FC009910FB01F164
:102450000BEBE130401B60805A3630B20DF08EFC41
:1024600010FB09F10AEBE1302844A08001982844D0
:10247000E08095E7022964D1AEEB050020800FFAD9
:1024800088F00DF07BFC10FB09F10BEBE130401BF9
:10249000608006F15A0000B201900DF06FFC074613
:1024A00008F15A0000B280460DF068FC874201DD59
:1024B000019800E040460DF061FC009910FB01F12D
:1024C0000AEBE1302844A08030B269E0032938D11A
:1024D00006F15A0000B20DF051FC10FB09F10AEBB5
:1024E000E130401B20800398401B608008F15A00B7
:1024F00000B20DF043FC10FB09F10AEBE130284477
:10250000A0800FFA88F0804601E019E019E00DF094
:1025100035FC009910FB01F730B206460DF02EFC99
:10252000009910FB01F0874201DD404600E0304693
:102530000DF024FC009910FB01F00BEBE03096E766
:1025400029B1049820806780A280E38028E708F101
:102550005A0000B203900DF011FC074606F15A0034
:1025600000B201900DF00AFC874201DA039800E006
:1025700001980DF003FC009910FB01F10AEBE1302A
:10258000401B208030B20DF0F9FB10FB09F10BEB82
:10259000E130401B608002982844A0800FFA88F048
:1025A0000DF0ECFB10FB09F10BEBE1305FE70000F5
:1025B0002DE9F0411D0017460E4604461AD0F07A68
:1025C00002281AD9D4F81CC0BCF1000F03D0204651
:1025D000E047012811D02B463A4631462046F1F714
:1025E000E5FF012809D006A239462046BDE8F041A2
:1025F00010F0F7BE02A23946F8E7BDE8F08100000E
:102600004E6F0A646174610038B58469049D002CC2
:1026100001D00095A04738BD38B50446182105F013
:10262000CFFF002211461046FFF76CF80090BDF86E
:1026300000000090BDF800002081FF20E072401CE7
:1026400060800120207538BD704700002DE9FF4FE4
:10265000B5B0887E429F1E4692460C4602287DD920
:10266000206800287AD03598006A002876D0202289
:1026700022A8EDF7DBFE20680390002E6ED03078A4
:1026800000286BD03598514682682EA8EEF7F1FBF2
:10269000002863D0207FB0F1000B01D14FF0010B77
:1026A000607F810707D4BAF80410BAF80000081A4E
:1026B000401C03B20FE0B4F91210009141F6FF7212
:1026C000CDE90120B4F91430314606A822680DF096
:1026D00019FCBDF918300398B4F912100025B0F9AF
:1026E00008906A1E01EB09000B90BAF80000ADF8E3
:1026F0001000BAF80210ADF81210B4F916000690E6
:10270000B4F918000144ADF8121007B3F8B9BAF9DA
:10271000021000291BDAD7F808C0ACEB0100002832
:1027200001DCA1EB0C000B99C1F1000C4FF48061AE
:1027300001EB4C01884200DD3A603868002806DB76
:102740000546BDF81210B8880844ADF81200617F44
:102750000020CDE90001B4F9142000E0A2E07019D6
:102760002D930399EFF772FC00EB050829E0617FD8
:102770000020CDE90001B4F9142006EB08002D9BE0
:102780000399EFF763FC454600EB0508BDF812001E
:102790000B99084400B2ADF812007FB110F5806FBC
:1027A0000CDB3868002809DA3D60BDF91210BAF96F
:1027B0000200081A7860BAF90200B860705D00285B
:1027C00070D0BDF9121001EB090035998968B1F993
:1027D00002108842CBDB5846CDF8C0B0BBF1020FE7
:1027E00002D0032816D029E0607F0090B4F914309D
:1027F000A8EB05017019039A0DF0E2FB074650465D
:10280000FDF773FAC01BBDF8101000EBD07001EBA0
:10281000600011E0607F0090B4F91430A8EB05016E
:102820007019039A0DF0CCFB07465046FDF75DFA90
:10283000BDF81010C01B0844ADF81000D4E9019B8E
:10284000D94502D94846D9468346A07F800717D08C
:102850000FA800F02CFAA089ADF83C00039890F97D
:102860000E0000B90120ADF83E00A07E8DF84400B6
:10287000A07F9DF84510C00860F301018DF8451058
:1028800000200E90FEF720FE3390FEF71DFE3190E3
:1028900012A800F047FF208AADF84C00BDF91000E7
:1028A00032906AE16DE100BFBDF810100698002774
:1028B0000844ADF81000701908972190A8EB0500A6
:1028C0002A90BAE00021A9F57F420991FF3A09D088
:1028D000ABF57F41FF3905D0AB4A29183046126865
:1028E0009047099008AB6A4601A92198EFF796FB3B
:1028F000607FC0070AD00198232802D0012F13D08F
:1029000004E047B1012F0AD0022F0BD0E0683190CC
:10291000022F4ED04FE008980E90012047E000278C
:10292000E06847E0002042E0202841D108990E9855
:10293000081A072801D0A08937E00E9A21982BA900
:102940001044062210F8013B01F8013B521EF9D158
:1029500000208DF8B2009DF8AD00FAF7F3FD0746B0
:102960009DF8AC00FAF7EEFD07EB001007909DF81C
:10297000AF00FAF7E7FD07469DF8AE00FAF7E2FD73
:1029800007EB001009909DF8B100FAF7DBFD074650
:102990009DF8B000FAF7D6FD07EB0010C2B2099817
:1029A000C1B20798C0B2FEF7C5FE339002200746B9
:1029B00043E033983190DDE90021039802F05CFD9B
:1029C0002C904FF6FF70814522D0834520D0099886
:1029D00048451DD358451BD2BDF81010ADF8241042
:1029E000BDF81200ADF82600A28A0A442C99491EAF
:1029F0001144ADF828100B9909AA491E0844ADF8F6
:102A00002A0012A9359800F079FEE089ADF8C400DB
:102A1000BDF8C400ADF8940004AA22A9019B359822
:102A200000F033F92C98002807DDBDF81010A08ABB
:102A300001442C980844ADF810002A990898814266
:102A40003FF640AFA07F800723D53298ADF8000055
:102A5000206802AB6A46B0F90810BDF93E0001EBF0
:102A6000D171491000EBD07001EB6000BDF812107D
:102A70000844BDF81010ADF80810ADF80200ADF82C
:102A80000A00BDF8C400ADF83C000FA9359800F06D
:102A900001F9A07FC0071FD03298ADF80000206870
:102AA000BDF8121002AB028940891144091A03983B
:102AB0006A4690F90D00081ABDF81010ADF808101C
:102AC000ADF80200ADF80A00BDF8C400ADF83C0056
:102AD0000FA9359800F0DEF8617F0020CDE90001F4
:102AE00006EB0800B4F9142007462D9B0399EFF775
:102AF000ADFA454600EB0508BAF80000ADF8100045
:102B00003098022802D0032816D029E0607F009078
:102B1000B4F91430A8EB05013846039A0DF050FAC9
:102B200007465046FDF7E1F8C01BBDF8101000EB5A
:102B3000D07001EB600011E0607F0090B4F91430B8
:102B4000A8EB05013846039A0DF03AFA07465046BD
:102B5000FDF7CBF8BDF81010C01B0844ADF810000D
:102B6000BDF812100B980844359900B2ADF8120068
:102B70008968B1F90610884203DC705D00287FF493
:102B800093AE39B0BDE8F08FE801002038B50446B7
:102B9000202105F015FDFF20A076FEF795FC0090A2
:102BA000BDF80000A0810B4820604FF6FF70606008
:102BB000A060FEF789FC0090BDF80000E0810520D0
:102BC0000AF010F90090BDF8000020820020E076A5
:102BD00038BD0000A49D0208036C002B00D01847EC
:102BE0007047436C002B00D0184770472DE9F04127
:102BF0000546C06B17460E46002826D0E86C05F047
:102C000045FB04001CD0E96C05F0DAFCEFF7AAF9EB
:102C1000296821626968E161A968A16100683A4692
:102C20002146007CC0F3801084F8240030682060C6
:102C300070686060EB6B28469847050001D003E0A0
:102C4000FEE7204605F0AEFB2846BDE8F08170B5F2
:102C50000C46054601F089FF206A2860E06968603B
:102C6000A069A860EFF77EF9006894F82420016954
:102C700062F386110161AA6C12B121462846904781
:102C80002046BDE8704005F08DBB30B4046AA44610
:102C900030BC604730B44C88002C06D00C7A022C33
:102CA00003D9446AA44630BC604730BC704738B58D
:102CB00004460A2105F084FC01206080FF20207278
:102CC000BDF80010002060F3040189B260F34A11DE
:102CD00089B260F3CF21ADF8001088B20090BDF842
:102CE00000000090BDF80000208038BD10B50346FC
:102CF0000A4A002052F8304024B1401CC0B21028CB
:102D0000F8D301E0102802D34FF0FF3010BD42F895
:102D1000303002EBC002516010BD0000B01800203E
:102D20002DE9FF4F81B08B460E9D16461C46B5F926
:102D30000A10B5F90C00571AB5F9082005F1100969
:102D4000ABEB020305F13C0AB4285DDAB5F90E20BD
:102D5000B42A7DDA00287BD0002A79D0904277DD32
:102D6000B1425ADC696D79434FEAA12CA96A7F1CF4
:102D700079438912A0F20F15582D01D8002909DBDB
:102D8000451E592D01D8002904DB5B38B32802D237
:102D9000002900DD0021A2F20F10582801D80029D7
:102DA00009DB501E592801D8002904DB5B3AB32AFD
:102DB00002D2002900DD0021ACEB010001EB600034
:102DC0000125C71AA74200DD2746002F0DDD3BB2C3
:102DD00032465946CDF80090019800F091F905006F
:102DE00003D13946019805F0EBFBA74200DD2746E9
:102DF000002F00DA0027CDF800A05DE0B54276D1C3
:102E0000284605B0BDE8F08F68DDB5F90E20B42A7C
:102E100064DD904262DDB14201DA0120F1E7696DC3
:102E200079434FEAA12CA96A7F1C79438912A0F249
:102E30000F15582D01D8002909DB451E592D01D841
:102E4000002904DB5B38B32804D2002902DD00E04E
:102E500044E00021A2F20F10582801D8002909DB14
:102E6000501E592801D8002904DB5B3AB32A02D24C
:102E7000002900DD0021ACEB010001EB6000012521
:102E8000C71AA74200DD2746002F0DDD3BB23246B0
:102E90005946CDF800A0019800F032F9050003D1A1
:102EA0003946019805F08CFBA74200DD2746002F2C
:102EB00000DA0027CDF800900BEB070001B2019873
:102EC000E41B384423B20746324600F019F90600E5
:102ED00094D12146384605F073FB8FE70127B846A9
:102EE000B42805D038B109DAB14209DC0AE047E07C
:102EF000B14210DC04E0B14202DC0CE0B14201DC82
:102F0000032708E0234632465946CDF80090019841
:102F100000F0F6F80746B5F90E00B42806D060B107
:102F2000B5F90A000FDAB04204DC0EE0B5F90A0088
:102F3000B04206DD4FF0030803E0B5F90A00B042E5
:102F4000F8DDBFB10EE0B042F4DD2346324659460B
:102F5000CDF800A0019800F0D3F8804657B1B8F141
:102F6000000F07D0032F02D0012F05D008E0B8F1E1
:102F7000030F05D1002044E74046B8F1010FFAD015
:102F800002203EE72DE9F8430546884640F26710E7
:102F9000411C089C1746002B01DA002302E08B42FB
:102FA00000DB0346002C01DA002402E08C4200DB47
:102FB00004469C4203DAC3F5B470204403E0E01AEF
:102FC000002800DC181BA5F86800AB81EC81A5F88F
:102FD00008806F8115482860012028718B4200D934
:102FE000FEE7B42B01D2002000E00120002C01DB21
:102FF0008B4200DDFEE7B42C05D3A4F1B401B42963
:1030000001D2002600E0012600903A46414605F133
:10301000100000F0CBF823463A46414605F13C004B
:10302000009600F0C3F8BDE8F8830000212D0108E8
:103030002DE9F8431E4617468846814600250C4C6C
:103040000DE00090D0F800C033463A46414648466D
:10305000E047002808D0022800D101250834206864
:103060000028EED115B10220BDE8F8830120FBE76E
:10307000B018002010B50179022906D0052913D116
:103080008068BDE8104005F08DB90446406900280D
:103090000AD00169002904DA406805F083F9606903
:1030A000EFE74169491E416110BD000070B5134D45
:1030B000060008D05FF0000455F83410B9B1087963
:1030C000022805D002E02868002800D0012070BD49
:1030D000887CB1F91020C007304601F1080102D008
:1030E000EDF75FFF01E0EDF7ECFE0028EED0641C89
:1030F000E4B2102CE0D3002070BD0000B018002016
:10310000F8B5069CA58A266A521B658A12B2491B2D
:1031100094F8285009B24FEAC57526B1009485B3DA
:10312000FBF7B6FDF8BD85B1207C810727D000F004
:103130000301012923D0022901D1511C1FD4C0430E
:10314000800728D1002A1ADC25E0227C02F0030443
:10315000022C14D0D543AD0711D0012C01D1002988
:103160000DDC920701EB030207D0002A13DB494272
:103170000FD50021002B0EDD0FE0002A02DA01201E
:10318000F8BD10E04A4206D49A420ADA991A10446D
:1031900005E0994201DB0020F2E7994201DA05F0EF
:1031A0000FFA0220ECE7FBF71DFEE9E72DE9FC47EB
:1031B0001C46DDF8288016460F468146B42B01DDFB
:1031C000B43C24B204F15A0000B20CF0D7FD07EB76
:1031D000601520460CF0D2FD06EB601000B2CDE980
:1031E00000082BB232463946484600F003F8BDE8E5
:1031F000FC8700002DE9F0470F46DDE90869984695
:10320000154604462C2105F0DBF9B54206D1B9F18B
:10321000030F03D16D1E761E2DB236B2B54205DD09
:103220004046B846074630462E460546278165810A
:10323000A4F80C80E68184F810906782A8EB070060
:103240004B46A582002801DD014601E0A7EB0801FD
:10325000721B002A01DD154600E0AD1BA94294F85F
:10326000281002DD41F0010101E021F0010184F8A4
:1032700028100025E561244E2660A5612571CE0742
:103280004FF480150DD020B195FBF0F65643B612E1
:10329000E66122B195FBF2F242439012A061E0692F
:1032A0000CE022B195FBF2F64643B612A66120B1BE
:1032B00095FBF0F050438012E061A069206298070E
:1032C00009D003F00300012808D0022813D0D84306
:1032D000800714D006E021F0020001E041F0020076
:1032E00084F82800216A88106062002901DA4042CF
:1032F0006062BDE8F087206A0028EFDCEBE7206A17
:103300000028EBDDE7E70000013101082DE9FE4F61
:103310008046DDF830900E461C4699F8120017469C
:1033200000F0010AB9F91050684609F10801FCF7EC
:103330007AFCBDF90200BAF1000F2FD0B84250DC80
:10334000BDF90600B8424CDBBDF900004119B1429D
:1033500005DCBDF904203119521B914209DDBDF98C
:1033600002104A19BA4240DCBDF90620521BBA428B
:103370003BDBBAF1000F18D0801B00D50020A04223
:1033800031DCBDF90410891B091A491C4218A242FC
:1033900000DD211A002926DB4044EFE0B84213DCAF
:1033A000BDF90600B8420FDBCEE7871BA7420BDC56
:1033B000002F03DB3946404605F002F9BDF9040051
:1033C000851B6D1C002D02DC0020BDE8FE8FA54290
:1033D00004DA611B08EB050005F0F2F81FB9A542FD
:1033E00001D10120F1E70220EFE7BDF80430821B94
:1033F000181A401C0FFA80FCBDF80600401A401C49
:1034000003B2781A00B2A84202DA281A401E01E07C
:10341000591B401AD9F8141000B20223CF6803EBED
:103420004003FB5A37F810609B1B1EB28B6849683B
:1034300033F8103037F810004FF0000700EB010BA5
:1034400002EB0C00401B18440FFA80F95019C01A07
:10345000401E05B2BAF1000F22D06BE0F11B01EB68
:103460000B0010F8010C029009EB07005FEA000A5C
:1034700008D4A24506DA18F80A1002980DF064FA8A
:1034800008F80A00B5EB070A08D4A24506DA18F8CE
:103490000A1002980DF058FA08F80A007F1C3FB293
:1034A000B742DBDB09EB0700A04201DA014600E08E
:1034B0002146002901DA002002E0A04200DB20467C
:1034C00000B2211A404405F07BF8A81B411CA14220
:1034D00001DA0A4600E02246002A01DA002402E06E
:1034E000A14200DA0C4621B2404647E0F11B01EB55
:1034F0000B0010F8010CC0F1FF00029009EB07006F
:103500005FEA000A08D4A24506DA18F80A10029801
:103510000DF01AFA08F80A00B5EB070A08D4A2451C
:1035200006DA18F80A1002980DF00EFA08F80A00E8
:103530007F1C3FB2B742D9DB681CA04201DA691C8C
:1035400000E02146002901DA002504E0A04201DA6A
:103550006D1C00E025462AB2A9EB0200A11A8842A0
:1035600001DA034600E00B46002B01DA002002E0FE
:10357000884200DB084601B208EB020005F020F8A3
:1035800031E700002DE9F0411546064688880A8893
:103590001C46801A401C02B2C8884B88C01A401CC6
:1035A00000B2824200DA1046B5EB600F00DD451034
:1035B000002D00DA002506F10800FCF734FB358207
:1035C000B47438483060022030710023C5B13648E9
:1035D00000214FF47A7200BFC1EBC10400EB8404F8
:1035E000B4F91840AC421BD1C1EBC10100EB810022
:1035F0004169491C41610169102D04DA012303E08E
:103600007361BDE8F0812B110B44934205DA102D54
:1036100001DA012200E02A110A4402617061F0E738
:10362000491C0429D8D300244FEA0401C1EBC10787
:1036300000EB8707D7F814C0BCF1000F07D12CB1FD
:10364000D7F810C0D4F810E0F44500DA3C46491C25
:103650000429EBD33CB16069401CC4E90430102D4F
:103660000EDA01200DE01C2004F010FE040006D04C
:103670001C2104F0A5FF4FF0FF3020610BE0FEE7B6
:1036800028111844904205DA102D01DA012000E0DB
:1036900028111A182261204629467461BDE8F041BC
:1036A000F0F7D8BB0D33010840180020F0B5002515
:1036B000094E07462C4600BF06EBC4004068B842DE
:1036C00004D156F83450204600F008F8641CE4B2E7
:1036D000102CF1D32846F0BDB01800200021421C68
:1036E00008D0054A002352F8301042F8303002EB7F
:1036F000C000436008467047B018002030B4D3883B
:1037000054881B1B5B1C1BB2012B09DB938814889C
:103710001B1B5B1C1BB2012B02DB036930BC18476F
:1037200030BC704738B50446382104F049FFFEF735
:103730001EF90090BDF8000024F8040FFEF717F9F9
:103740000090BDF800006080FDF7C8FE0090BDF855
:103750000000E080FF2525720220A072FDF7BEFE6A
:103760000090BDF800006083FDF7B8FE0090BDF842
:10377000000020850748206104F8015CA57584F8E5
:103780002650A57784F83250E07F20F03E001E30AE
:10379000E07738BDA49D02082DE9F04FCBB08346F9
:1037A000DDE95465087B984614460F4602287DD90A
:1037B000B7F90200002879D0AE4277D01AB281461C
:1037C0009246404500DD914601A8FFF7ABFF787BAC
:1037D00000F003008DF80600B86840B100208DF8B5
:1037E0000700B8680590387B8DF81E0005E0387B2F
:1037F0008DF807003888ADF808002188A8F101038A
:10380000A1EB0802ADF840206188A1EB0801ADF8FA
:10381000421020881844ADF84400B4F802C0ADF856
:10382000D4006344ADF84630ADF8D020ADF8D210E6
:10383000ADF8D630B7F802C06244ADF8D020B7F882
:1038400002C0614409B2ADF8D210B7F802C0A0EBD3
:103850000C00ADF8D400B7F802C0801AA3EB0C033B
:103860004FF0FF3C1BB2CDF80CC1401CADF8D63078
:103870004FF0000C00B2CDF810C1002812DD581A2C
:10388000401C00B200280DDD012347F6FF7234A969
:1038900037A8FFF777FE01204490002137A8FFF7F3
:1038A00025FA4390002347F6FF7200E02DE010A9AF
:1038B0003DA8FFF767FE00213DA8FFF717FA4590E6
:1038C00006F5B470A84205D005F5B4714FF4B47094
:1038D0008E4220D147F6FF70ADF8040010AA01A96E
:1038E0005846FFF70BFF4598FFF7F8FE4398401C3A
:1038F00002D04398FFF7F2FE3DA8FFF7BBFB4498C8
:10390000002802D037A8FFF7B5FB4BB0BDE8F08F19
:10391000A6F5B476B6B28642FAD202E0A5F5B47541
:10392000ADB28542FAD228B249900090B4F9022093
:10393000B4F9001033B219A84A93FFF723FB002112
:1039400019A8FFF7D3F94690B54203D9A81BC0F5D3
:10395000B47000E0701BDBF8081000913C282ADDF1
:10396000B8F10A0F27D95A20B6FBF0F1B5FBF0F0F9
:1039700000F00300ADF8540001A8ADF84CA0ADF87C
:10398000505001F0030116901294ADF84E60ADF85E
:103990005210ADF8569010A8CDE9170B12A8F5F704
:1039A000A7F812A8F5F76CF912A8F5F738FA12A8DB
:1039B000F5F723FB04E010AA01A95846FFF79EFE85
:1039C00019A8FFF757FB3DA8FFF754FB449810B127
:1039D00037A8FFF74FFB4698FFF780FE4598FFF7A3
:1039E0007DFE4398401C02D04398FFF777FE787B1A
:1039F00040078AD509F0FF0212AB51464A98F9F701
:103A000000FBBDF84800218812AA0844ADF8480020
:103A1000BDF84C0021880844ADF84C00BDF84A00C0
:103A200061880844ADF84A00BDF84E00618808443A
:103A3000ADF84E0015A80099EDF71BFA15AEC0B110
:103A4000002347F6FF7212A943A8FFF79BFD002150
:103A500043A8FFF74BF90546584610AA01A9CBF831
:103A60000860FFF74BFE2846FFF738FE43A8FFF734
:103A700001FB09F0FF0212AB51464998F9F7C1FA70
:103A8000BDF84800218812AA0844ADF84800BDF8E6
:103A90004C0021880844ADF84C00BDF84A0061880C
:103AA0000844ADF84A00BDF84E0061880844ADF8FE
:103AB0004E0015A80099EDF7DCF9C0B1002347F6D8
:103AC000FF7212A943A8FFF75DFD002143A8FFF78D
:103AD0000DF90446584610AA01A9CBF80860FFF773
:103AE0000DFE2046FFF7FAFD43A8FFF7C3FA009842
:103AF000CBF8080009E770B514460D460646F0F706
:103B000023FF224629463046BDE87040F1F7F1B860
:103B10007CB50446087E0D4602280ED9A268684688
:103B20002968EDF7A6F9002807D0616B09B1204696
:103B30008847626D2946204690477CBD2DE9F04FAD
:103B4000CD6889B00C46074615B1207C00287DD091
:103B5000207C012800D10025786881880088081A17
:103B6000401C00B20790BA6805A82168EDF781F9FA
:103B700000286BD0EEF7F6F983460068D7F800907E
:103B8000C16941BB017C490610D47968BDF9142094
:103B9000B1F90030B1F90210D21ABDF916305B1A32
:103BA000079901FB032209EB420113E07A68BDF992
:103BB0001630B2F90260B2F900209B1B079E7343D6
:103BC00003EB430303EB0901BDF914309A1A02EB2E
:103BD000420211448946D4F804A05FEA0A0114D0D5
:103BE00021688B88B1F90020B1F902109B1A5B1C87
:103BF0000FFA83F8BDF914309A1ABDF91630591A24
:103C000008FB01220AEB420A01E04FF000083DB335
:103C1000007C00070FD46069FCF74DF801460020D6
:103C200007E02A5C802A01D9FF2200E000222A5402
:103C3000401C8842F5DB60698288B0F90010521A96
:103C4000521C16B2BDF91420511A00E026E0BDF94D
:103C50001620B0F902002944101A06FB001500E0F6
:103C6000002678684188008849420AB2404201B281
:103C700005A8FCF759F8DBF80000C069D0B160680E
:103C80000028207E0DD001A9CDF8008081E86100D8
:103C9000534605A94846079A0CF0D6FD09B0BDE881
:103CA000F08F8DE86100A36805A94846079AF7F7E9
:103CB0008FFEF3E7607E80B161680029217E25D008
:103CC000CDF80080CDE90360CDE90115534605A983
:103CD0004846079A0CF078FBE0E760680028207EF1
:103CE0000BD001A9CDF8008081E86100534605A9F9
:103CF0004846079A0CF026FCD0E78DE86100A368DF
:103D000005A94846079AF7F7BFFCC7E7CDE9026067
:103D1000CDE90015A36805A94846079AF7F70EFCF8
:103D2000BCE72DE9F047B3F90240DDE908091D467B
:103D3000904614FB08F301EB4303B5F900100A9A0F
:103D400003EB4106B2F90230B2F9002003FB09F39C
:103D500000EB430000EB4207A888401A401C00B269
:103D60004FEA400A0AE052463946304604F056FB14
:103D7000641C06EB480607EB490724B2B5F90600B8
:103D8000A042F0DABDE8F0872DE9FF4FA1B00D4663
:103D9000824681681446DDF8B8901CA8FBF728FF1E
:103DA0001CA8FFF783F91A90288818B96888B0F51D
:103DB000807F01D0012000E0002019901C210BA879
:103DC00004F0FEFBE87A8DF84400287B4FF00006F3
:103DD00000F00F008DF8450006A80B90DDE91901F1
:103DE00001432CD1B9F1040F06D0B9F10E0F0AD05E
:103DF000B9F1140F21D022E0A87A00BB24980BA9B6
:103E0000CDE90B4013E021466846DAF80820EDF7CB
:103E100030F800280ED024980C9610940E90288923
:103E2000ADF8340002208DF83C000B946FE0504652
:103E3000FFF76EFE25B0BDE8F08FA87AF0B3DAF890
:103E400008000188ADF818108088ADF81C00DAF879
:103E50000820401A401C5688ADF81A60DAF808208D
:103E60000FFA80FBD288ADF81E20A3882788921B0A
:103E7000DB1B5B1C1BB21393E3886788521CDB1BA4
:103E80005B1C1BB217B21893EEF76CF8FEF716F92D
:103E9000804606A8FBF70FFF5E46404501D9B8FBF8
:103EA000FBF77E43700004F01FFA1790304604F0D1
:103EB0001BFA16900E9006A8109000E012E0022067
:103EC0008DF83C0017980C90BDF91E000A907F1EDB
:103ED000BDF81A001B973844ADF81E00B9F1040F65
:103EE0001DD116E0A0882188401A401C02B2E0884B
:103EF0006188401A2499401CCDE90B4100B2520060
:103F000002FB00100E90022010948DF83C000BA9CB
:103F10008DE7288818B96888B0F5807F01D0022025
:103F200000E001208DF83C00BEE006A91EA8FBF7CA
:103F30005FFE6088404202B22088404201B21EA863
:103F4000FBF7F2FE19980028DDE916010ED0CDE945
:103F5000041013991898CDE90001CDE902591EA962
:103F60005046139B249A00F0E5FD0BE0CDE90310C9
:103F7000CDE901591398009002461EA8189B249978
:103F8000F0F7F6F9A97A02295AD92A8992B2D70A02
:103F900017FB01F767F30F00C2F3451717FB01F793
:103FA00067F31F4002F01F0212FB01F262F30F03DE
:103FB000C1F1FF01CDE9031300223FE01799039BF4
:103FC00001EB420EBEF80010ADF81410BDF81470ED
:103FD00081B24FEAD72C1CFB031101EBC11C0CEB87
:103FE000C131C1F3C45CBDF85010C7F345186CF380
:103FF000CF214FEA104C18FB03CC0CEBCC1808EB8C
:10400000CC3CCCF3C55C6CF34A11DDF810C007F072
:104010001F071FFA8CFC17FB03C303EBC31707EB47
:10402000C333C3F3C45363F30401ADF8501089B232
:104030000091BDF80030AEF80030521CB242BDD342
:104040001A98F0B1BDF91A70DDF8588015E000BF7C
:10405000BDF918105B463A464046FEF7E9FF10B13D
:10406000022804D006E05946404604F0A9FA02208E
:104070008DF83C007F1CD8443FB2BDF91E00B84209
:10408000E6DA0BA95046FFF743FDBDF81E001B9969
:10409000401CADF81A00084400B20A99ADF81E00A1
:1040A000884201DDADF81E10BDF91A100A98814250
:1040B0007FF73BAF169804F063F9179804F060F9A6
:1040C000B8E6000010B50C465821204604F078FAF6
:1040D0001048606110482061104820631048206239
:1040E0001048A061104860621048A0621048E06269
:1040F000104860631048A0631048E06310482064D3
:10410000104860641048A064104860652C20E0648A
:1041100010BD00009937010859480108F73A010815
:104120001F430108893D010835440108D9450108AC
:1041300091480108334B0108233D0108234201083F
:10414000514101089D410108194301083D3B010807
:104150002DE9F04117460C460646EDF703FF0546EC
:10416000F807A06A20F000410BD0606904F028FA3B
:10417000A06A40F00041A1622868016941F0400155
:1041800004E0A1622868016921F0400101616069D1
:104190000834C6E90004B460BDE8F081FEB5054608
:1041A0000068029000980C4620F0E00000906868DB
:1041B000164681880088081A0099401C60F39421F3
:1041C00000916868C1884088081A0099401C60F313
:1041D0005F510091A06A002801DA052100E0042166
:1041E000009861F304000090206A2860E06968602C
:1041F000A069A860EDF7B6FE006894F824206B462D
:10420000016962F38611016104F108023146284612
:10421000FEF7CEF9284600F0A8FC684601F046FDFE
:10422000FEBD70B5064615460C46D00701D00020ED
:1042300070BDA80743D5A06A00F0004000F5C0405B
:10424000A0622046FBF737FDA16A400021F0004242
:10425000824202D960F31E01A162A06A20F00040F0
:1042600004F014F82146606168B9A06A00F00040CB
:1042700000F54060A06220F0004004F007F82146FD
:1042800060610028D4D00846D0E900128160E26065
:104290006188E181A1892089081A401CA16A00B2C5
:1042A00021F0004100EB400291FBF2F12182A16A72
:1042B00021F0004191FBF0F0411061822AE00846B4
:1042C000D0E900128160E260FBF7F5FC4100A06AD2
:1042D00061F31E00A06220F0004003F0D7FF606190
:1042E000A16A21F0004104F06BF9A06A05F0010514
:1042F00065F3DF70A0626069002899D0306004F136
:1043000008007060B060EDF72DFE0068016965F38C
:1043100086110161204670BD486904F043B8F0B5CC
:104320001C46074697B015460E46086800232246ED
:1043300001A900F0FAFFF0B3BDF80C20002A3FD02D
:10434000BDF80A1000293BD02888BDF80E3018446B
:1043500000B2ADF84C0033686D88B3F808C05B89D3
:10436000ACEB03032B44BDF810509B1A5B1B1BB234
:10437000ADF84E304518B968B1F900C065451FDB8E
:10438000B1F90450A8421BDC9818B1F90220904200
:1043900016DBB1F90600834212DC2146019800F0D9
:1043A000C0FF00280CD00199097B890708D101AB17
:1043B00013AA314600E005E000903846F2F7E4FC2D
:1043C00017B0F0BD202CFBD3A4F57840FF38F7D010
:1043D000A4F500500C38F3D02888BDF80E10BDF8B5
:1043E0001020084401B26888104402B2BDF80C00E5
:1043F000104400B20090BDF80A00084403B214A8AB
:10440000FBF79FFC05A8FFF78DF902208DF8170038
:104410008DF83E008DF84A008DF82E00B089ADF879
:1044200032000120ADF834003B6914AA05A93846D2
:104430009847C5E72DE9F0470E46B1F9021096B04E
:104440001C461546814600297ED0307A02287BD949
:10445000B5F90000B4F90020904205D1B5F9023059
:10446000B4F90270BB426FD0904200DB104601EB02
:10447000D171A0EB6100ADF84400B5F90010B4F9BA
:104480000000B6F90220814200DD084602EBD2713D
:1044900000EB6100ADF84800B5F90210B4F9020074
:1044A000B6F90220814200DA084602EBD271A0EB95
:1044B0006100ADF84600B5F90210B4F90200B6F992
:1044C0000220814200DD084602EBD27100EB610060
:1044D000ADF84A0011A90846D9F80820ECF7C9FC44
:1044E000002875D011A9D9F808A0C9F80810B5F9A5
:1044F0000200B4F90210884206D123462A4631460A
:104500004846F2F7A1FD0EE0B5F90000B4F900103D
:10451000234688422A463146484602D1F2F7FCFF3C
:1045200001E0F2F74BFE707A010701D440074DD548
:1045300002A8FFF7F7F83088ADF80C0047F6FF70D7
:10454000ADF80800307A00E042E08DF80B00B6F9D3
:104550000200471040F3000000F10108707A4007A4
:1045600018D528886A46C01BADF800006888C01BB3
:10457000ADF802002888C119A1EB0800ADF80400CD
:104580006888C119A1EB0800ADF8060002A94846E9
:10459000FFF7B4F8707A000718D520886A46C01B68
:1045A000ADF800006088C01BADF802002088C1197A
:1045B000A1EB0800ADF804006088C119A1EB080068
:1045C000ADF8060002A94846FFF798F8C9F808A018
:1045D00016B0BDE8F08700002DE9FF4F8BB01E46F6
:1045E0001746032B7ED3002F7CD0B00003F07CFE57
:1045F00005007BD00024386828602046721E15E034
:1046000007EB800137F92030B1F904C0634505D1CB
:10461000B1F90230B1F906C0634505D005EB84035A
:104620000968641C1960A4B2401C80B29042E7DBA8
:1046300007EB8600B7F9001030F9042C914205D140
:10464000B7F9021030F9022C914206D005EB840133
:1046500050F8040C641C0860A4B2032C43D37D49B9
:10466000D1E90001CDE90201002027E0BDF90820D1
:1046700035F920108A4200DA1146ADF8081005EB32
:104680008002BDF90A10B2F90230994200DB1946E6
:10469000ADF80A10BDF90C3035F920108B4200DD61
:1046A0001946ADF80C10BDF90E30B2F902108B426C
:1046B00000DD1946401CADF80E1080B2A042D5D3E3
:1046C0000B9802A9826805A8ECF7D3FB58B10B98A8
:1046D00005A90026806809900B988160B5F9021041
:1046E000012011E002E0284603F04AFE0FB0BDE8C9
:1046F000F08F00BF05EB8002B2F902208A4201DA96
:10470000114606B2401C80B2A042F3D32C2104FB18
:1047100001F003F0E9FD8346B2460490D1464FF024
:104720000008701E00D52044621E09F101010892A4
:10473000914200DD002135F8262035F8203035F88B
:10474000217005EB80009B1ABF1A428805EB86009A
:1047500005EB810140884988121A081A0021079147
:1047600012FB07F110FB03F0814267DA012007908A
:1047700001E00798F0B308980AF10106864200DDCF
:104780000026B9F1010700D5274405EB860005EBAB
:104790008A01B0F90200B1F90220904216DB12D072
:1047A00035F9263035F92A108B420CD04FF0010C28
:1047B000CDE9000C5846FEF71DFD58460499FEF75A
:1047C00095FA0BF12C0B08F10108B246A04523D055
:1047D00005EB870005EB8901B0F90200B1F9022071
:1047E000904217DB13D035F9273035F929108B4269
:1047F0000DD000E022E00026CDE900065846FEF785
:10480000F9FC58460499FEF771FA0BF12C0B08F1EC
:104810000108B946A045ACD3DDE90B0102AAFEF7B9
:104820006DFF0498FEF742FF049803F0A9FD2846A7
:1048300003F0A6FD0B990998886057E7BAF10106C5
:1048400000D52644089809F1010787429DDD00271D
:104850009BE70000B861020870B514460D46064695
:10486000F5F7FAF9224629463046F0F76DF8224668
:1048700029463046F0F73DFA224629463046F0F701
:104880002AFB224629463046BDE87040F4F716B8A8
:104890002DE9FF4FA1B00D46309FDDF8CCB04FF4AD
:1048A0008031B7F900004FF00A0940421A90788829
:1048B000B1FBF0F01A99199091FBF9F478681D900A
:1048C000604200EB800001EB400604F1010820B2D9
:1048D0000BF054FA05900FFA88F00BF04FFA82466D
:1048E0005A3420B20BF04AFA044608F15A0000B2DA
:1048F0000BF044FA02460598C6F10A0101FB00F3E9
:104900000AFB063393FBF9F0614302FB0611179093
:1049100091FBF9F0189017984011179018984011D2
:104920001890BDF9740000021B90BDF976000002DA
:104930001C90A8882988401A401C04B2E88869881D
:10494000401A401C0FFA80FA002648E00CA800909C
:10495000B5F90200B5F9001082190BAB13A811F0DC
:104960007CF90EA80090B5F90200B5F9041082197F
:104970000DAB13A811F071F90B9B0D980E99A0EBDC
:1049800003080C980022A1EB000C1146012C08DD55
:104990004FEA0822611E92FBF1F24FEA0C2C9CFBBD
:1049A000F1F103F180093B7D8030DB071CD0DDE9AC
:1049B000318CCDF80090CDE9010203AB83E81210F1
:1049C000CDE906B8DDE92301DDE92E23EEF7C8F9CC
:1049D0003298761C00EB4400A34436B23290564520
:1049E000B4DB25B0BDE8F08F319B042B54D0052BF0
:1049F00013D0062B50D0142BEAD1239B1E93249B5B
:104A000012932E9B079305912F9B3299864609920C
:104A10000020CDF88090109188E0239B1293249B76
:104A20001093DDE92E3C0491CE4632998146E04652
:104A30000192002009912CE0049A019942434143DC
:104A40000EEB212109EB222209124FEA222207D480
:104A5000DDF840C0614503DA002A01DB9A4203DB3E
:104A600000210BF8001012E002FB0811DDF848C02D
:104A700001EB410161440A7891F801C002EB0C227C
:104A8000DDF824C02CF810208A780BF80020401C98
:104A900000B2A042D0DB9BE7DDF8C8C0CDF80090A3
:104AA000CDE901020DF10C0888E81210CDE906B33A
:104AB000DDE92301DDE92E230DF059F988E7099995
:104AC000209A414302EB2121059A42430EEB222218
:104AD00009124FEA222209D4DDF848C0614505DAFF
:104AE000002A03DBDDF81CC0624501DB002219E06F
:104AF00002FB0319DDF87880DDF840C008EB4908B7
:104B00000CEB4009B8F80080A9F80080DDF81C80A3
:104B100003FB08FCDDF8788008EB4C0C614402FBD9
:104B200003110A780BF80020401C00B2A042C6DB3B
:104B30004EE770472DE9F04387B08946DDE9125111
:104B4000DDE91076DDE90E8C70B1C46A002C08D066
:104B5000CDF80080CDE904510396CDE901C749465F
:104B6000A04707B0BDE8F083FEE7416B002900D005
:104B70000847704710B50446012104F0A7FC4FF622
:104B8000FF7060870121606A04F064F8204600220B
:104B9000BDE81040202100F05BBB000070B5002094
:104BA0000C46486216A1C4E90B10A06294F83C10B0
:104BB00041F0300184F83C10E08620874FF6FF7109
:104BC0006187A08694F83C004FF4806120F00F00CC
:104BD000083084F83C00204604F03CF809A1204647
:104BE00000F08FFA204605F067F901460C4804F002
:104BF00069FB054604F0DAFB65626C6270BD00007B
:104C0000EF81B8004F7074696F6E20310A4F707475
:104C1000696F6E20320A4F7074696F6E2033000026
:104C200014A1020810B50146034804F04BFB0446EA
:104C300004F0BCFB204610BDF8A0020870B5486A1D
:104C40000C46002510B104F0A3FC656294F83C000A
:104C5000C00603D4206B03F0A5FB256370BD0000E4
:104C600070B50E463F4804F0FBFF012843D13046A3
:104C700000F0ACFA0546304600F0E6FA04460E2D88
:104C800014D00F2D21D0102D1FD0082D21D02A2D6A
:104C900023D0292D21D02C2D23D00D2D2CD0152D16
:104CA00029D13046BDE87040F2F7ECBE05F0BAF805
:104CB00000F05AFF054601F063FE01F0A2FE042851
:104CC00019D17DBB218F2046E186BDE87040FFF7FA
:104CD00051BFBDE87040EEF736BBBDE8704007F04D
:104CE000E7B9304600F0AEFA05460021204606F04E
:104CF0009EF80089688070BD304600F0A3FA007805
:104D0000132810D012280ED0142817D0112815D02F
:104D10001B28D7D00A28EED101F042FEA042EAD0EB
:104D20002046D6E719E0204600F050F8A8B1E08E02
:104D3000A18E401C8842DED2214608E0204600F0C9
:104D400045F850B1E08E0028D5D02146401EE086BF
:104D5000BDE8704008460CF0C2B82046BDE870407F
:104D600000F090B8F8A00208C08E70472DE9F0411D
:104D700004460025006B90460E462F4620B1EBF707
:104D800036FB0246002008E00F70BDE8F081216B81
:104D9000095C0A2900D16D1C401C904202D2218F6F
:104DA000A942F4D10021A8F1010507E0B8F1000FF4
:104DB00001D0A94208D27354401C491C904203D22E
:104DC000236B1B5C0A2BF1D17754DEE710B5406AE8
:104DD000012106F0BBF980F0010010BDF8B50F46C7
:104DE000084600F0F3F90546182805D0394624484E
:104DF00004F036FF01283AD1384600F025FA446A1B
:104E00000646082D0ED0012D17D0092D30D0182DB3
:104E10002DD13846F2F72FFC3946BDE8F840184846
:104E200004F01EBF01F0ACFD01F0DFFD00281ED133
:104E30003046BDE8F840FAF7C2B801F0A1FD050020
:104E400015D001F0DEFD012804D0284601F0D9FD7F
:104E500003280CD16946284601F0A8FDBDF90210CF
:104E60002046F7F7D5FD6087304606F05DFCF8BDBB
:104E70004FF6FF7060873046BDE8F84006F054BC3E
:104E800014A102082DE9F8430446012103F026FF8E
:104E9000204605F011F80146606A07F082FC4FF0E9
:104EA000FF31606A06F0A6FD0121606A04F0D4FAC1
:104EB00000221F21204600F0CBF92046F7F7CCFE58
:104EC0008046216B02F075FF42F2D171606A07F0F3
:104ED000C7FE404607F03AFF606A06F0EEF8054666
:104EE000204606F0EAF885420EDC94F83C0000F01B
:104EF0000F00042801D0082806D1204606F0DDF86E
:104F00000146606A07F0ACFE404604F090FF074699
:104F10000021606A05F000FD05460021606A05F089
:104F2000DBFE461900211122606A05F0F3FE2844D9
:104F3000B919084407B294F83C003D4600F00F064A
:104F4000082E02D0042E1ED034E0FDF79FF8FDF7A6
:104F5000FBF8B4F91A10294488422BDAFDF796F8C9
:104F6000FDF7F2F8B4F91A10411AB4F916008142AB
:104F700001DA042605E0FDF789F8FDF7E5F8618B15
:104F8000401A401E15E0B4F91600401B12D5FDF77B
:104F90007DF8FDF7D9F8B4F91A10B4F91650411A92
:104FA000A94207DD0826FDF771F8FDF7CDF8618B02
:104FB000401A05B2BD4200DD3D462946606A07F051
:104FC000BBFB20460BF08BFF0020082E06D0042EE2
:104FD00009D0012E0CD0022E0FD015E00090002336
:104FE0000D22606A0DE0009000230A22606A08E04A
:104FF000009000231022606A03E000900023606AA2
:105000001322214603F0D6FE606A07F09FFE94F853
:105010003C0000F00F00012801D0022818D1606A7E
:1050200006F06DF80646606A06F085F80546FDF75D
:105030002DF8FDF789F8A8420ADCFDF727F8FDF7FF
:1050400083F8281A301A401E01B2606A07F034FE55
:1050500000214046226B04F01BF9022808D04FF0D3
:10506000000303281A4601D0012104E0032102E0D5
:1050700000231A46022101B04046BDE8F04303F088
:105080008BBE2DE9F0410E00044603D00025A58615
:10509000284606E0FEE70A2902D1A18E491CA18616
:1050A000401C315C0029F6D1A08E401CA086E5860C
:1050B00025873046EBF79BF9471C206B30B194F8FD
:1050C0003C10C90602D403F06DF92563384603F09D
:1050D000DDF8206390B13146EBF765F994F83C00B8
:1050E00020F01001204684F83C1006F01DFB606A99
:1050F000002804D0BDE8F04106F016BBFEE7BDE88D
:10510000F08170B50E00044603D00025A58629461F
:1051100006E0FEE70A2802D1A08E401CA086491CAA
:10512000705C0028F6D1A08E401CA086E5862587FD
:1051300094F83C00C00604D4206B10B103F032F99F
:10514000256394F83C0040F0100184F83C102046A0
:10515000266306F0E9FA606A002803D0BDE87040D3
:1051600006F0E2BA70BD10B50446C08E88420FD07A
:10517000A08E884200D8411EE1862187606A10B166
:1051800020460BF0ACFE2046BDE8104006F0CCBA3D
:1051900010BD10B50C464FF48061204604F05CF958
:1051A0000421204604F058F94FF40031204603F062
:1051B00051FD0121204603F04DFD2046BDE8104081
:1051C00001F00CBF486A002141627047007A20F06C
:1051D0008000704740687047017A15290BD0142968
:1051E00009D0162907D0182905D0172903D0192965
:1051F00001D00020704700697047017A01291FD053
:1052000002291DD003291BD0042919D0052917D044
:10521000062915D0072913D0082911D009290FD044
:105220000A290DD00B290BD00C2909D00D2907D044
:105230000E2905D00F2903D0102901D00020704776
:10524000006970470069704700687047C068704720
:1052500010B588B0C0B1009001908DF80810002002
:10526000CDE903029DF81800084C20F007008DF8E6
:10527000180060680590C4F804D06846F6F77AF81C
:105280000599616008B010BD0120FBE70C0000200B
:10529000027A132A06D10069B0F900208A4200DDA3
:1052A00011460180704710B500F004F8BDE81040C9
:1052B00000F072BB10B500210C4802F095FD0C4CBB
:1052C0002080002009F0A8F86080042009F0A4F8EC
:1052D000A080042009F0A0F8E080042009F09CF8E8
:1052E0002081042009F098F8608110BD31C10008C8
:1052F0005400002010B5092900D120210469F7F7D6
:10530000F7FA002806D0616801EBC000618A890BBA
:1053100001D0002010BD00682168C0F313000844CC
:1053200010BD08B142681047FEE72DE9F0479A46E4
:1053300090460C46070011D08CB100260546B146B8
:105340002660D5F800C05346424621462846E0472D
:1053500040B1A07BC00603D425600EE0FEE7FEE767
:1053600006B92E466D69002DEBD14EB13568534616
:10537000424621463046A84726600120BDE8F08716
:10538000B8F1200F20D3A8F57841FF391CD0A8F53B
:1053900000510C3918D0B7F9080000EBD070400864
:1053A000E080801CA080C4F8009039892181A4F895
:1053B0000A90A4F80C90A07B20F00F00401C40F055
:1053C0001000A0730020D9E74846A4F80690E9E74A
:1053D0002DE9F0479A460C468146092A47D0002617
:1053E0001146D9F81050F7F783FA071E3DD0E86848
:1053F0004FF0000850B151464846F7F779FA0200DD
:1054000004D039464846F7F74FFB80466868298A3A
:1054100000EBC70001FB08F10A110168090D002E1D
:1054200002D000BF4FEA4101114401F108014FEAE7
:105430001111A180417921810179E18090F9062043
:10544000628190F90700A081688A4FEA5022A07B10
:1054500062F3030020F01000A07304D04FF6FF7039
:1054600000EA4100E0804FF00100BDE8F0874FF016
:1054700001064FF02002B3E71FB540B113460A46BC
:105480006946FFF752FFBDF8040004B010BDFEE707
:1054900070B504464068B0B1C268B2B121689047A7
:1054A00005466068408840B1A06830B1C06808B166
:1054B00002F078FFA06802F075FF002020606060B5
:1054C000A060284670BD0B2070BD092070BD000093
:1054D00010B504460748ECF780FA08E00868007841
:1054E000A04201D1086810BD0248ECF788FA01001B
:1054F000F4D110BD5817002010B50446EAF777FF25
:1055000040B1215C2E2907D02F2903D05C2901D07E
:10551000401EF6D102A010BD2044401C10BD00006A
:105520000000000010F8011F3A2900D1401C70470C
:105530002DE9F04117460E0005462BD03078FFF7D5
:10554000C7FF040028D0616809B1884730B3A0685C
:1055500030B33046FFF7E6FF0146A3683A462046DF
:105560009847F8B1411C1DD0C5E90004608870B1AE
:10557000102002F08BFEA860B0B1102103F020F8DB
:10558000A9684FF0FF300860A9684000486000201B
:10559000BDE8F0810B20FBE70320F9E70120F7E7E6
:1055A0000920F5E70C20F3E7FEE77CB51C004FF07F
:1055B000000500D02560436853B11B6953B10195C4
:1055C00045686B88002B01AB06D000F012F80BE0A9
:1055D0000B207CBD09207CBD0093006813460A4661
:1055E00001462E692846B047002CF4D0019921606D
:1055F0007CBD2DE9FF4F0546806814460027D0E9A1
:105600000021D0E902808146686883B09A46B0F8EC
:1056100002B0424549D8884547D2A8EB020080B283
:10562000ABEB0006A1EB08018E4200D30E46B4425C
:1056300009EB000106D82246049802F0EFFECAF8F2
:10564000004066E03246049802F0E8FE0020019037
:1056500001A85C45009008D90498A31B8219D5E9DC
:1056600000100769B847074617E0D5E900105B4608
:1056700007694A46B8470746A86842680260A968B1
:10568000019802444A60A11B814200D2084682B2BE
:1056900004984946304402F0C1FE01983044A042CB
:1056A00000D20446CAF8004030E05C4508D9CDF885
:1056B00000A0066929682346049AB047074625E0FA
:1056C000B9F1000F06D1584602F0E0FDA968C860A4
:1056D000F0B181460020019001A80090D5E90010AA
:1056E0005B4606694A46B0470746A868C0F800808E
:1056F000019AA86808EB02019442416000D2224658
:10570000CAF800204946049802F088FE0FB106E06E
:10571000FEE7A868DAF8001082681144816007B0DB
:105720003846BDE8F08FF8B545680446E5B1AE6986
:10573000E6B16B880020C3B3D2B1012A21D0022A7E
:1057400011D1134620680A4601462846B047002872
:1057500009D1D4E900106A46C3699847002802D1EC
:10576000A26800999160F8BD0B20F8BD0920F8BD32
:10577000A2689160A3680A461D68A9420CD35968C3
:1057800008E0A3689A680A449A60A1680B689A4284
:1057900002D349688A42EAD9D4E900100023846917
:1057A00001B0A446BDE8F0406047FFE7134620681B
:1057B0000A46014601B02846B446BDE8F0406047BD
:1057C0002DE9FC410C468178154611FB04F10912C4
:1057D0008A4202DC0088BDE8FC81027A00EB82018B
:1057E00011F8023C13FB04F31B129D4202DB31F85B
:1057F000040CF0E701235EE000EB8301897811FBE4
:1058000004F109128D4254DC00EB830737F8040DD4
:10581000ADF804000198FCF787F80646B888ADF8A3
:1058200004000198FCF780F80146B87810FB04F0FA
:10583000BA79001212FB04F2D0EB22223DD0281AD2
:1058400000B2C0EB002090FBF2F0C2B2C2F1FF0345
:10585000C8B210FB02F0F4B214FB030000EBC0145A
:1058600004EBC030840EBDF8000064F30400C1F303
:10587000072414FB02F4C6F3072515FB034404EBCD
:10588000C41505EBC434640E64F34A10C1F3074138
:1058900011FB02F1C6F3074212FB031101EBC11227
:1058A00002EBC131890E61F3CF20ADF8000080B268
:1058B00091E75B1CDBB29A429ED8FEE74168002963
:1058C00001DA02F06FBD7047FEB50546407A164614
:1058D0000C4640072FD0224F387820B9002000F026
:1058E00043F801203870687A00F00700022818D0C9
:1058F0004FEA060080EA64006840019000200090B2
:105900006A4601A91748F9F73DF801280BD032463D
:1059100021462846EDF746F8009000280BD00024D9
:1059200018E02046E6E700980422416802EBB171D6
:105930004FEAB1014160FEBD22462846FFF740FF15
:1059400002900098BDF80810806800EB4400641CC9
:10595000018024B20098B0F90E10A142ECDCFEBD2B
:105960004000002091BA000870B5094D044628682F
:1059700002F018FD204602F089FC2860054DA86061
:1059800020B1214602F01CFE6C6070BDFEE70000F5
:10599000A00100204000002010B50021164802F0B0
:1059A00023FA164C2080042008F036FD6080042085
:1059B00008F032FDE080042008F02EFDA0800420D5
:1059C00008F02AFD2081042008F026FD60820420D2
:1059D00008F022FD2082042008F01EFDA081042092
:1059E00008F01AFD6081042008F016FDE081042013
:1059F00008F012FDA08210BD71D4000860000020E4
:105A000070B506000C4633D0084600F0D1F8304699
:105A1000EBF7E3FF05E00868A04229D03046EBF73A
:105A2000EEFF0100F7D1204604F0FCF940B1A16877
:105A3000896829B1C9680968A14201D100F0A3F8B9
:105A4000A06810B9204603F021FBA06886603046AC
:105A5000ECF737F805000AD030462C60EBF7BDFFB5
:105A6000A84205D13046BDE8704000F08CB8FEE792
:105A700070BD000010B50446074A0849F6F7C0FC9F
:105A80006269002A06D0002804D12046BDE81040F3
:105A90000121104710BD0000FF190008DB190008A4
:105AA00070B5060043D004F0BDF904003FD0207F5C
:105AB000C0073CD10021204600F0D7F82046EBF784
:105AC0008CFF32E02868B0422BD1E06888B10068D2
:105AD000B0420ED02046F6F7BFFF0246E0680F2125
:105AE0000068FFF7B5FB012821D1E068006805F0E8
:105AF0001BFEE560002D1AD0216909B120468847B8
:105B00002046F6F7A9FF0246E0680E210068FFF77D
:105B10009FFB01280BD1E0680068BDE8704005F0EC
:105B200003BE29462046EBF76AFF0500CAD170BDC7
:105B300010B50446074A0849F6F762FC6269002A74
:105B400006D0002804D12046BDE8104000211047AF
:105B500010BD0000071A00080D1A0008014800686F
:105B60007047000014000020002802D0007FC0F31E
:105B700040007047002803D0C068002800D00068AB
:105B80007047EBF72EBF70B50446007FC0F3C00529
:105B900040F0080020774007204602D4FFF76AFF54
:105BA00001E0FFF7C5FF207F65F3C300207770BDDC
:105BB0002DE9F041064604F035F904003DD0E068D7
:105BC000002740B30068B04220D1207FC10702D037
:105BD00020F0010020772046EBF7FFFEE1688842C5
:105BE0000FD12046EBF712FFE168884209D1204629
:105BF000F6F732FF0246E0680F210068FFF728FB46
:105C000002E02046FFF7BFFFE06820B1E0680068CF
:105C1000B04200D1E7602046EBF7DFFE11E02868D4
:105C20002946B04220460AD1EBF772FF284602F01F
:105C3000B9FBB068002800D08760BDE8F081EBF7C1
:105C4000DEFE0500EBD1F8E713B5FFF793FF040084
:105C500003D0802105F086FA08B101201CBD01AAFD
:105C60000D212046FFF7F4FA1CBD70B504001CD0CE
:105C7000207FC0F340028A4217D061F341002077B1
:105C80002046FFF777FF05000FD02046F6F7E4FE29
:105C90000246E0680E210068FFF7DAFA012804D115
:105CA0002846BDE8704005F03FBD70BD7047014615
:105CB00000200F290AD2DFE801F009090909080AC2
:105CC000080C0E10120C0E10120010207047182035
:105CD0007047012070470220704704207047082059
:105CE000704701460020891E0D2909D2DFE801F026
:105CF0000708080708070707070707070700012025
:105D0000704701460020032901D0062900D1012057
:105D1000704770B500254D6291F838000C4620F0B0
:105D20007C0040F0030081F83800084605F0C5F912
:105D3000A085204604F07BF8E08525864FF480702E
:105D4000E08694F83800022140F0800084F83800A2
:105D5000258565856586A58684F83950204603F03B
:105D60007BFB2046BDE870404FF4803102F072BFEB
:105D700010B50146034803F0A5FA044603F016FBEC
:105D8000204610BD30A1020870B54C6A0D46002CAB
:105D900012D0287C012802D12046FFF779FBE06869
:105DA00008B102F0FFFA206908B102F0FBFA2046C0
:105DB00002F0F8FA0020686270BD00007FB514465A
:105DC0000D46084600F092FD20B1012817D00228A8
:105DD00039D035E0296801F01F00001F11282FD2AB
:105DE000880A216860F3942121602868400D60F3DF
:105DF0005F512160287860F3040121602FE028467C
:105E0000FFF77AFB17A1EAF76BFBC8B90222294614
:105E10006846FFF78DFB68B903AB0422214668464C
:105E2000FFF7C3FB05466846FFF732FB45B9039809
:105E3000042805D1207800F01F00001F11280ED380
:105E4000002004B070BD2068012161F39420C0F3EC
:105E5000140000F5001020F01F000B30206001201E
:105E6000EFE7000062696E002DE9FF4F80465CA0FD
:105E700087B0006804905BA05BA3006893460F4660
:105E800005900FCB8DE80F00B8F80810002089B2FC
:105E9000CAB2090A09E000BF149C00EB4003401C91
:105EA000E254149C00B2234459700A9B9842F3DBDD
:105EB00098F814004FF0000900F01F00FFF7F7FEFC
:105EC0008246012101FA0AF1491E88B20690002596
:105ED000D8F814002C4600F01F012E460B2906D0DE
:105EE0000C2912D00D2920D00E2931D12CE0C0F37D
:105EF0008A20C01DC50804EBE70115FB0B1407F051
:105F00000700C0F1070604A80DE0C0F38A20C01CFA
:105F1000850804EBA70115FB0B1407F0030006210D
:105F2000A1EB400605A8814612E0C0F38A20401C80
:105F3000450804EB670115FB0B1407F00100042171
:105F4000A1EB80066846EEE7C0F38A2515FB0B74CB
:105F50002846D8F8247002F0C7F95FEA000B13D086
:105F600098F81000A0B10022211D3846FFF7DBFB96
:105F700000232A4659463846FFF717FB5946CAF10F
:105F80000802002053B222E000200BB0BDE8F08FE1
:105F9000D8F8040080680119F1E70A78069CF240FD
:105FA000224098F8144004F01F040E2C01D019F878
:105FB0000220149C00EB40052C44A270A6EB0A02C0
:105FC00056B2002E01DA1E46491C401C00B20A9A45
:105FD0009042E2DB584602F0D3F90120D5E70000F9
:105FE00000FF00000055AAFF0011223344556677D8
:105FF0008899AABBCCDDEEFF2DE9FF4F8046007DDE
:1060000081B091460E4600F01F00FFF750FE824619
:10601000012101FA0AF1491E0025D8F814001FFADF
:1060200081FB00F01F012F462C46072906D00829C6
:1060300012D009291FD00A2932D12BE0C0F38A20BF
:10604000C01DC50804EBE60115FB091406F00700A6
:10605000C0F10707083423E0C0F38A20C01C85087C
:1060600004EBA60115FB0914062106F00300A1EBC1
:106070004007103414E0C0F38A20401C450804EBAC
:10608000660115FB0914042106F00100A1EB80074D
:10609000403405E0C0F38A2515FB096404F58064EB
:1060A0002846D8F8249002F01FF9061E40D098F830
:1060B000100068B10022211D4846FFF734FB002381
:1060C0002A4631464846FFF770FA3146002028E05C
:1060D000D8F8040080680119F8E70A78D9F80C307C
:1060E000FA4002EA0B0203EB42030E9D1B8800EB11
:1060F0004004ADF800302B55BDF800301D0A0E9B52
:1061000023445D70D9F81040A25C9A70A7EB0A0294
:1061100057B2002F03DACAF1080257B2491C401CDB
:1061200000B2049A9042D8DB304602F029F90120EF
:1061300005B0BDE8F08F00002DE9FE430646087C5F
:106140000C46012801D028B328E06068FFF7D4F995
:106150006CA1EAF7C5F900285CD1022268466168A3
:10616000FFF7E6F90028F7D1606A38B9142002F089
:106170008DF8606268B1142102F022FAD4F824008C
:1061800069460C2211F8013B00F8013B521EF9D17F
:1061900004E0FEE76068806800286ED0616901F065
:1061A0001F000E2816D0142814D004283BD0052830
:1061B00039D0062837D0072839D0082837D0092801
:1061C00035D00A2833D00B2828D00C2826D00D280B
:1061D00024D091E0227CF2B1C1F38A22490D12FB56
:1061E00001F114281BD001264E43304602F04EF830
:1061F00005000FD0676A002204213846FFF793FAA2
:106200000023324629463846FFF7CFF948B12846E1
:1062100002F0C8F874E060688068A06169E0032655
:10622000E2E7A56165E0207C0028F4D061E0FFF79B
:106230003EFD01278740606A38B9142002F026F835
:106240006062B8B1142102F0BBF97800656A02F00F
:106250001DF8E86078B1384602F018F8286158B1A6
:10626000E86878B3207C012808D060680024D0F862
:1062700008803CE0FEE7FEE7FEE73BE00022042169
:106280002846FFF750FA002419E00023042269464B
:106290002846FFF78AF99DF800209DF801109DF827
:1062A0000200FBF777FA0190E868BDF8041000EBF4
:1062B0004400018029699DF803000855641CBC4214
:1062C000E3D316E018E000BF08EB840618F824209A
:1062D0007178B078FBF75EFA0090E868BDF80010BE
:1062E00000EB440001802969F0780855641CBC4229
:1062F000EAD30120BDE8FE8321463046FFF744FD86
:106300000020F7E762696E002DE9F84F0C461D4644
:106310001646207DDDE90A32002100F01F00042826
:1063200016D0052814D0062812D00B2839D00C28F6
:1063300037D00D2835D00E2833D0072838D008287C
:1063400036D0092834D00A2832D00020BDE8F88F92
:10635000277C012F33D198469146D4F824A0FFF72B
:10636000A6FC07466069C0F38A2015FB00607843ED
:10637000C11000225046091DFFF7D5F9002470B95D
:10638000FD0805FB08F56B462A4649465046009431
:10639000FFF70BF918B90098854200D10124214676
:1063A0000DE000922A4631462046FFF75DFD05E0EC
:1063B00000922A4631462046FFF71EFE0146084657
:1063C000C4E710B50446006800280BD0C2680AB1C3
:1063D00021469047207C012804D1606801F0E2FF4B
:1063E0000020606010BD000010B50548EBF71AFBF7
:1063F000040004D0142102F0E3F8204610BDFEE7AB
:106400007C1700202DE9F0410F460546042138464F
:1064100002F0D6F825B1284600F068FA18B105E078
:106420000020BDE8F081A8680028FAD000260A48BC
:10643000EBF7D3FA0BE023682BB13A46294698478D
:106440000646012805D021460348EBF7D8FA040098
:10645000F1D13046E5E700007C1700202DE9FF412F
:106460000E461D460446282102F0AAF8AEB1304679
:1064700000F03CFA08B9B16879B1BDF80810218183
:106480002074E56001280CD0666000272148EBF7F6
:10649000A4FA054604F1140831E0002004B0BDE878
:1064A000F0813046E9F7A3FF401C01F0EFFE606089
:1064B00018B13146E9F777FFE7E7FEE72B68CBB184
:1064C0006868B8B1424631462846984707460128D1
:1064D00010D125606A682146284690470746012862
:1064E000DCD00421404602F06BF800202062A0615D
:1064F0006062E06129460748EBF781FA0546002D06
:10650000DCD1207C012802D1606801F04BFF3846C5
:10651000C4E700007C1700202DE9FC4105680E4609
:10652000089FAC6800213CB1CDE900371346014615
:1065300032462846A04701460846BDE8FC8110B512
:1065400091F838000C4600F00300012801D0022821
:1065500009D154F8240F01F025FF00202060207D90
:1065600040F00300207510BD2DE9FF410F4608469D
:10657000FEF72CFE0546152807D0182D05D0394604
:10658000744803F06DFB012869D13846FEF75CFEC4
:1065900004462A2D13D04FF48076132D21D0112DCF
:1065A0005FD02C2D7ED0152D03D0182D01D0122DAB
:1065B00055D104B03846BDE8F041EFF70DBE94F870
:1065C000380000F003000228204604D004B0BDE8E3
:1065D000F04105F041BD616A04B0BDE8F04100F052
:1065E000DDB83846FEF72EFE0546208E10B9E08E47
:1065F000B04234D0204604F060FD0646204603F049
:1066000016FC074604F13201E08ECDE90001B4F931
:1066100030303A46314602A8EAF778FEBDF9080064
:10662000B5F900104042814200DD084600B22880E2
:10663000BDF90A104942884200DC084600B22880B1
:10664000BDF90C10891B884200DC084600B2288086
:10665000BDF90E10C91B884200DC08462880BDE841
:10666000FF813846FEF7EEFD0546204604F025FD85
:10667000B4F92C1088424DD1204603F0D8FB0146D6
:10668000B4F92E00814245D1E18EB14213D1218E61
:1066900089B9B4F92C10B4F9322001EBD171B2EB05
:1066A000610F00E041E006D1B4F9341000EBD07086
:1066B000B1EB600F2ED0204604F0FFFC06462046CA
:1066C00003F0B5FB024604F13201E08ECDE9000192
:1066D000B4F93030314602A8EAF718FEBDF80800D8
:1066E000A18A00220844ADF80800BDF80A00E18A3A
:1066F0000844ADF80A00BDF80C00A18A0844ADF8C2
:106700000C00BDF80E00E18A0844ADF80E0002A8A6
:10671000296806E06946204603F0CFFA0022684661
:106720002968EAF78EFC287199E73846FEF78AFD5A
:10673000054694F8390000F00300012804D0A08D2C
:106740002880E08D68808AE7204600F005F8286000
:1067500085E7000030A102081FB500F13202C18EAA
:10676000CDE90012B0F93030B0F92E20B0F92C107C
:1067700002A8EAF7CBFDBDF80C00BDF80810BDF883
:106780000A20411A2046491C61F30F00BDF80E1083
:1067900004B0891A491C61F31F4010BD2DE9F04374
:1067A00085B08846044604F0BFFF404600F09EF8DE
:1067B00005464FF00009032809D003A94046FFF71A
:1067C00021FEC5B1012D24D0022D22D068E094F81D
:1067D000380000F00300022801D0012802D1606ACD
:1067E00001F0E0FD44F8249F207D40F00300207577
:1067F00005B0BDE8F08394F8380000F003000128EC
:1068000001D0022802D1606A01F0CCFDC4F82480D6
:1068100046E0606A404519D094F83810002601F02F
:106820000301012901D0022900D106464046E9F7BB
:10683000DEFD401C01F02AFD07000AD04146E9F7C1
:10684000B2FD676216B1304601F0ACFD022D01D0F9
:1068500026E0FEE720460021572204F05BFA0646B8
:1068600020460021582204F055FA07B220460021A4
:10687000592204F04FFA00B241F6FF728DE805028A
:106880003B463246414604A809F03CFBBDF81010D7
:10689000039861F39420BDF8121061F35F500390E8
:1068A00094F8380065F3010084F838000398C0F3C9
:1068B0008A21A185430DE38594F8382060F3860290
:1068C00084F838204A08810D62862046A18605F0AA
:1068D000EFFB208E18B9E08EB0F5807F02D0204605
:1068E00005F0BAFB204604F01FFF81E7032130B119
:1068F0000078A0F120015F2903D8012070470846E5
:106900007047802801D3022070470020704710B5DF
:106910000446202101F054FE002020700A20207639
:1069200060764FF4C870A0836420E0833220E07664
:106930000320A07610BD000070B50546006920B99F
:10694000FBF7A4FB2861002814D00B48EBF76AF88A
:10695000040010D05C2101F033FE256060792246EE
:1069600040F0020060711E21044808F0F5FF216824
:106970004861204670BDFEE74C1700202D6A0108D3
:1069800001488068704700001800002018B10146D7
:106990000248EBF734B80148EBF71FB84C1700205A
:1069A00001484068704700001800002038B10268B4
:1069B0001278012A05D0032A03D04FF0FF30088057
:1069C00002E002890A80408948807047002806D08A
:1069D00001680978012903D0032901D000207047FC
:1069E00090F8440000F00F007047002806D00168BE
:1069F0000978012903D0032901D000207047006BDA
:106A00007047002801D000680078704700220A8093
:106A10004A80002809D002681278012A01D0032A8E
:106A200003D1028B0A80408B488070477FB52A4C87
:106A3000C068A0600168096900294CD0F7F75AFBCB
:106A4000A0684179490746D4006800694069002878
:106A500041D100256946A068EAF754FD9DF80F6012
:106A6000A068F7F747FB6560A1689DF80E00087104
:106A7000012806D008680078042809D1BDF80C0068
:106A8000D0B108F005FFA16809680969C1F864017F
:106A9000A06801680978012906D0022908D00429D4
:106AA0000AD003290DD00FE06946F7F747F90BE04C
:106AB0006946F7F757F807E06946A068F6F736FE2B
:106AC00002E06946F6F7ABFDA068F7F713FB002E6E
:106AD000C0D1A56065607FBD1800002070B5204E54
:106AE0000C460025B0B3417941F002014171B16813
:106AF000814200D1756001680978012901D002291D
:106B00000ED114B1416BA14201D1456314B1816A28
:106B1000A14201D1856214B1C16AA14200D1C5620E
:106B200070BD417941F00201417101680978012984
:106B300001D002290ED114B1416BA14201D14563AC
:106B400014B1816AA14201D1856214B1C16AA14226
:106B500000D1C562FFF71AFF0028E2D1756070BD51
:106B60001800002010B50446407920F00100607143
:106B700008F08EFEE06408F08BFEA06410BD0028D3
:106B800004D0032906D00C2901D000207047B0F9A9
:106B9000261001E0B0F924100068427E0020C2F106
:106BA0006402642306E0084400B212FB01F191FB89
:106BB000F3F109B20029F6D17047F8B50C46054645
:106BC000012104F0C3FA68BB206800900123002271
:106BD0006946284606F08BF86946284604F0C7FA4D
:106BE00006460022694605F11400EAF72AFA28B998
:106BF0004FF40021284604F0A9FA80B1284603F09A
:106C000057F8401E04000AD4A8686946006850F886
:106C10002400FFF7D2FF002803D1641EF4D50EB183
:106C20002846F8BD0020F8BD002803D0417941F086
:106C3000080141717047000010B5144C20780028FD
:106C400021D101F0C5FBEBF7BBF9EAF753FBEAF7FB
:106C50004FF8EAF755FBFBF7F7FCEBF785F84FF435
:106C6000B4710B48EAF7D6FE5C210A48EAF7D2FE77
:106C7000EBF77EF9EAF72AFC4420112804D0FEF74E
:106C800012FB0120207010BDFEE700002400002050
:106C9000401700204C17002010B50C460421204658
:106CA00002F0DAFB0020A06384F83C0084F83D0089
:106CB000034602460521204602F06EF800231C22FE
:106CC0000649204601F07AFF00221146204605F0D1
:106CD000FEFE2046BDE8104000F03CB9E16C010822
:106CE00070B5FEF7B1FA0446F9F744FDA0F57F410F
:106CF000FF397BD02046F9F73DFD01462046F9F7E4
:106D00000FFD050072D069A1E9F7EAFB684E002883
:106D100046D068A12846E9F7E3FB002846D066A1E3
:106D20002846E9F7DDFB002846D064A12846E9F7AC
:106D3000D7FB00284CD062A12846E9F7D1FB0028F8
:106D400046D060A12846E9F7CBFB002853D0A06BC2
:106D500000284BD05CA12846E9F7C2FB00285AD096
:106D60005BA12846E9F7BCFBF0B35AA12846E9F736
:106D7000B7FBD0B358A12846E9F7B2FBB8B357A187
:106D80002846E9F7ADFB98B355A12846E9F7A8FBDB
:106D90000028A06B59D02946BDE8704008F074B9AE
:106DA000002184F83C10204631680AE0012184F873
:106DB0003C102046716804E0022184F83C10204613
:106DC000B168F9F73FFD2046BDE8704000F08AB891
:106DD000002220212046FEF73BFA012865D1A06B56
:106DE000002862D0002204E015E01FE05DE022E010
:106DF00026E020210BE000221F212046FEF728FA82
:106E0000012852D1A06B00284FD000221F21BDE8DD
:106E10007040FEF71DBA0A21A06B08F0B3F8A06B12
:106E200008F062FB002840D0A06BEEE7A06BBDE845
:106E3000704008F030BAA06BBDE8704008F032BA7C
:106E4000A06BBDE8704008F05BBA08F04BFB85B260
:106E5000A06B08F067FB00782D280FD02B28A06BC3
:106E600016D0002108F06EFB2D21A06B08F08AF8E7
:106E7000A06B691CBDE8704008F064BB0121A06BE9
:106E800008F060FBA06B08F03BFA2B21A06B07E039
:106E9000012108F057FBA06B08F032FA2D21A06BFE
:106EA00008F070F82946A06BE4E770BD61626300EA
:106EB000F40000204142430031230000EF808D00A8
:106EC000EF849C00EF808C00456E746572000000BA
:106ED000EFA2A200EF819300EF819400EF959A005A
:106EE0002B2F2D002DE9F0410446074690F83D0078
:106EF000174EC00708D094F83C0056F820103846CA
:106F0000BDE8F041F9F791BC208E400001F0BEF9D8
:106F10000546208E420097F83C0056F8201028467F
:106F200001F07CFA002007E035F8101021F48061B0
:106F300025F81010401C80B2218E8142F4D82946D9
:106F40002046F9F772FC2846BDE8F04101F02ABA64
:106F50001801002010B5044690F83C00054951F88E
:106F600020102046F9F76EFC2046BDE81040FFF7E0
:106F7000B9BF0000F400002010B50C4600204862A4
:106F800014F8481F21F0180104F81C19411E216053
:106F9000227F22F00702227720836083E060C4E929
:106FA0000110090C2161616144F8040C14F81C0FF4
:106FB000022120F0400004F84809204602F04CFA73
:106FC0000021204600F054FE2046BDE8104001A1FB
:106FD00000F08ABE546578740000000010B50146C8
:106FE000034802F06FF9044602F0E0F9204610BDB4
:106FF0004CA1020810B508460C4600F00AF894F8B7
:107000004800000702D4606A01F0CCF900206062F9
:1070100010BD10B5044690F84800400603D5A06A9C
:1070200008B101F0BFF994F8480020F0400084F85E
:1070300048000020A06210BD2DE9FF470E463F48E2
:1070400002F00EFE012876D13046FEF7BFF8044666
:107050003046FEF7F9F805462A2C1CD0132C0BD02D
:10706000292C18D02C2C1ED0152C64D104B03046FD
:10707000BDE8F047F0F728BE002103F0DBFEB0F9D1
:10708000080004B0C11700EB917081103046BDE8D4
:10709000F047FEF7FDB800F0B9FD04B02846BDE8A2
:1070A000F04700F04FBB002103F0C4FE81460021F1
:1070B000284603F0D1FE80460021284603F0E4FE76
:1070C000074695F848000024C10600D50124800633
:1070D00001D544F00204284602F056FE002128465D
:1070E00003F026FFA0F51C51D13905D1688C0005AD
:1070F00002D441F6FF7002E0284602F045FE0097F8
:10710000CDE9010443464A4603A8696A08F0FAFE3D
:107110003046FEF797F8B0F90020BDF90C108A420E
:1071200000DD11460180B0F90220BDF90E108A423F
:1071300000DD11464180BDE8FF8700004CA1020838
:107140002DE9F04F8BB00D00804659D0002112225E
:1071500003F0E0FD29881022081A60F30F0440466E
:10716000002103F0D7FD6988081A60F31F44A14687
:1071700008A9404602F0C0FDBDF82400BDF820106B
:107180000025401A401C00B2D8F8247005902C4607
:107190002946404603F04EFE02900021404603F08F
:1071A00073FE00900021404603F056FE03900298C3
:1071B000AB465E46B0F90800079098F84800C10653
:1071C00000D50126800601D546F002060021404682
:1071D00003F0AEFEA0F51C51D13905D1B8F822005C
:1071E000000501D446F0040640460021D8F82420CA
:1071F00002F04EF882460099079800EB010821E062
:10720000FEE70020CDE90006DDE902127819059BB2
:10721000EAF71CFF044407984FEA29425844824287
:107220000BDC444A009469461268384690470A28A5
:107230000BD0385D48B9641C07E008EB0B000FFA6F
:1072400080FB2546785D0028DBD107EB050B4FF06E
:107250000008BAF1020F03D0BAF1030F16D025E0EF
:10726000DDE90223611B5846009608F0A9FEBDF82F
:107270002410BDF8202000EBD070891A491C09B2F7
:1072800001EBD1714910A1EB60000DE0DDE90223B3
:10729000611B5846009608F093FEBDF82410BDF817
:1072A0002020891A491C081A0FFA80F800208DF84E
:1072B00018008246049044BB2BE004AB6A4601A947
:1072C0005846EAF7ABFEF00706D004981BF800100A
:1072D00006A8EAF765FFC0B9DDE90110009AFEF7DC
:1072E000CBF801B20FFA89F208EB010082421EDBF3
:1072F00004994A19A2421AD00AEB0502BA5CB2B14B
:10730000039A8A4610440FFA80F804982844A04251
:10731000D3D3094C58460499226890470646226800
:107320002946384690470BB03044BDE8F08FCDF881
:1073300010A0EEE7E4010020E80100202DE9F74F5E
:107340008AB05FEA0209804664D0D8F824504046EB
:107350002A46002101F09CFF8346287800285AD055
:1073600007A9404602F0C8FCBDF82000BDF81C107B
:107370000024401A401C00B2049026462146404694
:1073800003F058FD03900021404603F07DFD069078
:107390000021404603F060FD02900398A246574644
:1073A000B0F90800059098F84800C10600D50127FB
:1073B000800601D547F002070021404603F0B8FDE2
:1073C000A0F51C51D13905D1B8F82200000501D42F
:1073D00047F004074B4A28460B99126890478046AD
:1073E000A85DA8B3DDE90510084409900020CDE9A7
:1073F0000007DDE902212819049BEAF727FE06446D
:10740000B04526D3A85D18B30998344650440FFA06
:1074100080FAEBE7FEE70020A9F802005946BBF12D
:10742000010F07D002290AD0BBF1030F04D1404657
:1074300002F0AAFCA9F800000DB0BDE8F08F4046AC
:1074400002F0A2FC00EBD0704110A9F80010F3E7A5
:10745000FFE7B8F1000F12D005EB080010F8010C9F
:107460000A2801D00D280AD115F8080038B9DDE93D
:107470000501014401EB0A000FFA80FA444628197D
:10748000CDE90070DDE90103A8EB0401039A08F0DF
:1074900097FD05460B98A04202D00298284405B2F9
:1074A000BBF1020F03D0BBF1030F16D025E000970C
:1074B000DDE90103311B039A08F082FDBDF82010BD
:1074C000BDF81C2000EBD070891A491C09B201EBF1
:1074D000D1714910A1EB60000DE00097DDE90103D7
:1074E000311B039A08F06CFDBDF82010BDF81C207C
:1074F000891A491C081A284405B2A9F80050A9F8AD
:1075000002A099E7DC01002090F84800C0F30010C9
:107510007047406A7047006C7047C06B704700004E
:107520002DE9F04117000D46044627D094F8480095
:10753000000725D4204604F0F7F8606AE8F757FF03
:1075400006463846E8F753FF8119491C606A00F087
:107550004DFF606298B1A5F57F41FF3903D109491C
:107560000968884705463A462946606AEAF7EEFD0B
:107570002046BDE8F041002100F0B6BBFEE7FEE783
:10758000BDE8F081EC0100202DE9F04F95B05FEAF5
:10759000010A80465FD010A9404602F0ADFBBDF85D
:1075A0004400BDF840100024401A401C00B2D8F836
:1075B00024700A9025462146404603F03BFC039088
:1075C0000021404603F060FC00900021404603F09B
:1075D00043FC029003980021B0F908000B9040464C
:1075E000D8F8242001F054FE834698F84800A146BC
:1075F0004E46C10600D50126800601D546F002069A
:107600000021404603F094FCA0F51C52D13A05D16C
:10761000B8F82210090501D446F004060B99009829
:1076200001EB0008385DB8B10020CDE90006DDE9C6
:10763000022138190A9BEAF709FD0B990544BAF9AA
:10764000022009EB0100824206DD08EB09000FFA77
:1076500080F92C46E6E7FEE74FF00008C146BBF193
:10766000020F03D0BBF1030F16D025E0DDE9023293
:10767000291B3819009608F0A3FCBDF84410BDF88A
:10768000402000EBD070891A491C09B201EBD1717E
:107690004910A1EB60000DE0DDE90232291B381929
:1076A000009608F08DFCBDF84410BDF84020891A02
:1076B000491C081A0FFA80F800208DF8480008903D
:1076C00004940C90FDB16D1E0498A8421BD804AB25
:1076D0000CAA08A93846EAF7A1FCF00706D00498DE
:1076E000395C12A8EAF75CFD0028EDD1C1460C9A7E
:1076F00008990398FDF7C0FE4044BAF9001000B2A3
:10770000814216DA04940C9A08990398FDF7B4FEA6
:107710000299029B0144BAF90000A9EB0302491C3B
:1077200090420CDB4944884209DC012015B0BDE8D9
:10773000F08F0299049C08440FFA80F8C4E70020F7
:10774000F4E700002DE9F04F0446406A97B00028A6
:107750007ED04FF0FF3903A92046C4F8309002F0E4
:10776000CBFABDF81000BDF80C10401A401C0FFAFF
:1077700080F80021204603F05DFB054600212046ED
:1077800003F082FB07460021204603F065FB82469A
:1077900094F848000026C10600D50126800601D5D0
:1077A00046F002060021204603F0C2FBA0F51C5162
:1077B000D13904D1608C000501D446F0040600974D
:1077C000CDE9018653462A4616A8616A08F09AFB5D
:1077D000204604F06DFC94F848004FF6FF7B00F063
:1077E00007004FF00008022804D003287ED00128AB
:1077F0007DD0F6E10021204603F01AF80604360C8D
:1078000008D1204602F0E0FAFAF746FC032190FB8B
:10781000F1F086B205A8F7F755FC4FF49670059481
:1078200012901490BDF81000BDF80C10BDF958204E
:10783000401A401C002700B2ADF854B0904233DA31
:107840000021801ACDE90E10E9480D91014600E0B3
:10785000CAE106902046F7F71DFC00210A4620B138
:10786000016B90F84200C0F34002109888420FDD8F
:107870009DF85600119120F001008DF856003AB1A4
:1078800040F002008DF856000F990D980D910F9061
:1078900030460F9A0D99F7F77CFC1090139005A8CD
:1078A000F7F784FC012705E0D1492046F7F7C2FB32
:1078B000A4F84480BDF81200BDF80E10BDF95A209E
:1078C000401A401C00B290427EDA002F7CD1821A0E
:1078D000B5F908000021101ACDE90E10C5480D9128
:1078E000014606902046F7F7D5FB01E023E0C5E00E
:1078F00000210A4620B1016B90F84200C0F340021B
:10790000109888420FDD9DF85600119120F001007B
:107910008DF856003AB140F002008DF856000F99EC
:107920000D980D910F9030460F9A0D99F7F731FC95
:10793000109013909EE020460021642203F0EAF9A3
:1079400006460021204602F073FF07043F0C08D1D1
:10795000204602F039FAFAF79FFB032190FBF1F081
:1079600087B205A8F7F7AEFBBDF81000BDF80C1004
:107970000594401A401CBDF9581000B2ADF854B03F
:107980004FF00009884234DA202211462846FDF7DC
:1079900073FDBDF9581000EB400008444142CDE9A9
:1079A0000E9193480A460690CDF8349049463846E1
:1079B000F7F7EFFB10908E492046F7F76BFB00B10D
:1079C000006B36B1306B00E027E01190F06B149043
:1079D00009E01099814206DD11909DF8560020F0D3
:1079E00001008DF8560005A8F7F7E0FB4FF00109FC
:1079F00005E07F492046F7F71DFBA4F84480BDF859
:107A00001200BDF80E10401A401CBDF95A1000B209
:107A1000884202DAB9F1000F06D076492046F7F71E
:107A200009FBA4F84680DCE0B5F9082000201144E9
:107A300049420D90CDE90E016E480A46069038463F
:107A40000D99F7F7A6FB10906A492046F7F722FB3D
:107A500000B1006B26B1306B1190F06B149009E00F
:107A60001099814206DD11909DF8560020F001002A
:107A70008DF8560005A8F7F799FBB2E0BDF81200A3
:107A8000BDF80E10401A401C01B2BDF95A008142E7
:107A900009DAB5F90810884205DD5749606A0968B6
:107AA0008847032802D8C4F82C909AE0BDF810004B
:107AB000BDF80C102E22461A11462846761CFDF7FA
:107AC000DBFC5044A0EB80003044ADF80000BDF872
:107AD0001200BDF80E10401A401C00B2ADF80200B2
:107AE000B5F90820D11990FBF1F301FB13018A428B
:107AF000A0EB010004DCADF802002989084400E095
:107B0000C01BADF8020069462046FFF719FB81460D
:107B1000606AE8F76CFC394A074649461268606AB1
:107B20009047374D019005E02A6801A9606A9047A7
:107B3000A9F101090198C01CB842F5D80025DFF869
:107B4000C4B0019EAA46606A01990844DBF800109F
:107B500088472D4A2844C5B2126801A9606A904737
:107B6000032D07D80198B84204D80AF1010ABAF1E6
:107B7000030FE8D9616A204601EB060A0746FFF7C2
:107B800048FA042D12D9681C00F080FBB86240B39B
:107B90002A46514600F042FCB96A01F8058097F880
:107BA000480040F0400087F848000BE097F8480094
:107BB0002A4620F0400087F84800514607F1280087
:107BC00000F02CFC00202E213318626A401C032890
:107BD000D154F9D3616AF61C09F1030001F806805B
:107BE000E062204603F0A0FD17B0BDE8F08F000072
:107BF0007F24020887240208EC010020DC01002019
:107C0000E4010020D4010020D80100202DE9F0413A
:107C10000446054690F8480000F00700012823D1EB
:107C2000E96A481C20D0114A686AC91E1268904748
:107C3000024694F848100020490601D5A16A06E0E2
:107C400004F1280103E00F5C401CF754C0B26E6AD7
:107C50001318F75C002FF6D1095C1044315420460C
:107C6000FFF7D7F9781EE862BDE8F081DC0100205B
:107C700070B50D4604461A49F7F7DCF91949204654
:107C8000F7F7D8F90020A4F84400A4F84600022D24
:107C90000FD0032D0DD0042D0BD094F8480020F008
:107CA000200100BF01F0070084F84810012805D02A
:107CB0000AE094F8480040F02001F3E7E06A401C35
:107CC00002D02046FFF7A2FF94F8480065F30200B7
:107CD00084F848002046BDE87040FFF733BD00003F
:107CE0007F2402088724020870B50D46044603F07D
:107CF0001BFD05B9656A606AA8420CD194F848106A
:107D0000090708D4E8F773FB411C606A00F06EFBBA
:107D10006062D0B9FEE738B194F84810090703D47F
:107D200000F040FB002161622846E8F760FB401C40
:107D300000F0ACFA606268B12946E8F734FB94F8C9
:107D4000480020F0080184F848102046BDE8704043
:107D5000FFF7F8BCFEE70FB470B504460598F8B11C
:107D6000204603F0E1FC0598D8B1606A002530B1E7
:107D700094F84810090702D400F014FB656206A9C4
:107D80000598EAF728FA606294F8480020F00801A4
:107D9000204684F84810FFF7D5FC70BC5DF814FB52
:107DA000FEE72046F7E7016403F0BEBCC16303F0C1
:107DB000BBBC70B5044690F848000D46000705D4DA
:107DC000606A18B100F0EEFA0021616235B194F8F2
:107DD000480040F0080184F8481065622046BDE87C
:107DE0007040FFF7AFBC00002DE9F0410A4C074698
:107DF0000A4D60680E46401CC1006060286800F0B3
:107E0000F5FA286038B1616800EBC10040E90276FC
:107E10000846BDE8F081FEE72C000020900100201C
:107E200038B508460C4607F015FD0090BDF8000077
:107E3000A084FF2084F8260038BD000010B501465C
:107E4000034801F03FFA044601F0B0FA204610BDA5
:107E5000F865020870B5A2B00D460846FDF7B6F900
:107E60000646152807D0162E05D02946874801F06A
:107E7000F7FE01287ED12846FDF7E6F90446152EC7
:107E800078D16846FBF74EFC6A460021204603F095
:107E9000EFFA0198F9F749FB0646F9F729FB014685
:107EA000324654F8240FF9F70BFD2090BDF88000FE
:107EB000ADF80400BDF80600ADF880002098F9F791
:107EC00034FB0646F9F714FB014632462068F9F701
:107ED000F7FC2090BDF88000ADF80600BDF80A0060
:107EE000ADF880002098F9F720FB0646F9F700FB73
:107EF000014632462068F9F7E3FC2090BDF8800087
:107F0000ADF80A000B98F9F710FB0646F9F7F0FAFE
:107F1000014632462068F9F7D3FC2090BDF8800076
:107F2000ADF82C00BDF81E00ADF880002098F9F7E0
:107F3000FCFA0646F9F7DCFA014632462068F9F702
:107F4000BFFC2090BDF88000ADF81E000998F9F73D
:107F5000ECFA0646F9F7CCFA014632462068F9F702
:107F6000AFFC2090BDF88000ADF82400F9F7C0FA0E
:107F7000A27800E088E001460198F9F7A1FC209082
:107F8000BDF88000ADF80400F9F7B2FAA278BDF8A8
:107F90000610ADF8801001462098F9F791FC20906A
:107FA000BDF88000ADF80600F9F7A2FA0146A27804
:107FB000BDF80A00ADF880002098F9F781FC209008
:107FC000BDF88000ADF80A00F9F792FA0146A278F0
:107FD000BDF81E00ADF880002098F9F771FC2090E4
:107FE000BDF88000ADF81E00F9F782FA0146A278CC
:107FF0000B98F9F765FC2090BDF88000ADF82C00D7
:10800000F9F776FA0146A2780998F9F759FC209019
:10801000BDF88000ADF8240014F8020FBDF82E1052
:10802000503810FB01F1AF2091FBF0F1ADF82E10AC
:1080300014F82619BDF83420503911FB02F191FBD8
:10804000F0F0ADF834002846FDF7C6F805460146C5
:108050000EA801F059FC0D480F9004F11406002001
:10806000CDE910061B90CDF848D00EAA1A21204663
:10807000FDF7EEF8324669462846FBF73FFB0EAAAD
:108080001B212046FDF7E4F822B070BDF865020818
:1080900090F826208A420AD0FF2903D2502902D222
:1080A000502100E0FF2180F8261003F03DBB70470F
:1080B00003B4BDF80410818402B003F035BB084658
:1080C00000210185416280F82A10022101F0C4B923
:1080D0002DE9F04F87B00D465C4801F0C1FD012845
:1080E00049D12846FDF772F806462846FDF7ACF858
:1080F0000446132E33D04FF002082C2E3ED0152EFE
:1081000039D107462846FDF767F88346388D3C4647
:10811000002830D0786A00282DD005A9384601F013
:108120004DFE204602F01DF8BDF81410081A06B2E4
:10813000204602F01DF8BDF81610081A05B22046B8
:1081400001F075FE82466846FAF7B1FD6A460021E5
:10815000204603F02FF900244FF0060967E00021C4
:1081600002F022FC04462846FDF76CF8B0F9001036
:10817000A14200DA048007B0BDE8F08F208D00280E
:10818000F9D0606A0028F6D02846FDF75BF8002594
:1081900007462E462846228DC4460DE0636A33F911
:1081A0002010A94200DD0D460CEB8001595EB14262
:1081B00000DD0E46401C80B28242EFD800212046EE
:1081C00002F0F2FB2918304439807880D3E7786ACE
:1081D00030F824103144ADF80C10042101EB840177
:1081E000415A3144ADF8101097F82A10C90708EB2E
:1081F000840121D0415AAAEB01002844ADF80E00B9
:10820000796A09EB8400095AAAEB01002844ADF809
:10821000120004AB03AA69465846FAF73BFD9DF8E5
:108220000900641C20F004008DF80900A4B2388D08
:10823000401EA042CBDC9EE7405A2844ADF80E0019
:10824000796A09EB8400085AE0E7000068A1020897
:1082500010B58A42029C01DB904207DA8A4201DBB8
:10826000884209DD8A4203DC904201DC204610BDD1
:108270008A4203DC884201DB184610BD521AE41A18
:10828000401A604390FBF2F0184410BD70B5040032
:1082900010D0094D0146686807F0C2FC010007D004
:1082A000A8682044A860EA68904200D81046E860B8
:1082B000084670BD004870BDA801002070B50024BC
:1082C000084E254656F8340038B100F06BF806EB3E
:1082D000C40046F8345085718580641CE4B2102CCB
:1082E000F0D370BDC01700202DE9F04105000BD080
:1082F0000022224C4FF0FF30012600BF04EBC201E8
:108300008B79DB0703D014E00020BDE8F081898879
:10831000A9420ED305D104EBC200867154F8320095
:10832000F3E7002804DB04EBC0039B88994200D2EA
:1083300050B2521CD2B2102AE0D3002805DB04EB65
:10834000C0018E7154F83000DFE7002704EBC7004E
:108350008079C00704D07F1CFFB2102FF6D3FEE750
:1083600054F83700294600F041F830B104EBC7015A
:108370008E718D8044F83700C7E7FEE7C0170020F4
:10838000074A002152F83130834204D102EBC10187
:10839000002088717047491CC9B21029F2D3704778
:1083A000C0170020094910B588420DD000280BD015
:1083B000064C0146606807F007FCA168814201D9BC
:1083C000081A00E00020A06010BD0000A8010020F5
:1083D00010B54FF44041034807F0E8FB02494860FC
:1083E00010BD000030190020A801002010B539B1DF
:1083F000094A904208D1BDE810400846FFF746BF41
:10840000FFF7D0FF044810BD0A4601460248406805
:10841000BDE8104007F017BCA801002030B500F0FF
:10842000030401F003050346A54243D14EE00C7856
:108430001C704C785C708C789C70CC78DC700C79FB
:108440001C714C795C718C799C71CC79DC710C7AE3
:108450001C724C7A5C728C7A9C72CC7ADC720C7BCB
:108460001C734C7B5C738C7B9C73CC7BDC730C7CB3
:108470001C744C7C5C748C7C9C74CC7CDC740C7D9B
:108480001C754C7D5C758C7D9C75CC7DDC750C7E83
:108490001C764C7E5C768C7E9C76CC7EDC760C7F6B
:1084A0001C774C7F5C778C7F9C77CC7FDC7720318E
:1084B000203A2033202ABAD805E000BF11F8014B3A
:1084C00003F8014B521E002AF8D130BD4CB3C4F161
:1084D000040405E011F8015B521E03F8015B641E01
:1084E000FCB1002AF6D11CE010C9203A10C310C913
:1084F00010C351F8084B43F8084B51F8044C43F8AB
:10850000044C51F8104B43F8104B51F80C4C43F805
:108510000C4C51F8084C43F8084C51F8044C43F803
:10852000044C202AE0D802E010C9121F10C3042A0C
:10853000FAD804E011F8014B03F8014B521E002A4F
:10854000F8D130BD10B5034605E000BF11F8014B6E
:1085500003F8014B521E002AF8D110BD10F003039E
:1085600009D0C3F1040303E0521E00F8011B5B1E97
:108570000BB1002AF8D101EB012303EB014303EB1C
:1085800001630EE008C0203A08C040F8083B40F8FC
:10859000043C40F8103B40F80C3C40F8083C40F8E4
:1085A000043C202AEED801E008C0121F042AFBD8A0
:1085B00003E000BF00F8011B521E002AFAD17047E9
:1085C00010F003034FF0000219D0C3F1040303E0DD
:1085D000491E00F8012B5B1E8BB10029F8D17047B2
:1085E00004C0203904C040F8082B40F8042C40F89F
:1085F000102B40F80C2C40F8082C40F8042C2029B3
:10860000EED801E004C0091F0429FBD803E000BF35
:1086100000F8012B491E0029FAD1704710F003021F
:108620004FF0FF030AD0C2F1040203E0491E00F834
:10863000013B521E12B10029F8D170474FF0FF32B2
:108640000EE004C0203904C040F8082B40F8042C88
:1086500040F8102B40F80C2C40F8082C40F8042C63
:108660002029EED801E004C0091F0429FBD802E04C
:1086700000F8013B491E0029FAD17047826C8A42FA
:1086800006D0426B8A4205D190F86100012801D8DA
:1086900001207047002070472DE9F0410446FCF7A7
:1086A00095FD07283FD12046FCF7CEFD0546204624
:1086B000FCF7CCFD0446406BA84202D0A06CA84257
:1086C00031D194F8600084F8610029462046FFF714
:1086D000D5FF002827D104F154063046E9F77DF98B
:1086E000074601463046E9F78AF905001BD03946AE
:1086F0003046E9F70DFA3846FFF754FE14F8600FDC
:108700002946401E20703046E9F702FA2078401EC4
:1087100004F860092046296800F030F92846BDE8D1
:10872000F041FFF73FBEBDE8F08110B5044654307C
:10873000E9F73DF9002084F8600010BD2DE9F04113
:1087400049480C460188204604F00CF800212046D8
:1087500003F0D6FF94F86200002520F00E0084F8A4
:108760006050C0B284F8615020F0010084F86200CB
:10877000042104F15400E9F74DF9204600F0FCFE15
:108780000121606200F066FAE5636564A564E56452
:1087900021463648256400F095FD064600F006FEA9
:1087A00042F264073946304603F0C6FF01213046E5
:1087B00003F0B6FF0121304603F0A2FF4FF48048DA
:1087C0004146304600F046FA0221304600F044FEB1
:1087D000264831461C30A66200F074FD064600F0C3
:1087E000E5FD42F2D1723946304604F087F80021A7
:1087F000304603F085FF02231A460021304603F07D
:1088000063FF0221304600F027FE4146304600F06B
:1088100021FA30462663F7F781FC064623460722F5
:10882000134900F0CBF94146304600F013FA00211D
:10883000304603F065FF30466663FDF799FA0DA1F7
:10884000FDF7ACFF206BFEF7C9FB0646012100F0E7
:1088500001FAE5622346A6632565BDE8F0411C22C6
:108860000549184600F0AAB9540000201067020814
:1088700099860108EF819300578A010810B50C46CC
:108880000021204603F03CFF02231A460021204627
:1088900003F01AFF2046BDE81040022100F0DCBDC5
:1088A00001F15400E9F783B810B50C46084601F011
:1088B000FFFA416A204603F074FF0121204603F0CD
:1088C0001FFF02231A460021204603F0FDFE20462A
:1088D000BDE810404FF4804100F0BCB910B5486AC3
:1088E0000C46002803D0FFF75DFD0020606210BD3C
:1088F00010B50446006B002833D0E16A002930D05F
:1089000094F86210C1F3410111B3012902D0022988
:1089100008D11CE0002103F06DF80021D4F82C00F0
:1089200003F0FEFE206B03F041FAE06A03F03EFA2A
:10893000206B04F00BFA206B01F00CFA0028206B7E
:108940004FF0010109D0BDE8104000F085BD0121C4
:1089500003F050F80121E06AE2E7BDE8104000F0C2
:1089600079B910BD10B50C460121204603F0C8FEB0
:108970002046BDE81040022100F06EBD70B50446EF
:10898000C06A0D46A84265D010B1616A03F009FFC4
:1089900085B104F15400E9F745F850B1056094F849
:1089A0006000401C84F860002846A16A03F0F9FECC
:1089B00003E0FEE72046FFF7B8FEE562206D48B110
:1089C000216C00294FF0010102D000F087F901E08D
:1089D00000F07CFD206CD0B194F86200C10711D08A
:1089E0000007A06C4FF0010106D500F035FD022113
:1089F000A06C00F02FF905E000F02CF90221A06C2A
:108A000000F02AFD94F86000022808D210E094F8E3
:108A10006000022803D294F86200000708D5012103
:108A2000606B00F019FD0221606B00F013F907E0A4
:108A30000121606B00F00EF90221606B00F00CFD6B
:108A400000221C212046FCF703FC2046BDE87040B4
:108A5000FFF74EBF70BD10B5FCF7F8FB0446C06AC7
:108A600078B1A26B6AB1416A39B11046FFF73CF99F
:108A70000121A06B00F0F0FC03E00121104600F0A2
:108A8000E9F8206C002813D0E26C002A10D0416A6B
:108A900041B11046FFF728F9E06CBDE81040012114
:108AA00000F0DABCBDE810400121104600F0D2B859
:108AB00010BD10B50C46242104F12400E8F7AAFFEC
:108AC00004F13000BDE810401C21E8F7A3BF10B549
:108AD0000C4601F13000E8F76AFF04F12400BDE81C
:108AE0001040E8F764BF00002DE9F04397B00D4651
:108AF000314801F0B5F801285BD12846FCF766FB48
:108B000006462846FCF7A0FB0446152E51D1284600
:108B1000FCF762FB81466946204601F0EDF86A46A3
:108B200049462046EBF77EFE6A4649462046F1F765
:108B30006FFE6A4649462046EFF7C8FDBDF80400BF
:108B4000BDF80010401A401C00B200EBD07040107D
:108B50000E18BDF802100D1804A8FAF7E3FD4FF443
:108B6000003804AA4146204602F082FC2046012239
:108B7000414602F0CFF800B200EBD070471020461B
:108B80000422414602F0C6F800B200EBD070F11B9F
:108B90004010ADF85410291AADF85610F119ADF87F
:108BA00058102844ADF85A0015AA04A94846FAF707
:108BB000A5FD17B0BDE8F083646702082DE9F04118
:108BC0001D4616460F46044600F060FAA0684FF0B6
:108BD0008062817E02EBB1114FEAB1618176A068BB
:108BE00001F03F0101EB41018900C068FFF7FEFB86
:108BF000A168C860A16860B3897E6FF0030301F0CB
:108C00003F0101EB41026FF00B0101EB8202875043
:108C1000A068C268807E00F03F0000EB400003EBDC
:108C200080000B1D1654A068C268807E00F03F00D3
:108C300000EB400003EB80001550A068C268807E06
:108C400000F03F0000EB400001EB80001044BDE865
:108C5000F081FEE72DE9FF410C46074602F0BCFD1E
:108C60000646E00702D0384602F05EFDF869204370
:108C7000F861E00711D00221384602F073FA60B1C2
:108C8000384601F0CFF8050007D0FCF7F3FE284680
:108C9000FCF770FF08B102F047FD384602F09CFD7A
:108CA000B04202D114F0C07F07D0384601F000F97D
:108CB00002F0CBFD384602F0C8FDE0060CD502AA52
:108CC0006946384601F05BFA6946384602F04FFDC6
:108CD00002A9384602F04BFDBDE8FF81028C11432A
:108CE0008A4201D003F016BE704700002DE9F0471C
:108CF000174688464FF6FF79044600234A46394610
:108D00000CF0DEFE618C00250426C1F30512E0683C
:108D100009E000BF06EBC503C3585FEA831C01D41A
:108D2000DB0102D56D1CAA42F4D84FF0806202EB41
:108D3000B1214FEAB1516184C1F30511C900FFF7B8
:108D400055FBE060608C6FF00702C0F3051009E08E
:108D5000E16802EBC00C01EBC0036144D1E900C142
:108D6000C3E900C1401EA842F2D8E068082100EB28
:108D7000C500FFF725FCE16841F83580E06806EBA7
:108D8000C501425867F3170242504A463946204609
:108D9000BDE8F04703F0A4B970B516461D46044679
:108DA000002203F08FFE2A4631462046BDE870407F
:108DB00003F062BD2DE9FF4F81B0934688460198CC
:108DC00003F0C4FFB8F1000F03D1019801F070F86F
:108DD000804600242546019801F06AF8814600216A
:108DE00001F088FD06460021484601F09DFE304412
:108DF0000FFA80FA0021484601F03EFF304400B2ED
:108E000000900021404601F075FD064600214046D5
:108E100001F08AFE304407B20021404601F02CFFE9
:108E2000304406B2BBF1000F0FD0BBF1160F34D2A5
:108E3000DFE80BF0D51123343F4454676913828770
:108E400097A1A6B5BFC5CBD1FDFC0021404601F0DE
:108E500006FD012822D03C461EE0404600F094FF6B
:108E60000246019802F029F9014602EBD270401047
:108E700001EBD171A0EB61004DE0404600F084FFB2
:108E80000246019802F019F902EBD271491000EB89
:108E9000D070A1EB600009E03546A0E0404600F04C
:108EA00073FF0246019802F008F9101A384404B220
:108EB000F2E73C461CE0304405B290E0404600F04A
:108EC00063FF0246019802F0F8F8014602EBD27007
:108ED000401001EBD171A0EB610007E0404600F0CB
:108EE00053FF0246019802F0E8F8101A384404B221
:108EF000404600F02FFF0246019800F098FF101A3C
:108F0000D9E73C4609E0404600F03EFF02460198A2
:108F100002F0D3F8101A384404B2404600F01AFFA9
:108F20000246019800F083FF02EBD271491000EB7A
:108F3000D070A1EB6000BEE7019800F078FF4042DE
:108F4000BAE7404602F0B9F80246019802F0B5F8D7
:108F5000014602EBD270401001EBD171A0EB610031
:108F600007E0404602F0A9F80246019802F0A5F891
:108F7000101A04B2E0E7404600F059FF05462EE023
:108F8000404602F09AF80246019802F096F802EB89
:108F9000D271491000EBD070A1EB600007E04046B1
:108FA00002F08BF80246019802F087F8101A04B21A
:108FB000E1E7019802F081F8404204B20FE0019825
:108FC00002F07BF8404204B241E0019802F075F8EB
:108FD000404204B24EE0404602F06FF804460021E1
:108FE000484601F03CFC012848464CD000F0E6FF22
:108FF000B8F8142004990A44B9F81410511A01441D
:10900000A1EB0A00204404B2484601F0A3F8B8F8E6
:1090100016200E990A44B9F81610511A0144009806
:109020000022081A284405B2012101E01EE00AE0EE
:10903000019803F047FD019805B02A462146BDE896
:10904000F04F03F019BC404602F037F804464046A2
:1090500000F0EDFE0246019800F0E9FE02EBD2714D
:10906000491000EBD070A1EB600025E7404602F00C
:1090700024F80446404600F0DAFE0246019800F06B
:10908000D6FE101A18E700F0F9FFB1E710B5044654
:109090008068002813D10B484168491C41601C209E
:1090A000FFF7F4F8A06058B11C21FFF789FAA16816
:1090B0000F204876A068017E41F00301017610BDC3
:1090C000FEE70000240000202DE9FC410E46054685
:1090D000012102F03BF8E0BB284600F0EDFE04461B
:1090E00000F072FE0746F9F719F8A0420ED0384694
:1090F000F9F71CF8A04209D03846F8F7FDFFA04266
:1091000004D03846F8F7F0FFA04237D14FF40024DE
:109110002146284602F021F828BB2846E8F73AFD08
:10912000074605F114016846F6F750FDBDF800004A
:10913000C01BADF80000BDF80200C01BADF8020076
:10914000BDF804003844ADF80400BDF8060038440A
:1091500000E013E0ADF8060031466A460846E7F73E
:1091600088FE00280BD0002301223146284601F05A
:10917000F1FE1CE0012101F0E9FF10B10020BDE883
:10918000FC812146284601F0E8FF80B9D5E90501B8
:10919000CDE90001002301226946284601F0DAFEEC
:1091A00031466A460846E7F764FE0028E7D02846BD
:1091B00000F07EFE051EDDD10120E0E72DE9F04143
:1091C0000E460746002501F019FE040035D0314651
:1091D000384601F007FE02282FD904EBD470012194
:1091E00001EB60043146384601F002FE20440FFADC
:1091F00080F83146384601F0DDFD044631463846F8
:1092000001F0E4FD002C01DD214600E06142002870
:1092100001DD024600E04242914205DD002C01DD05
:10922000204604E0604202E0002800DC4042404466
:1092300000B2002800DA284605463146384601F0DB
:1092400001FC04000ED03146384601F0EFFB022845
:1092500008D93146384601F0EFFB2044A84200DB34
:1092600005462DB238463146692201F053FD04B25D
:10927000384631466A2201F04DFD00B2844200DCDE
:109280000446002C01DD281905B22846BDE8F0810E
:1092900070B50D4606465B2201F03CFDC4B2304677
:1092A0002946162201F036FD04B90124204670BD7E
:1092B000002803D00068884201D1012070470020B7
:1092C000704700002DE9F0410D460746002636495B
:1092D00000E00068B8B182690A42FAD08069C0F340
:1092E0000F108046FEF7D2FF041E31D04146FFF733
:1092F00067F9C4E900754FF001086FF0030725B165
:10930000A86878B332E03046EBE7F8F7BFFE050017
:109310001AD0EA68F2B1686A401C8100686210469F
:10932000FFF764F8E860696A07EB81014450A682A0
:10933000E6820020F8F7C2FE401E20830020F8F7E6
:1093400003FF401E608323E02046FFF72BF8002038
:10935000BDE8F0810420FEF799FFE8600460C5F8DD
:109360002480E4E7FFE72846FFF790FEA86801683D
:1093700081B14168491C4160A86889000068FFF715
:1093800035F8A9680860A968496807EB810144506D
:109390002046DDE70420FEF779FFA9680860046035
:1093A000A968C1F80480F3E7F0FF0F0070B5054627
:1093B00002F04BFA002000F0AFFA284606F0D2F98E
:1093C000284600F08BF8012000F0A6FA4FF6FF7255
:1093D0004FF47021284602F083FE284602F068FE12
:1093E000FCF7BCFB030007D0284602F0E7F918B1F0
:1093F00029461846FCF704FB284600F059FD0400F6
:109400000DD02A462221FBF723FF2A46232120469E
:10941000FBF71EFF2846BDE8704002F085B970BD1D
:1094200010B5044602F080F902E000BF07F032FCFC
:109430000021204600F02AFC0028F7D100231A461C
:109440001946204603F0BFF8A068002803D0002189
:109450000182A068418210BD7FB50C46064602F02D
:10946000BBF90546E0060CD502AA6946304600F075
:1094700086FE6946304602F07AF902A9304602F0CB
:1094800076F9F069A043F061E0070ED0304602F0B3
:109490004BF9304602F0A0F938B1304600F008FD33
:1094A00002F0D3F9304602F0D0F9304602F094F9D8
:1094B000A84202D114F0C07F07D0304600F0F8FC7B
:1094C00004B0BDE8704002F0C0B97FBD028C22EA52
:1094D00001018A4201D003F01DBA704770B50468DB
:1094E0000546206818B128602846FFF7F7FF2C6072
:1094F00062682046002A03D02946BDE87040104724
:1095000070BD00002DE9F0414D680C46EDB12846D4
:1095100000F054FD0646284600F01CFE074628468B
:109520000021102201F0F6FBE98A12220844C01B38
:10953000E082401E60832846002101F0EBFBA98AEF
:109540000844801BA082401E208341F20200E0619B
:10955000002D06D043F20200C4F81C0043F2023092
:10956000E06140F0740040F40060E06102D040F43B
:109570000040E061BDE8F08110B501460348FFF707
:10958000A1FE0446FFF712FF204610BD5C600208F2
:1095900070B5054602F0C8F8284600F089FC0400C2
:1095A000284610D007F076FB204603F063F800222F
:1095B00022212046FBF74CFE2046BDE870400022E9
:1095C0002421FBF745BE00F0FFFB040007D0206913
:1095D000A842284604D107F05DFB0020206170BD41
:1095E000BDE8704007F056BB70B50C460846E7F77B
:1095F0006BFE002000F090F92046144A002102F092
:1096000046FE012000F088F900212046F5F712FD02
:10961000204600F007FC10B12046FCF7C9FAA0680C
:10962000002811D00068002518B1FEF7BBFEA06825
:109630000560A068C06818B1FEF7B4FEA068C560F8
:10964000A068FEF7AFFEA56070BD0000FFFF0F0031
:109650002DE9F047A2B08046FBF7B8FD064640462C
:10966000FBF7F2FD012700240546122E72D0DFF829
:109670009492152E6CD0182E7AD14046FBF7ACFD93
:10968000824601462846EFF785FD0021284601F075
:1096900055F950B105F59070FAF708F8060004D0B6
:1096A000F9F7E8FC3046FEF76BFE0021284601F092
:1096B00019F900285CD002A8FAF734F88DF80B40AD
:1096C0008DF822408DF832408DF83E4002AA0021EC
:1096D000284601F0CDFE0021284601F0FFFB804620
:1096E0000021284601F0EEFB064605F1140168460C
:1096F000F6F763FABDF80010A1EB0800BDF80410FE
:10970000ADF8000001EB0800ADF80400BDF8020060
:109710005146801BADF80200BDF806003044ADF89C
:10972000060010A800F0F0F802A8149068461D94F6
:10973000CDE91270CDF8449010AA1A212846FBF703
:1097400087FD6A4602A95046F9F7D8FFD4E001E048
:1097500055E00DE04046FBF775FD0646007802280F
:1097600006D00021284601F0E9F820B1022030702F
:1097700022B0BDE8F0870021284601F015FB8246A3
:109780000021284601F0AAFB81460021284601F06D
:1097900099FB804605F114016846F6F70EFABDF80C
:1097A00000105246A1EB0900BDF80410ADF800000E
:1097B00001EB0900BDF80210ADF80400A1EB0800B0
:1097C000BDF80610ADF8020001EB0800ADF8060088
:1097D00069467068E7F775FB68B10021284601F01B
:1097E00075F8FD2807D328460021602201F092FA7F
:1097F000C0B2FD2801D23770BAE73470B8E74046EE
:10980000FBF7EAFC804602A8F9F78CFF0021284606
:1098100001F068F828B19DF82B0040F001008DF8A8
:109820002B0002AA0021284601F022FE0021284632
:1098300001F054FB06460021284601F043FB074691
:1098400005F114018A466846F6F7B7F9BDF800003D
:109850004146801BADF80000BDF804003044ADF86F
:109860000400BDF80200C01BADF80200BDF8060000
:109870003844ADF8060010A800F046F802A814908D
:109880006846CDE91240CDF8449010AA1A21284626
:109890001D94FBF7DDFC0021284601F04FF830B1A4
:1098A000BDF8080018B1069E0127069401E0069E47
:1098B00000276A4602A94046F9F720FFE7B11820C1
:1098C000FEF712FD0746BDF9082000235146F9F7BF
:1098D00059FE05F590713846F9F708FA66B18DF82A
:1098E0000B408DF82A408DF832408DF83E406A4694
:1098F00002A94046069627E710AA1B212846FBF737
:10990000A7FC35E75C60020870B50D4604464821A7
:10991000FEF756FE256070BD0149087070470000D3
:10992000340000202DE9FF4188460846FBF74EFC35
:1099300004464046FBF74EFC0546012C23D0082C7C
:1099400023D0032C3ED02A2C3ED00D2C4CD00E2CF4
:109950007DD0092C7CD00A2C7BD00F2C7AD0292CDE
:1099600079D0222C78D0242C77D0132C76D0152CBB
:1099700003D0182C01D0122C34D104B04046BDE8DD
:10998000F041FFF765BE2021FAE02021FFF79EFDA0
:109990004046FBF732FCFDF728F8002822D10821C9
:1099A000284601F0D3FB00281CD095F820004FF08A
:1099B0000101C007284602D0FFF788FD30E0FFF71D
:1099C0008DF92DE02021F8E000F072F90646002420
:1099D00006E0A868006850F8240001F036FF641C17
:1099E000B442F6D3BDE8FF81082101F0AFFBF8B126
:1099F0004046FBF727FC0478132C06D0112C04D02A
:109A0000142C07D0122C05D008E001212846FFF7BE
:109A100065F903E001212846FFF758FD0A2CE1D043
:109A200004B02846BDE8F04100221C21FBF710BC21
:109A30004FF40161284601F089FB0028D2D0284666
:109A400001F0AFFE0028CDD10027284607E06DE0E9
:109A500095E09AE0B0E0B5E0D1E0F2E0F6E000F0A9
:109A6000ADFA0646284600F009FB04464046FBF7DF
:109A7000E9FB007812281BD011280CD013282BD01A
:109A80001428AFD1284600F071FA800703D0002EC9
:109A900038DC002C36DC284600F0C9F9044628469C
:109AA00000F066FBE11704EB9171A0EBA1000BE065
:109AB000284600F0BCF90446284600F059FBE1179F
:109AC00004EB917100EBA10001B204B03A462846C4
:109AD000BDE8F04102F0B8BD284600F047FA800723
:109AE000E6D0002E01DC002CE2DD284601F0E5FA8C
:109AF0000446284600F035FBE11704EB917100EBBA
:109B0000A1000BE0284601F0D8FA0446284600F0F0
:109B100028FBE11704EB9171A0EBA10001B204B0A6
:109B20003A462846BDE8F04102F078BD4FF4806126
:109B300001F00CFB18B10121284602F052FD284625
:109B400000F070F9FCF710F806460224FCF718FF45
:109B500010B94046FBF751FBFCF753FF022801D038
:109B6000042800D106241EB144F00801284607E06D
:109B700021462846FFF7B2F8082128461DE040217B
:109B800004B0BDE8F041FFF7A9B84021FFF79EFC03
:109B9000284600F01AFE02287FF424AF02AA694684
:109BA000284600F0ECFA6946284601F0E0FD02A9DB
:109BB000284601F0DCFD15E70E2104B0BDE8F041B8
:109BC000FFF784BC002100F027FE04460021284650
:109BD00000F0DEFE204302D0284601F036FE284683
:109BE00000F066F80646002406E0A868006850F811
:109BF000240001F02AFE641CB442F6D3F2E60021F0
:109C0000012201F087F806B228460021042201F063
:109C100081F804B20021284600F0FEFD074600212D
:109C2000284600F0B5FE384305D142F2D170864295
:109C300001D08442BFD104B02846BDE8F04101F014
:109C400004BE688C40F002006884F4E70021FFF74E
:109C5000B5FA014604B04046BDE8F041FBF718BB39
:109C600010B50C4600B96068006868B10169002948
:109C7000FAD00021E160026921469047217E01204F
:109C8000C90700D0002010BD012010BD8068002849
:109C900009D0002902DA4268511803D443680A4601
:109CA0008B4201D800207047006850F822007047AE
:109CB0008068002800D04068704770B50C460546A3
:109CC00000F114012046F5F781FFA868002812D0A2
:109CD0002188808A081A2080A968A088898A084477
:109CE000A080A9686088898A401A6080A968E08895
:109CF000898A0844E08070BD70B50C460546002195
:109D000000F0F8FD06462146284600F057F870425C
:109D100002B211462046F5F7FAFF0021284600F06E
:109D200003FF2188084420800021284600F04AFFD4
:109D3000A188081AA0800021284600F09DFF6188B4
:109D4000084460800021284600F088FEE188081A57
:109D5000E08070BD70B50446002100F08DFF05461F
:109D60000021204600F07AFE06460021204600F041
:109D7000C1FD0246204600F05AF8401B801B5142AC
:109D800000EB410000B270BD70B50446002100F048
:109D9000CBFE05460021204600F014FF06460021B8
:109DA000204600F0A7FD0246204601F086F9401B40
:109DB000801B514200EB410000B270BD0A4600F129
:109DC00014011046F5F702BF10B5416809B100F063
:109DD00073F804460A48E7F700FE0EE00021426AE5
:109DE00005E0C36853F82130A34208D0491C8A42D9
:109DF000F7D801460248E7F702FE0028EED110BD71
:109E0000401700208068002805D0827E02F03F02C3
:109E10008A4201D800207047C06801EB410100EB85
:109E2000810070478068002800D080687047418BAF
:109E3000C08A081A401C00B2704770B5064600F090
:109E400037F8050001D000240AE0002070BD21464B
:109E50002846FFF71BFFB04201D1204670BD641CAD
:109E60002846FFF725FFA042F1D84FF0FF3070BD24
:109E7000F0B4468C00240425C6F3051613E000BF99
:109E8000C76805EBC40C57F80C705FEAC71C09D50E
:109E900027F07F479F4205D1C06850F83400F0BCDE
:109EA00004F09CB9641CA642EAD8F0BC00207047BC
:109EB000002800D04068704700B50146FFF7F8FF62
:109EC0000028FAD1084600BD2DE9F047DFF894805C
:109ED00006464446FFF7ECFE07460025DFF888A05B
:109EE0000EE0B0685146006850F82500814601F048
:109EF00034F920B9B9F91A00A04200DB04466D1C00
:109F0000BD42EED30021304600F0BCFE8146002168
:109F1000304600F0A9FD07460021304600F0F0FC75
:109F20000546444504D0708BC01B401B201A04B268
:109F3000304600F053FC80463046FFF778FFA0EB38
:109F40000900C01B694200EB4101A8EB010130464A
:109F500000F00EF9081A00B2844200DD2046BDE888
:109F6000F087000001E0FFFF01000400806818B1E5
:109F7000407E00F00F0070470F20704770B50C4610
:109F800005460C49F5F786F810B1806A404202E0B8
:109F9000284600F0E6F8208007492846F5F77AF8C9
:109FA00010B1806A404202E0284600F0E1F860808B
:109FB00070BD0000532302086B2302082DE9F84FFF
:109FC0000646002100F051FC012807D0B0680028A7
:109FD00002D0008A404200B2BDE8F88F002130462E
:109FE00000F0F6FD00900021304600F0A3FD814610
:109FF0000021304600F084FC804641F6FF7A54464A
:10A000003046FFF755FE074600250EE0B0681949B7
:10A01000006850F82500834601F09FF820B9BBF98D
:10A020001400A04200DC04466D1CBD42EED3544532
:10A0300006D0B28A09EB08001044001B04B200E00D
:10A040000D4C304600F0D8FB0546304601F035F89F
:10A050000099411AA1EB0901C8F1000001EB400091
:10A06000291A304600F07DF8084400B28442B3DD7E
:10A070002046B1E70100040001E0FFFF2DE9F047B1
:10A080000646002100F0F1FB01280AD0DFF8A0808D
:10A0900030464446FFF70CFE07460025DFF894A043
:10A0A00015E0B068002801D0B0F91000BDE8F087D5
:10A0B000B0685146006850F82500814601F04DF81F
:10A0C00020B9B9F91800A04200DB04466D1CBD425E
:10A0D000EED30021304600F07BFD074600213046DC
:10A0E00000F028FD81460021304600F009FC0546BD
:10A0F000444504D0308BC01B401B201A04B23046AC
:10A1000000F07AFB8046304600F0D7FFC11BA1EB80
:10A110000900694200EB4101A8EB0101304600F063
:10A1200020F8081A00B28442C0DD2046BEE70000D5
:10A1300001E0FFFF010004008068002802D0007EDB
:10A14000C0F3810070478068002802D0007EC0F311
:10A15000011070478068002802D0408A404200B257
:10A1600070478068002802D0008A404200B27047E1
:10A170008068002802D0408A404200B270472DE932
:10A18000F04F91B016460C464FF0FF3705460022BF
:10A190003B46114620460097F5F7D3FD00223B468B
:10A1A000114630460097F5F7CCFD1021284600F007
:10A1B000CDFF002816D0284600F007FB070011D07D
:10A1C0000020FCF7E3FB8046022F08D010E0FCF7EC
:10A1D0000CFCA84209D04046FCF7D8FB8046B8F1F9
:10A1E000000FF4D111B0BDE8F08FB8F1000FF9D035
:10A1F0002846FFF7AFFF05902846FFF765FE0C9055
:10A200002846FFF7DBFE0A902846FFF737FF089045
:10A210002846FFF7ABFE8146002019F00C0F009096
:10A2200014D0012F10D0032F02D0022F07D00DE041
:10A230000598002808DC0C98002805DC06E040465C
:10A24000FCF7C4FB0C2801D10120009000200990EC
:10A250005FEA897014D0012F10D0032F02D0022F93
:10A2600007D00DE00A98002808DC0898002805DCD3
:10A2700006E04046FCF7AAFB032801D10120099023
:10A28000009909980843ADD04FF4803739462846E5
:10A2900000F0EBFA012800D000200E903946284645
:10A2A00000F0F0FC06903946284600F0DDFB0F90E8
:10A2B0003946284600F03EFC80463946284600F0E4
:10A2C00087FC814628460122394600F023FD0FFA1B
:10A2D00080FB2846FFF7ABFD0490284600F0EDFE1A
:10A2E0000390009800B158468246099800B158463C
:10A2F000109028463946212200F00CFDC0B20228F9
:10A3000008D228463946312200F004FDC0B20228A6
:10A31000FFF468AFDDE9040101440C98A02708446C
:10A3200000B20B900098002870D00B980028FBD04A
:10A33000E88A7080688BF0800E9840B1A98A01EBA2
:10A3400008003080ABF101010844B08007E0298BA0
:10A35000A1EB0900B080A0EB0B00401C30800699F7
:10A360000498411A0F98091A1098081A0499009035
:10A3700048430B9990FBF1F000B205900020F7F7ED
:10A380008BFE00EB8001502000EB4100B0F5A07F78
:10A390000ADB0020F7F780FE00EB8001502000EB85
:10A3A000410090FBF7F000E001200599884201DAB6
:10A3B000084616E00020F7F76FFE00EB8001502002
:10A3C00000EB4100B0F5A07F0ADB0020F7F764FE48
:10A3D00000EB8001502000EB410090FBF7F000E023
:10A3E0000120009900B2091A0AB2049B0B99C91AFC
:10A3F00009B200290BDCE98A069808447080698B51
:10A400000F98091A1098081A401EF08090E00C9BD3
:10A4100012FB03F393FBF1F1511A069AEB8A1144F4
:10A42000194409B2401E71800844F080B5F9162025
:10A4300006981044814238DA70800020F7F72CFE2D
:10A4400000EB8001502000EB4100B0F5A07F0ADB5B
:10A450000020F7F721FE00EB8001502000EB4100C7
:10A4600090FBF7F000E00120B6F902100844B6F9BD
:10A470000610884219DD0020F7F70EFE00EB800180
:10A48000502000EB4100B0F5A07F0ADB0020F7F779
:10A4900003FE00EB8001502000EB410090FBF7F041
:10A4A00000E0012071880844F080B5F91A20109866
:10A4B000B6F90610121A0F98101A814238DDF08092
:10A4C0000020F7F7E9FD00EB8001502000EB410090
:10A4D000B0F5A07F0ADB0020F7F7DEFD00EB80017E
:10A4E000502000EB410090FBF7F000E00120B6F9AE
:10A4F0000610081AB6F90210884219DA0020F7F798
:10A50000CBFD00EB8001502000EB4100B0F5A07FB7
:10A510000ADB0020F7F7C0FD00EB8001502000EBC4
:10A52000410090FBF7F000E00120F188081A7080EC
:10A530000A99039801440898084400B204900998C5
:10A5400000283FF44FAE04980028FAD0698B0F988A
:10A55000081AE080A0EB0B00401C6080A88A2080D5
:10A56000288BA0800399A1EB0801A1EB0901A1EBC5
:10A570000A00039900904843049990FBF1F000B25F
:10A5800002900020F7F788FD00EB8000502606EBD4
:10A5900040004FF4A07B584509DB0020F7F77CFD15
:10A5A00000EB800006EB400090FBF7F000E001209C
:10A5B0000299884201DA084613E00020F7F76CFDA3
:10A5C00000EB800006EB4000584509DB0020F7F760
:10A5D00063FD00EB800006EB400090FBF7F000E02D
:10A5E0000120009900B2091A0AB2DDE90331C91A43
:10A5F00009B2002916DCA98A0E9840B14144AAF19B
:10A60000010008442080298BA1EB090008E001EB40
:10A6100008002080298BA1EB0901A1EB0A00401E54
:10A62000A080DFE5089B12FB03F393FBF1F1511AC5
:10A630000E9A09B2EAB3AA8A401E531808EB0A021E
:10A64000991809B221800844A080B5F9140010447B
:10A65000884233DD20800020F7F71EFD00EB8000EC
:10A6600006EB4000584509DB0020F7F715FD00EB2D
:10A67000800006EB400090FBF7F000E00120B4F909
:10A6800000100844B4F90410884217DD0020F7F7E1
:10A6900003FD00EB800006EB400058450ADB00207C
:10A6A000F7F7FAFC00EB800006EB400090FBF7F0B8
:10A6B00001E039E0012021880844A080B4F90410A9
:10A6C000B5F9182077E0A0800020F7F7E5FC00EB53
:10A6D000800006EB40005D46A84272DB0020F7F7E1
:10A6E000DBFC00EB800006EB400090FBF7F0B4F9D8
:10A6F0000410081AB4F90010884292DA0020F7F723
:10A70000CBFC00EB800006EB4000A8425BDB0020A6
:10A71000F7F7C2FC00EB800006EB400090FBF7F07F
:10A72000A188081A20805DE5AB8A4144194409B22A
:10A73000401E21800844A080B5F9142002EB0800D7
:10A74000814232DA20800020F7F7A6FC00EB80007F
:10A7500006EB4000584509DB0020F7F79DFC00EBB5
:10A76000800006EB400090FBF7F000E00120B4F918
:10A7700000100844B4F90410884216DD0020F7F7F1
:10A780008BFC00EB800006EB4000584509DB002005
:10A79000F7F782FC00EB800006EB400090FBF7F03F
:10A7A00000E0012021880844A080B5F91820B4F900
:10A7B0000410A2EB0A02A2EB0900814283DC11E53E
:10A7C000FFE7012093E70120AAE7806818B1007E27
:10A7D00000F00300704703207047000008B50549EA
:10A7E0006A46496800912C21FAF732FDBDF9020052
:10A7F00008BD00007860020808B505496A46096886
:10A8000000912C21FAF724FDBDF9000008BD0000DD
:10A8100078600208008C704710B5092200F07AFABF
:10A82000C0B210BD10B5092200F074FAC0B210BD5C
:10A83000662200F06FBA10B5512200F06BFA0028C2
:10A8400000D0012010BD10B5502200F063FA00B214
:10A8500010BD10B5502200F05DFA00B210BD10B569
:10A86000162200F057FAC0B210BD10B5162200F043
:10A8700051FAC0B210BD10B5162200F04BFAC0B2AA
:10A8800010BD10B5162200F045FAC0B210BD10B5CB
:10A89000162200F03FFAC0B210BD10B5162200F02B
:10A8A00039FAC0B210BD10B5162200F033FAC0B2AA
:10A8B00010BD70B50C460546202200F02BFA02466A
:10A8C00021462846BDE87040E7F794B910B521222B
:10A8D00000F020FAC0B210BD10B5682200F01AFADC
:10A8E000C0B210BD10B5342200F014FA002800D018
:10A8F000012010BD10B5322200F00CFA00B210BDDC
:10A9000010B5322200F006FA00B210BD10B53222A6
:10A9100000F000FA00B210BD10B5322200F0FAF9D2
:10A9200000B210BD10B5322200F0F4F900B210BD33
:10A9300010B5322200F0EEF900B210BD10B51722AA
:10A9400000F0E8F9002800D0012010BD034A10B53E
:10A95000528900F0DFF9C0B210BD000054000020A1
:10A9600010B5042200F0D6F900B210BD10B50422D3
:10A9700000F0D0F900B210BD10B5042200F0CAF901
:10A9800000B210BD10B5042200F0C4F900B210BD31
:10A9900010B50A2200F0BEF980B210BD10B50A222F
:10A9A00000F0B8F980B210BD10B5492200F0B2F93C
:10A9B00000B210BD10B5062200F0ACF900B210BD17
:10A9C00010B5052200F0A6F900B210BD10B5602246
:10A9D00000F0A0F9C0B210BD70B50E460546FFF7F5
:10A9E000F5FF02281AD9FF24FD2802D2C0EB00206F
:10A9F000040A0EB1002603E02846FFF759FA05467F
:10AA000055B131462846FFF7E1FF022806D9FD2857
:10AA1000F2D24443240AEFE7022C01D8002070BD93
:10AA2000FD2C01D3FF2070BD204670BD10B537222C
:10AA300000F070F9C0B210BD10B5382200F06AF90C
:10AA400000B210BD10B5352200F064F900B210BD9F
:10AA500010B5112200F05EF900B210BD10B5112240
:10AA600000F058F900B210BD10B5112200F052F9F3
:10AA700000B210BD10B5112200F04CF900B210BDAB
:10AA800010B5112200F046F900B210BD10B5112228
:10AA900000F040F900B210BD10B5112200F03AF9F3
:10AAA00000B210BD10B5112200F034F900B210BD93
:10AAB00010B5112200F02EF900B210BD10B5112210
:10AAC00000F028F900B210BD10B5112200F022F9F3
:10AAD00000B210BD10B5112200F01CF900B210BD7B
:10AAE00010B5152200F016F900B210BD10B51522F0
:10AAF00000F010F900B210BD10B5152200F00AF9EF
:10AB000000B210BD10B5152200F004F900B210BD5E
:10AB100010B5152200F0FEF800B210BD10B51222DB
:10AB200000F0F8F800B210BD10B5122200F0F2F8F3
:10AB300000B210BD10B5122200F0ECF800B210BD4A
:10AB400010B5122200F0E6F800B210BD10B51222C6
:10AB500000F0E0F800B210BD10B5122200F0DAF8F3
:10AB600000B210BD10B5122200F0D4F800B210BD32
:10AB700010B5122200F0CEF800B210BD10B51222AE
:10AB800000F0C8F800B210BD10B5122200F0C2F8F3
:10AB900000B210BD10B5122200F0BCF800B210BD1A
:10ABA00010B5122200F0B6F800B210BD10B5122296
:10ABB00000F0B0F800B210BD10B5132200F0AAF8F2
:10ABC00000B210BD10B5132200F0A4F800B210BD01
:10ABD00010B5132200F09EF800B210BD10B513227C
:10ABE00000F098F800B210BD10B5132200F092F8F2
:10ABF00000B210BD10B5132200F08CF800B210BDE9
:10AC000010B5132200F086F800B210BD10B5132263
:10AC100000F080F800B210BD10B5132200F07AF8F1
:10AC200000B210BD10B5132200F074F800B210BDD0
:10AC300010B5132200F06EF800B210BD10B513224B
:10AC400000F068F800B210BD10B5142200F062F8F0
:10AC500000B210BD10B5142200F05CF800B210BDB7
:10AC600010B5142200F056F800B210BD10B5102235
:10AC700000F050F800B210BD10B5102200F04AF8F4
:10AC800000B210BD10B5102200F044F800B210BDA3
:10AC900010B5102200F03EF800B210BD10B5102221
:10ACA00000F038F800B210BD10B5102200F032F8F4
:10ACB00000B210BD10B5102200F02CF800B210BD8B
:10ACC00010B5102200F026F800B210BD10B5102209
:10ACD00000F020F800B210BD10B5102200F01AF8F4
:10ACE00000B210BD10B5102200F014F800B210BD73
:10ACF00010B5102200F00EF800B210BD10B51022F1
:10AD000000F008F800B210BD10B5102200F002F8F3
:10AD100000B210BD2DE9F8438846064614460121CD
:10AD2000104603F071FB0746002515E06B462246EE
:10AD300041463046F2F7E9F80546012827D07FB1B1
:10AD4000022D05D0B8F1000F02D04FF0000803E04B
:10AD50003046FFF7ADF80646002EE7D1012D16D09C
:10AD6000B8F1000F03D1012C05D0042C03D02046EC
:10AD700003F0E2FA0AE031680FE0012C0AD0C88A39
:10AD800050B161B1012C0CD0B1F9160000900098BF
:10AD9000BDE8F883888AF3E709680029EDD100202F
:10ADA000F4E7B1F91400F1E710B50B22FFF7B2FF99
:10ADB00000B210BD10B54122FFF7ACFF00B210BDCC
:10ADC00010B54122FFF7A6FF00B210BD10B5422218
:10ADD000FFF7A0FF00B210BD10B54222FFF79AFFA7
:10ADE00000B210BD10B54522FFF794FFC0B210BDF0
:10ADF00010B54322FFF78EFF00B210BD10B5402200
:10AE0000FFF788FF00B210BD70B50C46054655220D
:10AE1000FFF780FF024621462846BDE87040E6F76E
:10AE2000E9BE5722FFF776BF5722FFF773BF5722BD
:10AE3000FFF770BF5722FFF76DBF5722FFF76ABFBA
:10AE40005722FFF767BF5722FFF764BF10B558229C
:10AE5000FFF760FF00B210BD10B55822FFF75AFF90
:10AE600000B210BD10B55822FFF754FF00B210BD5C
:10AE700010B55922FFF74EFF00B210BD10B5592290
:10AE8000FFF748FF00B210BD10B55922FFF742FF8F
:10AE900000B210BD10B55922FFF73CFF00B210BD43
:10AEA00010B55922FFF736FF00B210BD10B5592278
:10AEB000FFF730FF00B210BD10B56E22FFF72AFF7A
:10AEC00000B210BD10B56A22FFF724FF00B210BD1A
:10AED00010B56A22FFF71EFF00B210BD10B569223F
:10AEE000FFF718FF00B210BD10B56922FFF712FF7F
:10AEF00000B210BD10B56D22FFF70CFF00B210BDFF
:10AF000010B50122FFF706FF00B210BD10B50122F7
:10AF1000FFF700FF00B210BD10B50122FFF7FAFEE7
:10AF200000B210BD10B50122FFF7F4FE00B210BD53
:10AF300010B50122FFF7EEFE00B210BD10B50722DA
:10AF4000FFF7E8FE00B210BD10B50822FFF7E2FEE1
:10AF500000B210BD2DE9FF4107460888ADF800009A
:10AF60004888ADF802000888ADF80400C888ADF83C
:10AF700006008888ADF8080048880C46ADF80A003D
:10AF8000A088ADF80C00E088ADF80E001D4616460E
:10AF90006946384601F0ABFE2B463246384601A9D9
:10AFA00001F0A5FE2B463246384602A901F09FFE6D
:10AFB0002B463246384603A901F099FEBDF9003010
:10AFC000BDF90400834201DA1D4600E00546BDF9E3
:10AFD0000810BDF90C20914201DA0E4600E0164639
:10AFE000B54205DA834201DA1A4604E0024602E07D
:10AFF000914200DA0A462280BDF90030BDF9041002
:10B000008B4201DD1D4600E00D46BDF90800BDF98B
:10B010000C20904201DD064600E01646B54205DDF3
:10B020008B4201DD1A4604E00A4602E0904200DD50
:10B030000246A280BDF90230BDF90620934201DA32
:10B040001D4600E01546BDF90A10BDF90E0081420B
:10B0500001DA0E4600E00646B54205DA934201DA0F
:10B06000184604E0104602E0814200DA084660809B
:10B07000BDF90230BDF906108B4201DD1D4600E02E
:10B080000D46BDF90A00BDF90E20904201DD0646CD
:10B0900000E01646B54205DD8B4201DD184604E0AE
:10B0A000084602E0904200DC1046E080052211468E
:10B0B0002046F4F72CFEBDE8FF81018B808A081A38
:10B0C000401C00B2704770B50546FEF7F1FE040063
:10B0D00012D0A88AA18A451A2046FFF742F80544F3
:10B0E00000212046FFF720FD2D1A00212046FFF702
:10B0F00001FC281A00B270BDB5F9140070BD70B51E
:10B100000546FEF7D5FE040012D0E88AE18A451A0A
:10B110002046FFF72DF8054400212046FFF7ACFD3F
:10B120002D1A00212046FFF7E5FB281A00B270BD5A
:10B13000B5F9160070BD10B50446FFF7E0FF0246F2
:10B140002046FEF774FE104400B210BDC069814372
:10B1500001D00020704701207047C069084000D02E
:10B1600001207047008C084000D0012070477FB557
:10B170000D4606460221FFF7E9FF002820D0802176
:10B180003046FFF7EFFFE8B902A93046FEF795FD1C
:10B190000022294602A8E5F754FF040012D04FF41C
:10B1A00080313046FFF7D2FF70B101208DF80400E6
:10B1B00000956A4611213046FAF74AF89DF80400D6
:10B1C00004B070BD0020FBE72046F9E7F8B514464F
:10B1D0000D4606465022FFF79DFD00B26080002814
:10B1E00010D0304629465322FFF794FDC0B2207399
:10B1F000022807D929463046FFF7EEFB022802D87D
:10B2000000202073F8BDFD2804D2217B11FB00F043
:10B21000000A2073207B0228F4D9522229463046A6
:10B22000FFF778FD024629463046E6F7E3FC00903A
:10B23000BDF800002080304629465422FFF76AFD01
:10B24000A060304629465122FFF764FD00B101207D
:10B25000617B002D60F382016173D3D029463046B3
:10B26000FFF73AFB617B60F301016173F8BDF8B54C
:10B2700014460E4605464622FFF74CFDC0B2E0726A
:10B28000022807D931462846FFF7A6FB00210228ED
:10B2900001D8E172F8BDFD2804D2E27A12FB00F079
:10B2A000000AE072E07A0228F4D921804FF480701D
:10B2B0006080288BA98A4822401A401C00B200EB0B
:10B2C000D0704010A080688BE98A401A401C00B200
:10B2D00000EBD0704010E08028463146FFF71AFDA1
:10B2E00010F0FF00A0720DD0472231462846FFF72C
:10B2F00011FD024631462846E6F77CFC0090BDF879
:10B3000000002081002EC5D031462846FFF7E4FA20
:10B310002073F8BDF8B514460D4606465622FFF7D1
:10B32000F9FCC0B2A076022807D929463046FFF7BB
:10B3300053FB022802D80020A076F8BDFD2804D2D5
:10B34000A17E11FB00F0000AA076A07E0228F4D9AD
:10B3500029463046FFF758FD0090BDF80000A08157
:10B36000304629465822FFF7D5FCA08230462946B0
:10B370005922FFF7CFFC6082304629465A22FFF758
:10B38000C9FCA17F60F30201A1773DB12946304697
:10B39000FFF7A2FAA17F60F3C501A17729463046E5
:10B3A000FFF73FFD2060304629465B22FFF7B2FCE5
:10B3B0002077F8BDF8B514460D4606464E22FFF735
:10B3C000A9FCC0B22072022807D929463046FFF7EF
:10B3D00003FB022802D800202072F8BDFD2804D209
:10B3E000217A11FB00F0000A2072207A0228F4D999
:10B3F000304629464922FFF78DFC00B260800028C4
:10B40000EBD04D2229463046FFF784FC0246294600
:10B410003046E6F7EFFB0090BDF800002080304694
:10B4200029464A22FFF776FC00B2A08028B13046B8
:10B4300029464B22FFF76EFCE080304629464C221D
:10B44000FFF768FC08B1012100E00021607A61F398
:10B450008200810861F3C3006072002DBDD02946CF
:10B460003046FFF739FA617A60F301016172F8BD85
:10B47000F8B514460D460646FFF7AEFA074685B105
:10B48000022F09D80020E070A07684F8220084F80A
:10B490002A0084F83600F8BD29463046FFF71CFA2A
:10B4A000A070304629460B22FFF734FC2080E0785C
:10B4B000002855D0304629462122FFF72BFCC0B288
:10B4C000E07002284CD929463046FFF7F2F9009087
:10B4D000BDF80000A080304629462622FFF71AFC5E
:10B4E000010007D0487A400704D00A22A01DFCF7CB
:10B4F00095FF35E0304629462322FFF70BFCE17B20
:10B5000060F30201E173480721D029463046FFF776
:10B51000D0F90090BDF80000E08022222946304694
:10B52000FFF7F8FB024629463046E6F763FB00903A
:10B53000BDF800006081304629462422FFF7EAFB6F
:10B540002072304629462522FFF7E4FB207330465F
:10B5500029462722FFF7DEFBE17B60F3C501E1739B
:10B56000304629463222FFF7D5FB00B2208428B3AB
:10B5700094F8220010B3304629463122FFF7CAFB67
:10B58000C0B284F82200022818D930462946332256
:10B59000FFF7C0FB94F82310302260F3450184F8D4
:10B5A000231029463046FFF7B5FB024629463046B0
:10B5B000E6F720FB0090BDF80000E0832946304606
:10B5C000FFF740FAE084E8B194F82A00D0B12946A8
:10B5D0003046FFF72BFA84F82A00022812D92946B0
:10B5E0003046FFF729FA2085362229463046FFF7F4
:10B5F00091FB024629463046E6F7FCFA0090BDF87A
:10B600000000A084A07E80B3304629462822FFF7A0
:10B6100081FB206148B3304629462922FFF77AFB97
:10B62000C0B2A076022820D92069FBF75FF9022872
:10B630006CD02A2229463046FFF76CFB0246294689
:10B640003046E6F7D7FA0090BDF800002083304678
:10B6500029462B22FFF75EFBE076304629462C2256
:10B66000FFF758FB00B10120207794F8360070B343
:10B6700029463046FFF7C2FBE08540B394F8360018
:10B68000022824D929463046FFF7ACFB84F836005F
:10B6900002281CD929463046FFF78CFB2086294614
:10B6A0003046FFF793FB608629463046FFF7A0FB44
:10B6B000A086442229463046FFF72CFB0246294645
:10B6C0003046E6F797FA0090BDF80000A085FD2F00
:10B6D000BFF4E1AE14F8030F10FB07F0000A04F802
:10B6E000140BE07810FB07F0000AE070E07A10FB22
:10B6F00007F0000AE072E07C10FB07F0000AE0743B
:10B70000E07F10FB07F0000AE077F8BD29463046DD
:10B71000FFF787FB606129463046FFF775FB009015
:10B72000BDF800002083A0E77CB50546E6F732FAB5
:10B73000044605F114016846F4F748FABDF8000024
:10B740006946001BADF80000BDF80200001BADF813
:10B750000200BDF804002044ADF80400BDF8060066
:10B760002044ADF80600284600F001F87CBD7CB509
:10B770000C460546FEF728FBF6F7FCFC00280FD028
:10B7800021466846F4F722FA69462846FDF79CFCF4
:10B79000002805D02846FEF717FB6946E6F7A2F811
:10B7A0007CBD0068002808D0017E8907F9D0007EA2
:10B7B00000F00300012800D0002070470068002836
:10B7C00009D0017E11F00C0FF8D0007EC0F381008B
:10B7D000012800D00020704710B504460849FFF743
:10B7E000BCFC08B1002010BD2046FEF761FB00281C
:10B7F000F9D00021FFF7D2F80028F4D0012010BDC5
:10B80000010006007CB50546E6F7C4F9044605F1DB
:10B8100014016846F4F7DAF9BDF800006946001B28
:10B82000ADF80000BDF80200001BADF80200BDF845
:10B8300004002044ADF80400BDF806002044ADF833
:10B8400006002846FDF740FC7CBD10B5418C41F058
:10B8500001014184FEF730FB418C41F00401418439
:10B86000FEF7B2FA4068002803D0BDE8104004F0AB
:10B870004DB910BD2DE9F0479946174688468246D6
:10B88000FEF716FA0646002523E000BFDAF80800A6
:10B89000B9F1000F006850F8254005D04FF4802121
:10B8A0002046FFF753FC98B9A18A002301EB08005A
:10B8B000A082E08A3A463844E082218B01EB0800FE
:10B8C0002083608B4146384460832046FFF7D2FFD7
:10B8D0006D1CB542DAD3BDE8F0872DE9FF47456816
:10B8E00016460F4604469DB300212846FFF71CF973
:10B8F000804600212846FFF7BFF981464FF480219A
:10B900002046FFF723FC48B1A98A07EB080008444A
:10B9100007B2E98A06EB0900084410E02846FEF762
:10B9200020FCAA8A02EB0801081A384407B228460C
:10B93000FEF71EFCEA8A02EB0901081A304406B23F
:10B9400000212846FEF7D6FF391830440FB206B260
:10B95000A08A381A07B2E08A301A06B20FB9002E50
:10B9600040D02046FFF7E0FE02A92046FEF726FA67
:10B970004FF0000875B169462846FEF7BDF9002270
:10B98000694602A8E5F79DFA5FEA000802D1284659
:10B9900000F070FEA08A32463844A082E08A394620
:10B9A0003044E082208B002338442083608B304475
:10B9B00060832046FFF75EFF8DB122462221284694
:10B9C000F9F746FC2046FFF7AFFE0022694604F176
:10B9D0001400E5F776FAB8F1000F07D104E020462D
:10B9E000FFF7A2FEBDE8FF870028FBD0284600F045
:10B9F00041FEF7E770B50C00064604D5FEF758FA8D
:10BA0000FEF756F904443046FEF717FA0246304670
:10BA1000FEF74EFA0546002C2DDBFEF749F9A04251
:10BA200029DD944227D015DA6FF00301A24214DD1C
:10BA3000A86801EB82030068C35840F82230521E08
:10BA4000F4E7A86801EB82030068C35840F822308D
:10BA5000521C00E00421A242F3DBA868002222214C
:10BA6000006840F824602846F9F7F2FB2846BDE854
:10BA70007040FFF759BE70BD2DE9F0410D460646F6
:10BA8000FEF761FBA0B93046FEF764FB0446304682
:10BA9000FEF71AFA00280BDA002C09DD4042844236
:10BAA00000DB044622B22B460021304600F08AFC1F
:10BAB0003046FEF741FB002825D13046FEF77EFADE
:10BAC00004463046FEF7DAFA074600213046FEF714
:10BAD000CCFE01280BD0002F15DA002C13DD7842A4
:10BAE000844200DB044621B22B46002206E0002CF3
:10BAF00009DA002F07DD2B46002221463046BDE83B
:10BB0000F04100F05FBCBDE8F0812DE9F0478946C7
:10BB100086B00446866802A94846FEF74FF94846B3
:10BB2000E6F738F80146024602A8F4F7F0F802AA50
:10BB3000314604A8E5F79DF94FF400250DF1100AF0
:10BB400020B929464846FFF701FB98B14FF001089C
:10BB5000224614214846C4F808A0F9F779FB22468A
:10BB600015214846F9F774FB224616214846F9F795
:10BB70006FFB01E04FF0000829464846FFF7E6FA60
:10BB800020B1306800907068019006E009F114025D
:10BB900031466846E5F76DF990B1C4F808D04846DB
:10BBA000FEF786F80746002508E0D9F80800006887
:10BBB00050F82510204605F009FD6D1CBD42F4D358
:10BBC000B8F1000F10D0224617214846C4F808A04B
:10BBD000F9F73EFB224618214846F9F739FB224681
:10BBE00019214846F9F734FBA66006B0BDE8F08796
:10BBF0002DE9F14F82B00298FFF7EEFD00287CD1CD
:10BC00000298FEF755F9009000210298FFF796F987
:10BC1000824600210298FFF797F90746009868B11D
:10BC2000FEF7B2F881460098FEF794F80546CAF38D
:10BC300041304FF0640B012803D012E03A465146E0
:10BC400092E02AF4C040B0F5FA6F0ADCB0F57A7FD2
:10BC500001DDC0F57A7000FB09F090FBFBF00FFAF4
:10BC600080FAC7F3413001280DD127F4C040B0F568
:10BC7000FA6F08DCB0F57A7F01DDC0F57A706843B1
:10BC800090FBFBF007B200216B220298FFF742F80D
:10BC900006B200216C220298FFF73CF802B202982B
:10BCA000FFF70BFA80460298FEF7C1F80446C6F388
:10BCB000413001280ED126F4C040B0F5FA6F09DCFE
:10BCC000B0F57A7F01DDC0F57A7000FB08F090FBDB
:10BCD000FBF006B2C2F3413001280DD122F4C0407E
:10BCE000B0F5FA6F08DCB0F57A7F01DDC0F57A7047
:10BCF000604390FBFBF002B200E055E00AEB060067
:10BD000006B2B81807B200210298FEF78BFD50B1B9
:10BD1000012827D0801E082824D2DFE800F00B136A
:10BD2000202B3318383B00210098FEF798FD01289E
:10BD300008D017E009EBD971491008EBD870A1EBD6
:10BD4000600001E0A9EB0800304406B20AE005EB10
:10BD5000D570401004EBD471A0EB610000E0281B0B
:10BD6000384407B23A463146029803B0BDE8F04F76
:10BD7000FFF7B3BD09EBD971491008EBD870A1EBFF
:10BD8000600001E0A9EB0800304406B2E7E7A9EB48
:10BD9000080006E009EBD971491008EBD870A1EB57
:10BDA0006000304406B2D2E7BDE8FE8F2DE9F04FC7
:10BDB0000446408C87B0010501D540057ED420465D
:10BDC000FEF776F85FEA000878D02046FEF7F6F82E
:10BDD0000190608C002600054FF4FA6B42F2D17A94
:10BDE00003D52046FFF769F95DE000212046FFF703
:10BDF00087F80546504501D1012600E00026C5F32D
:10BE00004130012805D125F4C040584501DC01200E
:10BE100000E0002081464046FDF7B6FF074626B108
:10BE20002046E7F77FFC05462BE0B9F1000F28D04C
:10BE3000B8F82200000518D400214046FFF760F84A
:10BE4000504512D100212046FEF754FD0546002141
:10BE50002046FEF769FE00EB050900212046FEF7AB
:10BE6000B1FE411901EB09000AE025F4C040B0F52C
:10BE70007A7F01DDC0F57A707843642190FBF1F0A0
:10BE800005B2204600210222FEF744FF0FFA80F996
:10BE9000204600210322FEF73DFF02B23B46494601
:10BEA0002846F5F7DCFA07462046FEF753F90090DE
:10BEB000608C4FF00009400505D500E06BE020469E
:10BEC000FDF7B5FF53E000212046FEF749FDA0F540
:10BED0001C510546D13906D000208146C5F34130BA
:10BEE000012802D007E00120F7E725F4C0405845BB
:10BEF00001DC012000E0002083464046FDF72AFFD8
:10BF00008246B9F1000F04D02046E7F799FB0546B9
:10BF10001BE0BBF1000F18D0B8F82200400507D491
:10BF200000214046FEF71CFDA0F51C51D13936D04A
:10BF300025F4C040B0F57A7F01DDC0F57A7000FBD2
:10BF40000AF0642190FBF1F005B2204600210522A1
:10BF5000FEF7E0FE0FFA80FB204600210622FEF7E6
:10BF6000D9FE02B2534659462846F5F743FA05462C
:10BF700056EA090605D0DDE900210023204600F03D
:10BF800022FB2046FFF799F8B8421BD12046FDF767
:10BF90004EFFA84216D1002007B0BDE8F08F002167
:10BFA0002046FEF7A7FC054600212046FEF764FE6A
:10BFB00000EB050B00212046FEF750FD411901EB77
:10BFC0000B00C1E72046FFF7AFFB02A92046FDF7B3
:10BFD000F5FE04A94046FDF78FFE002204A902A841
:10BFE000E4F76FFF060002D1404600F043FBE08A11
:10BFF0006D1E2844608300212046FEF730FC012896
:10C000001CD0A08A7F1E3844208302AA2921204602
:10C01000F9F71EF9224622214046F9F719F9204680
:10C02000FFF782FB608C002240F00200608404A9CC
:10C0300004F11400E4F745FF36B904E0208BC01B7F
:10C04000401CA082E1E710B1404600F013FB2046FF
:10C0500000F002F801209FE738B50446E5F79AFDA5
:10C0600005460020ADF800006A4613212046F9F786
:10C07000EFF8BDF90000A84202D02046FFF754FBBC
:10C08000A06818B1BDF80010C18209E0BDF8000039
:10C0900030B12046FCF7FAFFA168BDF80000C88265
:10C0A000BDF90000A84202D02046FFF73DFB38BD95
:10C0B00070B505460021FEF723FF044600212846FF
:10C0C000FEF74EFC42F2D1718C4203D0884201D07F
:10C0D000002070BD2846FFF7B8FB012070BD0000AE
:10C0E0002DE9F84F0446514890460D460078002847
:10C0F00070D02046FFF718FB05F47F050421404669
:10C1000002F082F906460221404602F07DF981469E
:10C110000121404602F078F900901021404602F0DB
:10C1200073F907464FF6FF7BEEB1B5F5702F12D0CD
:10C130008DB1204600210422FEF7ECFD00B242F250
:10C14000D17A504507D0204600210122FEF7E2FDBA
:10C1500000B250454DD100222A212046F9F778F847
:10C160002046FFF772FB4FF4702A554500D085BB7F
:10C17000D84500D02EB12046FDF79AFE08B1FFF752
:10C1800064FB554500D025BB1FB3204600216E221D
:10C19000FEF7C0FD00B240B9204600216D22FEF737
:10C1A000B9FD00B2B0F5807F01D0022714E020462F
:10C1B00000216122FEF7AEFDC0B2FF2807D1204664
:10C1C00000216822FEF7A6FD10F0FF0F03D0012723
:10C1D00002E00EE028E00027A06820B1817E67F32E
:10C1E0008711817605E027B12046FCF74FFFA06854
:10C1F000F4E75F46B84502D0B9F1000F02D02046FF
:10C20000FFF72AFF2046FFF78FFAB84504D00099C0
:10C2100049EA0600084207D0B5F5803F04D0204621
:10C22000BDE8F84F05F09ABCBDE8F88F3400002057
:10C230002DE9F04104460E46408C002115460423AA
:10C24000C0F305100BE000BFE26803EBC107D25951
:10C25000D70103D522F07F42AA4202D0491C88426E
:10C26000F2D8884202D10020BDE8F081E06850F8A1
:10C270003100314602F002F928B132462946204603
:10C28000FFF72EFF01E00028EED00120ECE72DE9BA
:10C29000F05F4FF6FF7A0F0005461FFA82F802F4AE
:10C2A0007F09564602D0F87900B9002600242146BD
:10C2B00059E0EA68042000EBC40B964652F80B00E4
:10C2C000C0F307424FEA024C524683B2904501D078
:10C2D000434509D1B9F5702F01D0CC4504D12FB118
:10C2E0005EF83430BB4201D0641C3CE0800104D5D0
:10C2F00000234946284609F0E3FBE86850F80B1094
:10C30000CA0101D489010CD550F8340002F015F9A6
:10C31000E86850F83400FCF745F8E968002041F877
:10C320003400204608220AE0E96802EBC00C01EB69
:10C33000C0036144401CD1E900C1C3E900C1698C5C
:10C34000C1F30511491E8142EED8688C0109491ECE
:10C3500061F309106884C0F30510C100E868FCF7B8
:10C3600045F80121E860688CC0F30510A042A0D810
:10C37000002908D0002E06D0324649462846BDE89E
:10C38000F05FFFF7ADBEBDE8F09F000070B5064658
:10C390000B480078002812D000200CE0002506E0B1
:10C3A000E06850F82510304605F0B5FC6D1C606A59
:10C3B000A842F5D82046F5F7A7FE0400EED170BDDF
:10C3C000340000202DE9F0411646074692B00D4694
:10C3D00051EA06007AD0012B1DD03E493846F2F7CB
:10C3E00029FE3D493846F2F725FE0022092138464C
:10C3F000F8F72EFF012869D1324629463846E5F77D
:10C40000D5FB012862D112B03846BDE8F0410022C8
:10C410000A21F8F71DBF3846FDF7D6FC804668466E
:10C42000F2F750FE2D484FF4C874009703902DB3D7
:10C430004046F5F743FE40102A460021F2F7A9FED8
:10C44000C82801D2C82002E0A04200D920460B90A3
:10C450003846FDF786FE4142281A0891CDE90910B9
:10C460001D4801901E4807906A4609213846F8F792
:10C47000EFFE01282AD16846F2F798FE002E25D05B
:10C480004046F5F761FE401032460021F2F781FE8A
:10C49000C82801D2C82002E0A04200D920460B9053
:10C4A0003846FDF765FE4142301A0891CDE9091082
:10C4B000084801900A4807906A4609213846F8F76B
:10C4C000C7FE012802D16846F2F770FE12B0BDE83F
:10C4D000F08100006B23020853230208D91F0208D1
:10C4E0002BF100082DE9F0471546824699460C4687
:10C4F00051EA050065D0504600F028FC5046FDF793
:10C5000030FE40420FFA80F808EB040004B200212C
:10C510005046FEF7AAF9012813D0002C13DC25DAC7
:10C520005046FDF74BFD06465046FDF7A7FD30444B
:10C5300000B2002800DA00204042844216DA04B239
:10C5400014E0002C02DA4FF000040FE00EDD50463C
:10C55000FDF734FD06465046FDF790FD304400B22D
:10C56000002800DA0020844200DD04465046FDF732
:10C57000FFFD404206B2701905B2002D02DD4FF0FA
:10C58000000510E00FDA5046FDF7E4FD074650467F
:10C59000FDF79AFC384400B2002800DA002040423F
:10C5A000854200DA05B2A4EB080001B2A81B02B272
:10C5B00051EA020005D04B465046BDE8F047FFF770
:10C5C00001BFBDE8F08770B516461D4604461A4601
:10C5D00000F024F82A4631462046BDE8704000F0BD
:10C5E00033B8F8B50E46044600F0B0FB00200090CA
:10C5F0002046FDF75DFC054604F114070AE03346CA
:10C600006A462146384605F0F5FC2C462046FDF7E3
:10C610004FFC0546002DF2D1F8BD000070B50D4667
:10C62000144606460749F2F705FD3046FDF799FD29
:10C63000401B01B223463046BDE870400022FFF7A0
:10C6400051BF00005323020870B50D46144606463C
:10C650000749F2F7EFFC3046FDF78AFD401B02B2B6
:10C6600023463046BDE870400021FFF73BBF000085
:10C670006B2302081FB5044602AA6946FDF77FFD39
:10C680006846F3F718FB20B902A8F3F714FB00285B
:10C6900010D06846F3F70FFB18B169462046FFF744
:10C6A00066F802A8F3F707FB002803D002A920468A
:10C6B000FFF75DF81FBD70B50D460446FCF7E6FCBC
:10C6C000A068858270BD000070B516461D46044600
:10C6D000002200F04FFA00223146204600F032FAE4
:10C6E00000222946204600F04DFA04480022018825
:10C6F0002046BDE8704000F052BA0000540000200F
:10C7000010B50446002200F025FA044800220188F2
:10C710002046BDE8104000F042BA0000540000205E
:10C7200010B50446002200F01DFA2046FDF7C0FBBC
:10C73000BDE81040FFF789B838B50C460546002320
:10C740006A460421FDF794FB012807D0002804D194
:10C7500000222146284600F01DFA38BD0098A0426C
:10C76000F6D138BD10B5044689B2002200F017FAA0
:10C770002046BDE81040FFF768B82DE9F0410C46AF
:10C7800015461F4606461946F0F770FA2A46214616
:10C7900001F0C6FF224639463046BDE8F041FFF7BA
:10C7A0009FBC70B5064640680C46002863D0002C3C
:10C7B00061D03046FEF7B8FF2046FCF767FC3046F4
:10C7C0007568FDF73AFB0146042207E0A86802EB12
:10C7D00081030068C35840F82130491C2846FDF702
:10C7E00067FA801E8842F1DAA9684868401E4860EE
:10C7F000A96805D0820008681146FBF7F7FD03E041
:10C800000868FBF7CFFD0020A9680860A1684868A8
:10C81000401C4860A26881001068FBF7E7FDA16832
:10C8200008602046FDF744FA6FF0030101EB800039
:10C83000A16809680E5028467460FFF71BFF324656
:10C8400022212846F8F704FD002224212846F8F783
:10C85000FFFC324622212046F8F7FAFC0022232171
:10C860002046F8F7F5FC3046FEF7EFFF3046BDE80E
:10C870007040FEF759BF70BD70B51546044600F014
:10C8800005FA29462046BDE8704000F015BA70B59B
:10C890000C460546FCF7FAFBA868417E01F00F0143
:10C8A000A14200D0447670BD70B50C460546FCF739
:10C8B000EDFBA868017E64F38301017670BD70B55D
:10C8C0000C460546FCF7E2FBA868017E64F30511FF
:10C8D000017670BD70B50C460546FCF7D7FBA8681D
:10C8E000017E01F00302A24207D064F30101017648
:10C8F0002846BDE87040FEF717BF70BD70B51546FD
:10C90000044600F0ADF929462046BDE87040FFF727
:10C9100013BF00002DE9F34F8FB08146008C1099B2
:10C9200088427DD00490A9F820104846109A0499B6
:10C93000E5F720FA5FEA000872D04FF42074204631
:10C94000FBF7D2FC21460390FBF73AFE0024204679
:10C9500072E000BFD9F80C00042200EBCA0102EB20
:10C96000CA050A91405920F07F4000F0BEF90590B9
:10C97000D9F80C00405920F07F4000F0B3F9069040
:10C9800010990598884355D10A984068800151D480
:10C990000A980BAA6721006801F022FC012849D1FE
:10C9A00000270B9D40E000261EE000BF039806EB29
:10C9B000860100EB81010E91D1F804B0584600F0D9
:10C9C00094F90890584600F08DF9296831F817203D
:10C9D0000E9909898A4206D10699884203D10599A0
:10C9E0000898884202D2761CA642DFD3A6421AD10A
:10C9F000039A04EB8400A98922F82010039A298A5B
:10CA000002EB80004180A968C160296831F81710E5
:10CA10000181696801610A99496821F07F4100E05C
:10CA20004DE0641C41607F1C286830F8170008B195
:10CA3000202CB8D30AF101008246B9F82200C0F3D5
:10CA40000511514501D9202C84D3002510E000BFE9
:10CA5000039805EB850100EB8106706800F042F950
:10CA6000014600964846109B049AE5F7E3F86D1CD2
:10CA7000A542EDD30398FBF783FCB8F1010F0ED06C
:10CA8000B8F1030F11D0B8F1020F18D14846FEF7E4
:10CA90004BFE11B04846BDE8F04FFFF7DDBA11B0CC
:10CAA0004846BDE8F04FFEF73FBE11B04846BDE82E
:10CAB000F04F4FF6FF724FF47021FFF711BB11B02A
:10CAC000BDE8F08F13460A460921FFF756BE13460C
:10CAD0000A461621FFF751BE07B481B01346BDF8D0
:10CAE0000810ADF80010009A202104B0FFF745BEF1
:10CAF00013460A462321FFF740BE13460A46282163
:10CB0000FFF73BBE13460A462121FFF736BE07B4A6
:10CB100081B01346BDF80810ADF80010009A30211E
:10CB200004B0FFF72ABE13460A463121FFF725BE9F
:10CB300013460A463321FFF720BE13460A46322128
:10CB4000FFF71BBE13460A460149C988FFF715BE09
:10CB50005400002013460A4601494988FFF70DBEDC
:10CB60005400002013460A4601494989FFF705BED3
:10CB70005400002013460A4601498988FFF7FDBD8D
:10CB80005400002013460A4601490989FFF7F5BD04
:10CB90005400002013460A460421FFF7EEBD134659
:10CBA0000A460A21FFF7E9BD13460A460221FFF7AC
:10CBB000E4BD13460A466021FFF7DFBD13460A466F
:10CBC0001121FFF7DABD13460A461221FFF7D5BD42
:10CBD00013460A461321FFF7D0BD13460A4610211B
:10CBE000FFF7CBBD13460A460B21FFF7C6BD134620
:10CBF0000A464021FFF7C1BD13460A465B21FFF7F5
:10CC0000BCBD07B481B01346BDF80810ADF80010E4
:10CC1000009A552104B0FFF7B0BD13460A465721CC
:10CC2000FFF7ABBD13460A465821FFF7A6BD1346D2
:10CC30000A465921FFF7A1BD13460A465621FFF7C0
:10CC40009CBD13460A460121FFF797BD13460A46CD
:10CC50000721FFF792BD13460A460821FFF78DBD55
:10CC600038B50C46054600236A460121FDF700F958
:10CC7000012807D0002804D1002221462846FFF7CA
:10CC8000E0FF38BD0098A042F6D138BD38B50C465B
:10CC9000054600236A460721FDF7EAF8012807D078
:10CCA000002804D1002221462846FFF7CFFF38BDD7
:10CCB0000098A042F6D138BD38B50C460546002391
:10CCC0006A460821FDF7D4F8012807D0002804D1CE
:10CCD000002221462846FFF7BEFF38BD0098A0423B
:10CCE000F6D138BD00F47F00704780B270472DE95F
:10CCF000F0411E4615468846070025D0E4F750FF50
:10CD0000022813D000249EB13DB13846FDF7D0F87B
:10CD100033462A464146FFF7EAFF002C14D032463C
:10CD200041463846BDE8F04108F01EBF0124EAE75D
:10CD300024B132464146384608F016FF002D03D094
:10CD40003846FDF7B5F8D7E7BDE8F08170B50B4D73
:10CD50002978002911D101212970FDF7ADF8044689
:10CD600006E000BF20F0040060842046F1F750FF89
:10CD7000608C4107F6D40020287070BD2C00002084
:10CD800008B5132802D209B1042905D9F4F7C3FB69
:10CD90000090BDF8000008BD044A491EC9B202EB6C
:10CDA000C00000EB4100008808BD0000A49E0208FE
:10CDB00008B5132802D209B1052905D9F4F7ABFB50
:10CDC0000090BDF8000008BD054A491E00EB800038
:10CDD000C9B202EB400000EB4100008808BD000032
:10CDE000E69D020808B5132805D3F4F794FB0090DC
:10CDF000BDF8000008BD024901EB4000008808BDF5
:10CE0000C09D0208002801DAC0F57A7040F4005095
:10CE100000B270472DE9FE4F17460C0005461E462E
:10CE200002D1B7F5807F73D028883188401A01B2CB
:10CE3000298068887288801A00B26880002C69D0C6
:10CE4000DFF80CB1DBF80000A04244D02046B4F576
:10CE5000616F01DDA4F56160002801DA00F5616011
:10CE60000A2190FBF1F8C8F1000101EB810100EB10
:10CE7000410908F1010A0FFA88F002F07FFF0290E1
:10CE80000FFA8AF002F07AFF08F15A01019008B215
:10CE900002F074FF0AF15A01009008B202F06EFF2E
:10CEA00003460298C9F10A0808FB00F10198009AAC
:10CEB00000FB09110A2091FBF0FC08FB02F103FBC7
:10CEC00009120A2192FBF1F14FEA6C124911CBE9E8
:10CED0000121CBF80040B5F90010B5F90200B7F513
:10CEE000807F21D0DBF80820DBF8043002FB01F45E
:10CEF00003FB1044B6F800C07C434B430CEBA44446
:10CF00002C8002FB00307188784301EBA0406880E0
:10CF1000BDE8FE8F3288794302EB212129805988B0
:10CF2000784301EB2020F2E7DBF80830DBF804203F
:10CF300003FB01F402FB104437884A4307EBA424A7
:10CF40002C8003FB0020718801EBA020DFE70000AC
:10CF50008401002010B5B0F90420B0F900304088F9
:10CF6000D21A02EBD27252100C8813444988104432
:10CF7000E31A081A12FB02F113FB03F210FB002064
:10CF8000884201D8012010BD002010BD10B5064810
:10CF9000F9F7BDFC04480121017004494160BDE876
:10CFA0001040F9F7C9BC0000C81500202BFD01088E
:10CFB00070B50C460123002110E0D50706D01D46B0
:10CFC000A5FB003601FB006105FB0411A0FB005628
:10CFD00004FB006600FB046452102846002AECD1D2
:10CFE000184670BD2DE9FC410E46002507462A462D
:10CFF0001431E3F766FF002826D001213046FEF702
:10D00000A5F800BB3046E4F7CBFDE0B900208DF871
:10D0100000006A46122130460197F8F719F99DF889
:10D02000000002280FD03046FCF742FE401E0400EC
:10D030000ED4B068006850F824103846FFF7D2FFCD
:10D04000050009D102E00020BDE8FC81641EF0D596
:10D050009DF8000000B935462846F5E72DE9FC416A
:10D060000025DFF8B4804FE0294491F83011E9BB86
:10D07000002441E0011991F83011C1BBA5423AD01A
:10D0800000EBC40100EBC50030303031E3F76DFF39
:10D0900068B37068B04600EBC40200EBC501684697
:10D0A00030313032E4F760F86846F2F704FE0646A5
:10D0B000D8F8040000EBC5003030F2F7FCFD07465D
:10D0C000D8F8040000EBC4003030F2F7F4FD384427
:10D0D000864210D2D8F80400464600EBC5006946E7
:10D0E0003030F2F77CFD0120716801E00BE002E0D6
:10D0F000214481F83001641CD8F804004646B0F899
:10D100005011A142B6D86D1CD8F80410B1F85021C6
:10D11000AA42A9D8BDE8FC813800002010B591F8DA
:10D120002A000C4620F0010081F82A0000208884A3
:10D13000C884088510212046FCF78EF94FF4007151
:10D140002046FCF789F921460548FCF7BBF8FCF7B7
:10D150002DF92046BDE81040002202A100F00AB9D6
:10D16000A0A102084F7074696F6E20310A4F70746D
:10D17000696F6E20320A4F7074696F6E20330A4FE8
:10D180007074696F6E20340A4F7074696F6E203549
:10D1900000000000F8B50E465648FCF761FD012876
:10D1A0002ED13046F8F712F805463046F8F74CF81D
:10D1B00004462C2D1CD02A2D23D0292D2DD0012D15
:10D1C0002DD0022D37D0082D50D0032D4ED00E2D4E
:10D1D00050D00F2D5DD00D2D66D0132D7CD0152D88
:10D1E00001D0182D0CD13046BDE8F840EAF7A7BEB3
:10D1F0003046F8F727F805462046F0F709F828806A
:10D20000F8BDEFF730FD18B100222A21F8F720F819
:10D210002046FEF74DFF002141E0002140E0A06ADA
:10D2200020F400312046A162EFF71DFDBDE8F84073
:10D230003149F1F7FFBEF9F7A3FB6946F9F7E6FBC1
:10D24000BDF802000028DBD02046EFF70CFD0546B4
:10D25000FDF755FFBDF80210084401B22846FFF75C
:10D260002BFDA06A40F40030A062F8BDBDE8F84094
:10D2700004F094BCFCF7D6FDF8F776FC0546F9F708
:10D280007FFBF9F7BEFB042800D115B1E08C2085A7
:10D29000F8BDE18C208D8142FAD0E0840121204646
:10D2A000BDE8F84004F0E0BA3046F7F7CBFF00786D
:10D2B000132812D0122810D0142801D01128E7D139
:10D2C000E08C0028E4D0258D401E81B2012220464A
:10D2D00000F0BBF82585F8BD06E0E08CA18C401C71
:10D2E0008842F8D2258DF0E7EFF7BDFCBDE8F840A5
:10D2F000FEF7B2BE84A102089B24020870B50E4658
:10D300000846F7F763FF0446152805D0314618484C
:10D31000FCF7A6FC012823D13046F7F795FF054618
:10D32000132C08D0292C1CD0152C19D13046BDE85F
:10D330007040E9F7ABBC3046F7F784FF0446284657
:10D34000FCF7B6FDEFF764FF06462846FDF7B5FE8D
:10D350000246B4F90000B11A884200DC0846208079
:10D3600070BDFCF7A5FDBDE87040002104F07CBA5B
:10D37000A0A102082DE9F84F15465FEA010904460D
:10D380000DD02046EFF76FFC4FF0000B0090A4F893
:10D3900026B0A4F828B0A4F824B0584606E0FEE76A
:10D3A0000A2902D1A18C491CA184401C19F8001043
:10D3B0000029F5D1A08C401CA08494F82A00DDB38C
:10D3C00040F0010184F82A104846E3F710F8471CA2
:10D3D000C7EBC7008246FAF787FF06460025A0F193
:10D3E000010800BF07FB05604946E2F7DCFF6D1C42
:10D3F00007FB05F10A20EDB201F80800072DF1D373
:10D400000AEB060101F801BC31460098FAF76CFC02
:10D410003046FAF7B5FFA08C00EB4001E184C0EB89
:10D42000C000A0842046F0F791FEE08C2085009893
:10D43000BDE8F84FFEF710BE20F0010084F82A0086
:10D4400049460098FAF750FCEFE7F0B490F82A301C
:10D45000DC07838C1ED00724B3FBF4F4C58CA142F7
:10D46000B5FBF4F716D207FB1455AEB20FFA86FCE3
:10D47000ACEB0105002D01DCA1EB0C05B5EB540F65
:10D4800005D90D468E4201D9291900E0291B04FB5C
:10D49000071189B28B4200D8591EC1840185F0BCA6
:10D4A000114604F0E1B910B5F4F7F0FDBDE8104005
:10D4B000F4F734BE2DE9F047A6B0994615468846E4
:10D4C0000646DDF8B8A0FCF77FFC0446FFF7EBFF4B
:10D4D0000746B04275D0A069B04272D0B8B104F02E
:10D4E000CCFC0021A069F1F7A5FD00221146A0693E
:10D4F000FFF7C2F900226021A069FEF799FE94F8B7
:10D500002800800702D53846FCF742F8A769A661D3
:10D51000606938B194F82810890703D5FCF738F80A
:10D52000002060614046B8F10A0F55D00B2853D057
:10D530000C2851D00D284FD0B8F10E0F4CD000213F
:10D5400094F8280061F300006AF3410084F8280091
:10D5500000213046F1F76EFDFFF7A5FF0021F1F73E
:10D5600069FD002211463046FFF786F9FFF79BFF61
:10D5700000221146FFF780F9002260213046FEF7B5
:10D5800057FEFFF790FF00226021FEF751FE55EA9B
:10D59000090023D014A8F1F795FD56481690564877
:10D5A00014961790C9F10006CDE91F5603A8F1F7AC
:10D5B00089FD2069CDE90E560390B8F10F0F26D2F0
:10D5C00000E014E0DFE808F0161A242A3037475B41
:10D5D0006C7D8240516476000121B1E7304604F051
:10D5E0004CFCBAF1000F02D03846FBF7D1FF26B051
:10D5F000BDE8F08741481590002004E03F481590B1
:10D600002046F4F75BFD00211C90CDE91D0164E08C
:10D610003A4815902046F4F751FD0AE03848159035
:10D620002046F4F791FDEEE7354815902046F4F7D3
:10D630008BFD4042E7E7314815902046F4F73EFD68
:10D6400000211C90CDE91D012C48049000252046A6
:10D65000F4F734FD22E0294815902046F4F72EFD1A
:10D66000404200211C90CDE91D0124480490002572
:10D670002046F4F723FDCDE90C500B952DE0204812
:10D6800015902046F4F760FD00211C90CDE91D01A6
:10D690001B48049000252046F4F756FD4042EAE777
:10D6A000174815902046F4F74FFD404200211C908A
:10D6B000CDE91D011248049000252046F4F744FDF1
:10D6C000D9E7104815900020FF219DE70D480490F0
:10D6D000FF2000210B90CDE90C01002225213846C6
:10D6E000F7F7B6FD14A8F1F761FD03A8F1F75EFDA9
:10D6F0007DE70000571E0208011E02088F24020861
:10D7000095240208BB0D020810B5F7F75FFD042849
:10D7100001D0062805D10348806ABDE8104000F01A
:10D7200045BB10BD7415002010B5F7F74FFD042858
:10D7300001D0062805D10348806ABDE8104000F0FA
:10D7400001BC10BD7415002010B5F7F73FFD04288B
:10D7500001D0062805D10348406BBDE8104000F019
:10D7600025BB10BD7415002010B5F7F72FFD042858
:10D7700001D0062805D10348406BBDE8104000F0F9
:10D78000E1BB10BD7415002010B5F7F71FFD04288C
:10D7900001D0062805D10348006CBDE8104000F018
:10D7A00005BB10BD7415002010B5F7F70FFD042858
:10D7B00001D0062805D10348006CBDE8104000F0F8
:10D7C000C1BB10BD7415002070B50020086791F82A
:10D7D00074000C4620F0030081F874004FF440718F
:10D7E0002046FBF739FE10212046FBF735FE0020CE
:10D7F000F4F752FC502505EBC000B0F5A07F08DB24
:10D800000020F4F749FC05EBC000A02190FBF1F0EB
:10D8100000E0012001B22046BDE87040FEF74BBF9A
:10D820002DE9F34F83B0FE480499FCF719FA01285B
:10D8300052D10498F7F7CAFC05460498F7F704FD9F
:10D84000044600F065FA0646112D17D0012D46D08A
:10D85000022D78D0082D77D0032DFCD00E2D74D05A
:10D86000292D73D0132D72D00D2D71D0152D33D1DC
:10D87000049805B0BDE8F04FE9F746B90498F7F70A
:10D88000E1FC0546A06810B1B0F9147000E0002773
:10D8900004F168016846F2F7EAF93A46114668462B
:10D8A000F2F735FA002268462968E3F7CAFB2871C7
:10D8B000002811D1022E0FD104F160016846F2F761
:10D8C000D6F93A4611466846F2F721FA0022684630
:10D8D0002968E3F7B6FB287105B0BDE8F08F204654
:10D8E000FDF722FF94F8740040F0010184F87410F1
:10D8F0009EB1012E11D0022EEED1F9F741F8694602
:10D90000F9F754F82046FDF7D8FB05462046FCF70A
:10D910008EFA854204DB012503E004F1240042E095
:10D92000002500212046FCF7B8FFDDB30128BDF932
:10D9300000000ED0B4F96C108842EEDCB4F960102F
:10D9400088423EDB0DE069E0F2E024E131E136E1BE
:10D95000A6E1B4F968108842DFDBB4F964108842AC
:10D960002FDCB4F96400B4F96010401A00EBD070F9
:10D9700001EB6002BDF90010501A002800DC881A83
:10D9800002B2B4F96C30B4F968001B1A03EBD3731C
:10D9900000EB6303581A002800DCC81A00B290425A
:10D9A0002CDB33E003E0206796E7207194E7BDF9B4
:10D9B0000200B4F96A309842AFDBB4F966209042B5
:10D9C00002DD04F13000EEE7B4F96210521A02EB06
:10D9D000D27201EB6202111A002900DC811A0DB229
:10D9E000B4F96E10C91A01EBD17103EB6102111A7F
:10D9F000002900DC811A08B2A84207DA04F12400E9
:10DA000044F8700F207920F00200CEE704F13000D6
:10DA100044F8700F207940F00200C6E7206F00281C
:10DA2000C2D0F8F7ADFF0546F8F7EBFF0128BBD1F0
:10DA300069462846F8F7BAFFD4E90A010F1A2046CA
:10DA4000F0F71FFE00284FF00001204634D0FDF70C
:10DA50009BF8804600212046FDF7E4F80646204664
:10DA6000FDF72BFBA0EB0800801B05B20021204630
:10DA7000FCF713FF012818D0B4F91420BDF90010E9
:10DA800002EB0800081A784305EBD57100EB610042
:10DA900090FBF5F0A16A256F0844D4E90A2104F14E
:10DAA00030039D4224D1616A23E0B4F91800BDF926
:10DAB0000010801B401AE6E7FDF714F90646002126
:10DAC0002046FCF7FBFF05462046FCF7B0F9401B5B
:10DAD000B4F91A10801BBDF902202944511A00B272
:10DAE000794300EBD072C1EB620191FBF0F0D1E71A
:10DAF000226B884201DA064600E00E46964201DAC1
:10DB0000114602E0884200DA01462868884287D040
:10DB10009D424FF00102204602D1F2F745FA01E0A2
:10DB2000F2F767FA00221C212046F7F791FBD3E6B3
:10DB300094F8740020F0010184F87410002120464C
:10DB40002167FDF7F1FD2046FCF76CF90646F8F772
:10DB50000BF80546F8F714FFF8F753FF0428E6D151
:10DB6000002DE4D0204600F0D3F802280CD194F820
:10DB70007400810704D440F0020084F87400ABE61E
:10DB800020F0020084F8740005B03046BDE8F04F84
:10DB90000021F8F76AB8F8F7F3FEF8F732FF042827
:10DBA00001D00228C3D114F8740F20F002002070B5
:10DBB00092E605B02046BDE8F04FFEF74DBA4FF4AF
:10DBC000403739462046FCF7DFFF8146394620467C
:10DBD000FDF728F8804639462046FDF783F80646CB
:10DBE00039462046FCF76AFF05466D223946204635
:10DBF000FDF790F800B2009039462046FDF774F921
:10DC0000834639462046FDF763F982462046FDF7F4
:10DC100054FA00EB4B072046FCF709F902E000003C
:10DC2000BCA1020800EB4A008742204604DAFDF757
:10DC300044FA00EB4B0003E0FCF7F9F800EB4A0074
:10DC40000099401010FB01F040F30F204946424676
:10DC5000C14500DC1146B54201DD2A4600E03246EE
:10DC6000914207DD49464246C14501DD0D4604E0CB
:10DC7000154602E0B54200DC354605444FF440311C
:10DC80002046AD1CFBF79AFA284404B20498F7F733
:10DC9000D9FAB0F90010A14200DD0C4604801BE661
:10DCA0000498F7F7CFFA0078132813D0112811D071
:10DCB000142801D01228F2D194F87400800720466D
:10DCC00017D4F2F763F90122401E01462046F2F70D
:10DCD00090F915E094F874008007204604D4F2F718
:10DCE00055F90122401CF0E7F2F741F90122411CED
:10DCF00003E0F2F73CF9411E01222046F2F754F905
:10DD000005B02046BDE8F04F00221C21F7F7A0BA6D
:10DD100010B5F2F727F9012802D0022800D0002020
:10DD200010BD00000FB40A4608B505A900910146D0
:10DD30000348049BE4F7ACFB01B05DF814FB000062
:10DD40008524000810B500204866B1F874000C4620
:10DD500020F0FF00401DA1F87400012008670C4866
:10DD600088664042C866B1F87400012120F4E06082
:10DD700000F58060A4F87400204601F055FC0121F4
:10DD8000204601F0D8FB2046BDE8104000F05CB909
:10DD90009F86010010B501460348FBF793FA04463D
:10DDA000FBF704FB204610BDD4670208026F416EEA
:10DDB0008B1AC26E934209DB002B03D5002901DDCB
:10DDC0004A424266426E016F521A06E0B0F8743061
:10DDD000DB0502D5914200D1826E426600F034B973
:10DDE00070B50E465548FBF73BFF01287ED1304603
:10DDF000F7F7ECF905463046F7F726FA0446082D02
:10DE000017D00D2D72D1F8F7BBFDF8F7FAFD0546D6
:10DE10003046F7F717FA0068132868D0142867D03F
:10DE200011287ED0122879D12046BDE87040FFF736
:10DE3000BDBFF8F7A5FDF8F7E4FD042820460CD097
:10DE400001F070FB0546E2F7D2FA616C6A5C2E2A9B
:10DE500031D0814233D1411E36E0FBF7E3FFF7F7C3
:10DE600083FE00285AD0B4F8740000F00F02012A93
:10DE700054D9C0F3412002280DD00A200021521E9F
:10DE8000FFF796F8236FDA17181A8A4151DB0A2137
:10DE90002046216703E0206F012804DD2046BDE80D
:10DEA000704000F0AEB80A200021921EFFF780F803
:10DEB000206720463EE0204601F0EDF907E031B949
:10DEC000E06E002803DA0121204601F03BFBB4F8A4
:10DED0007410636C01F00F02C1F30315521E98B267
:10DEE000AB4209D911F0F00F06D003E016E016E0BE
:10DEF0001CE016E0401E80B2111AE06E002800DA25
:10DF0000491C01202067002006E0226F02EB8202FC
:10DF10005200401C80B222678842F6D370BD042DA7
:10DF2000BCD12046BDE8704000F00CB8042D3FF491
:10DF30007BAF2046BDE8704000F06FB8D4670208A0
:10DF4000406E7047026F416E8B18826E934209DCFF
:10DF5000002B03DD002901DA4A424266426E016F5E
:10DF60000A4406E0B0F87430DB0502D5914200D1D6
:10DF7000C26E426600F068B82DE9F04116460D46C3
:10DF800004460A2900D90A25AE4200D300260A2DEC
:10DF90001CD26AB20A200021FFF70AF8A36E421EC3
:10DFA00041F1FF374FEAE37CD31A77EB0C0700DA35
:10DFB000A266E26E4FF0010CD3170027D0EB0C00E5
:10DFC00067EB0107111ABB4100DAE066B4F8740090
:10DFD00065F3030066F30710A4F874002046BDE85B
:10DFE000F04100F031B8C0E91A21D0E919218A4284
:10DFF00000DD4166426EC16E8A4200DA416600F081
:10E0000023B8016F0A2291FBF2F1002901DD0167BB
:10E0100001E00122026700F017B8D0E91A210029B7
:10E0200001DA4B4200E00B469A4201DD114602E064
:10E03000002900DA4942026F02EB820252008A4252
:10E0400000DC0267AFF300802DE9F0418EB0054699
:10E05000122108A8FAF7B4FAE86E002708AC0028E5
:10E0600009DA686E002801DB2B2000E02D208DF8F6
:10E070002000641C00E001276B6E002B00DC5B427B
:10E0800036A20E2102A8FFF74DFE02A8E2F7AFF973
:10E0900095F874100DF1080801F00F010E1A002E0A
:10E0A00012DD4046E2F7A3F981B2424601EB060CCD
:10E0B000535C02F80C30491EF8D50020302101E0F5
:10E0C0001154401CB042FBDBB5F8740010F0F00FA7
:10E0D00004D0C0F303160020414606E000F00F060E
:10E0E000F9E700BF04F8012B401CB04202DA0A5CD9
:10E0F000002AF7D195F8742012F0F00F10D02E22DC
:10E1000004F8012B03E000BF04F8012B401C95F834
:10E11000742002F00F02824202DD0A5C002AF3D171
:10E1200008A9284601F0BAFA95F874000A2200F00E
:10E130000F00296F04E000BF91FBF2F1401EC0B256
:10E140000A29F9DAB04201DD401CC0B2C01BC1B2DD
:10E15000284601F0F7F90EB0BDE8F0812564000013
:10E1600030B50C4691B002212046FBF775F96846A0
:10E17000F0F7A8FF1548CDE900404FF6FF70ADF865
:10E180004000134801680B914268089202F5B47090
:10E19000CDE909206846F1F709F80E4807900020FC
:10E1A0004FF4B4750890CDE909050B480190684615
:10E1B000F0F7FCFF2A4600212046F1F7FDFB4FF463
:10E1C00087712046F1F7A9FC11B030BD552D00082C
:10E1D0003C010020F9F000085B2D000800F052B867
:10E1E00070B514468288C379A2F57F45FF3D07D0FC
:10E1F0007BB3012B35D90668002206EB83052DE0A1
:10E20000002213E0056805EBC2052E8826F440467F
:10E210008E420AD12888010429D4400401D5304611
:10E2200014E068682060012070BD521C9342E9D858
:10E2300025E000BF35F8120020F4404088420CD1A0
:10E2400035F812100B0412D4490403D500F074F809
:10E25000E8E714E006EB82000FE0521C9342E9D895
:10E260000DE022F440438B4209D1110401D5022074
:10E2700070BD510401D51846E8E70068D2E70020D8
:10E2800070BD000070B514468288C379A2F57F4541
:10E29000FF3D07D07BB3012B35D90668002206EB82
:10E2A00083052DE0002213E0056805EBC2052E88EA
:10E2B00026F440468E420AD12888010429D440041D
:10E2C00001D5304614E068682060012070BD521C02
:10E2D0009342E9D825E000BF35F8120020F4404011
:10E2E00088420CD135F812100B0412D4490403D51E
:10E2F00000F022F8E8E714E006EB82000FE0521C81
:10E300009342E9D80DE022F440438B4209D1110435
:10E3100001D5022070BD510401D51846E8E7006818
:10E32000D2E7002070BD0821FAF74AB9C07908B1D8
:10E3300000207047012070471CB50022FF214528AE
:10E3400055D01EDC302844D00EDC222841D006DC1B
:10E35000032853D0062851D0202830D135E0252875
:10E3600045D029282BD142E0362832D004DC312890
:10E370003DD0332823D13CE0372838D044281ED163
:10E3800027E0552825D00EDC4E2830D006DC462864
:10E390002DD047281DD04D2811D11AE0522818D071
:10E3A00053280CD123E0602821D004DC56281ED04D
:10E3B000572804D120E0612819D06D2802D000929E
:10E3C00000981CBD4FF4807014E0FF2211461046E7
:10E3D00002E0002211461046F3F70CFA0190BDF856
:10E3E00004000190BDF80400ADF80000E8E70091DA
:10E3F000E6E70F200090E3E70248FBE741F6FF70F5
:10E40000F8E70000A49D020810B50C46E3F7B8FD3C
:10E41000204000D0012010BD2DE9F041154D0646E9
:10E42000154C286818B9002161607021218021886D
:10E430004A1C12F4404F02D00020BDE8F08162680F
:10E440006F398A420AD21F3131F01F0710D0394686
:10E45000F9F7CCFF0028F0D0286067602088401CC6
:10E4600080B22080296821B1014401F8716CE4E791
:10E47000FEE7FEE7A4010020B80100202DE9F041ED
:10E480000F4681880446A1F57F40FF3853D0E079DC
:10E4900000284BD0012804D02668002106EB800517
:10E4A00047E021F44040B84245D10020A080E0710F
:10E4B0003BE000BF35F8112022F44042BA4237D188
:10E4C000022811D0401E00EB40004000F9F7DEFEAC
:10E4D000010030D02160E079401EC0B2E07101EB54
:10E4E00080030020024619E00120E07121B1288854
:10E4F000A0803068206015E06888A0807068F9E727
:10E5000035F810C0BC4508D056F820E041F822E0AC
:10E5100035F810C023F812C0521C401C94F807C0F4
:10E520008445EDD23046F9F73DFF0120BDE8F0818A
:10E53000491C8842BED80020F8E710B50446808800
:10E54000A0F57F41FF390BD0E079012802D920687E
:10E55000F9F728FF2046BDE810400821FAF730B847
:10E5600010BD0A46652100F0DBB803B482B0BDF8E7
:10E570000C10ADF80010009A522104B000F0D0B891
:10E580000A46512100F0CCB80A46502100F0C8B824
:10E5900003B482B0BDF80C10ADF80010009A202131
:10E5A00004B000F0BDB803B482B0BDF80C10ADF8F3
:10E5B0000010009A222104B000F0B2B80A462321CC
:10E5C00000F0AEB80A46282100F0AAB80A46212178
:10E5D00000F0A6B803B482B0BDF80C10ADF800107E
:10E5E000009A302104B000F09BB80A46312100F0B7
:10E5F00097B80A46342100F093B80A46332100F058
:10E600008FB80A46322100F08BB80A46172100F075
:10E6100087B80A46622100F083B80A46632100F0F9
:10E620007FB80A46042100F07BB803B482B0BDF87D
:10E630000C10ADF80010009A4D2104B000F070B835
:10E640000A46492100F06CB80A46062100F068B875
:10E650000A46032100F064B803B482B0BDF80C1080
:10E66000ADF80010009A362104B000F059B80A46FF
:10E67000372100F055B80A46382100F051B80A4653
:10E68000352100F04DB870B50C46054600F02CF869
:10E690002146284600F02CF82146284600F030F8A4
:10E6A00021462846BDE87040AFF300800A4611219C
:10E6B00000F036B80A46152100F032B870B50C46A5
:10E6C000054600F019F821462846BDE87040FFF7DE
:10E6D000F1BF70B50C46054600F006F82146284605
:10E6E000BDE8704000F004B80A46122100F018B8E6
:10E6F0000A46132100F014B80A46142100F010B89D
:10E700000A46102100F00CB870B50C460546FFF71C
:10E71000F7FF21462846BDE87040FFF7C7BF00005D
:10E72000014B00F007B800002DE7010810801960C8
:10E73000704700002DE9F047044680888946A0F51F
:10E740007F411D46FF3969D0E17929F440461746DB
:10E750004FF00108012937D92268084602EB8103EE
:10E760000CE000BF33F810C02CF4404CB44505D188
:10E7700002EB800103EB40020B462CE0401EF1D57A
:10E78000491C01EB410041001046F9F72FFE010042
:10E7900044D02160E07901EB800205E002EB400CFF
:10E7A00032F81030ACF80430401EF7D5E079401C48
:10E7B000C0B201EB800303EB4002191FE0710B466E
:10E7C00039464846921E20E02AD120F44040B0420B
:10E7D00007D12346221D39464846AC46BDE8F047DE
:10E7E00060470C20F9F752FD002817D021682060FF
:10E7F000E279521CD2B2E27100EB8202A38822F8C5
:10E80000023B031D016039464846A8473046E3F7FE
:10E81000B0FBA17908FA00F21143A171BDE8F087BD
:10E8200084F807802346221DEDE70A460B21FFF7F7
:10E8300077BF03B482B0BDF80C10ADF80010009A99
:10E84000442104B0FFF76CBF0A464221FFF768BFBE
:10E850000A464521FFF764BF0A464321FFF760BF20
:10E860000A464021FFF75CBF70B50C46054600F034
:10E870002DF821462846BDE87040FFF7D2BE0A4673
:10E880005B21FFF74DBF03B482B0BDF80C10ADF8AB
:10E890000010009A552104B0FFF742BF0A465721E5
:10E8A000FFF73EBF0A465921FFF73ABF0A465621F5
:10E8B000FFF736BF0A466A21FFF732BF0A466921D1
:10E8C000FFF72EBF0A466721FFF72ABF0A4601213C
:10E8D000FFF726BF2DE9F0470F46DDE908891E4600
:10E8E000154604461421F9F76BFE276005B9044D5F
:10E8F000C4F80490083484E86001BDE8F0870000A3
:10E900005FF100084162FCF70FBF00684FF0FF3174
:10E910004162FCF709BF10B54FF0FF300C4648626A
:10E9200010212046FAF798FD08212046FAF792F9BF
:10E930002046BDE810404FF48061FAF78BB90846D5
:10E940000021F0F777BB00002DE9F04789463548F4
:10E95000FBF786F901285CD14846F6F737FC0446F8
:10E960004846F6F771FC8046132C08D01C2C52D078
:10E97000152C4ED14846BDE8F047E9F7A9BB4FF446
:10E9800040352946FCF706F9074629464046FCF77C
:10E990004FF9064629464046FCF7AAF9044629469F
:10E9A0004046FCF791F8B74201DD394600E03146B8
:10E9B000A04201DD024600E02246914205DDB74259
:10E9C00001DD384604E0304602E0A04200DC20468B
:10E9D000841C29464046FAF7F1FB204405B248461C
:10E9E000F6F730FC0446B0F90000A84200DD054609
:10E9F00025804FF4003529464046FAF7DFFB0146F3
:10EA0000B4F90000814203DB29464046FAF7D6FB01
:10EA10002080BDE8F08700F007F84046BDE8F047E9
:10EA2000FCF782BED8A10208F0B591B006460021DD
:10EA30006522FCF76FF907002DD03046FBF7EAFEA0
:10EA4000746A00F00100611C4FF4807501D038B980
:10EA500005E008B1002403E02C46002503E0002572
:10EA6000601B002801DD601B00E0281B7843070ABB
:10EA700000213046F0F7DEFA6846F0F723FB07483E
:10EA80000894CDE900600648039009A9684681E82A
:10EA9000B000F0F78BFB11B0F0BD000005E90108F4
:10EAA0000BE9010810B501208884C8840C460220B7
:10EAB000F9F7ECFB2063E08C4000F9F7E7FBE0623C
:10EAC000216B82200880E16A0880E08CA18C484399
:10EAD0008100A06AF9F78AFC0021A062016010BDE4
:10EAE00070B500250C462E4615E000BF50F82500F5
:10EAF00078B1406828B1F9F755FCA06A50F82500B4
:10EB00004660A06A50F82500F9F74CFCA06A40F86E
:10EB100025606D1CADB2A08CE18C4843A842A06A70
:10EB2000E4DC08B1F9F73EFCE06A08B1F9F73AFC19
:10EB3000206B002803D0BDE87040F9F733BC70BDEE
:10EB40002DE9FC410F466E48FBF78AF8012843D1B6
:10EB50003846F6F73BFB05463846F6F775FB0446A4
:10EB60002A2D14D02C2D17D0012D37D0022D35D0C1
:10EB70004FF6FF76082D49D00E2D66D00D2D68D0AA
:10EB8000152D29D13846BDE8FC41E9F751BBBDE858
:10EB9000FC41002102F0F2BE3846F6F753FB034673
:10EBA00000200146A28C05E0256B35F81150491C68
:10EBB000284400B28A42F7D800210A46E58C05E0D5
:10EBC000E66A36F81260521C314409B29542F7D811
:10EBD000401E1880491E5980BDE8FC8101AA694683
:10EBE000EEF723F90128F7D1A18EBDF80400814288
:10EBF00004D1E18EBDF800209142EDD0A086BDF891
:10EC000000102046E186FCF78FFDE5E7FCF78CFD60
:10EC1000F7F7B6FEF7F7E9FEA18EB1420AD0E18E12
:10EC2000B14207D030B900221C212046F6F710FB74
:10EC30000128D1D1F7F7A4FEF7F7E3FE012801D0B0
:10EC40000328C9D1A686E686C6E7BDE8FC41FCF7E5
:10EC50006BBD3846F6F7F6FAA18E0568E08E0F46D2
:10EC60008446B14201D0B04207D10020A086E086A0
:10EC7000204603F034FB2046E7E7A38C8B4200DC00
:10EC80000021E28C824200DC0020142D0ED0132DD6
:10EC90000ED0112D0ED0122D9ED1401C8B420DDCBA
:10ECA000511E814208DD0021401C0EE0491EF5E79F
:10ECB000491CF3E7401EF1E7591E06E0002904DA7B
:10ECC00010B1591E401E00E00021824201DC501E9E
:10ECD00002E0002800DA00208F4201D1844594D060
:10ECE000A186E0862046FCF71FFD204603F0F7FAD8
:10ECF00002B02046BDE8F04100221C21F6F7A8BA78
:10ED0000F4A102082DE9F0414A4E0C46307881F812
:10ED10002C00012849D0022849D0042802D0082814
:10ED200006D101E0012100E009212046FDF7E8FCC1
:10ED300042F2640529462A462046FDF7DFFD2046BB
:10ED4000F1F73EFA07462046FAF716FC8046012105
:10ED50003846F1F749FE0420F9F798FA36A16062C7
:10ED600001603846616AF1F76DFD00231C223349CA
:10ED70003846F9F723FF4FF480413846F9F76AFF28
:10ED800000231A462E494046F9F718FF0021404655
:10ED9000FDF7A0FD94F82C00012815D0022813D00F
:10EDA000042806D008281DD103E00021BDE7082172
:10EDB000BBE7B6F9022029463846FDF79FFD2946F4
:10EDC0004046FDF74DFF09E02A46B6F902103846E5
:10EDD000FDF794FD29464046FDF7AEFC0121404673
:10EDE000FDF79EFCF6F7BAFE10B13946F6F708FEBD
:10EDF00094F82C0010F00C0F08D000214046FDF7CD
:10EE00007FFC03214046FDF74FFD07E0012140460E
:10EE1000FDF776FC03214046FDF751FD8021404679
:10EE2000F9F718FF4046BDE8F0414FF48061FAF76A
:10EE300013BB00004401002000000000B5330008AF
:10EE4000BB42000870B591F82C000C4610F00C0F76
:10EE50004FF000060DD0002508E0606A50F825004C
:10EE6000F9F7A0FA606A40F825606D1C208DA84271
:10EE7000F3D894F82C0080070DD0002508E0606AD4
:10EE800050F83500F9F78EFA606A40F835606D1C6D
:10EE9000208DA842F3D8606AF9F784FA666270BDE3
:10EEA00070B50C460A48FAF7DBFE01280ED1204661
:10EEB000F6F78CF905462046F6F7C6F9292D05D157
:10EEC000418DBDE87040002200F00AB870BD00001E
:10EED0000C6802080121FAF7D9BE0021FAF7D6BE64
:10EEE0002DE9F0470646408C91460C46C00447D4B5
:10EEF000308DA04200D8441E3046FDF727FF304633
:10EF0000FFF7E8FF05003BD096F82C004FF000011A
:10EF100010F00C0F28461CD01522FBF7FBFE07B2A1
:10EF20002846FAF731FF804600213046FBF7AFFC58
:10EF3000012804D007EB0800604301B204E06042FE
:10EF400007EB0801414309B24A462846FDF766FB34
:10EF50000DE01422FBF7DEFE07462846FAF7FAFE1C
:10EF60003844604301B24A462846FDF76DFB3046FF
:10EF7000FFF7B3FFA1B24FF48072F1F709FC74857B
:10EF8000BDE8F0872DE9F343044690F8600083B0B4
:10EF90000107049803D50A2830D00D282ED0002769
:10EFA000CDE90007E94649462046EFF7B7F90128C1
:10EFB00024D1DFF8CC80002104A8D8F800209047A5
:10EFC0000646A16B2046254639B100F0ABFA2D4923
:10EFD00009688847A96B884210D2686B88B10078AD
:10EFE00078B10297474604E03A6802A99047B042D8
:10EFF00007D0686B0299415C0029F5D105B0BDE8E6
:10F00000F08394F86000400702D5204601F08CFFA1
:10F01000A06A38B1606AF8F77CFA007810B9204627
:10F02000FCF782FB4A46616C606AF8F779FA204681
:10F0300000F098F894F86000400714D5E06AE1F712
:10F04000D6F905464846E1F7D2F92918491CE06A85
:10F05000F9F7CCF9E06288B14A46616CE3F776F8DB
:10F060002046E3F7F5FF616C2046491C00F06AFA80
:10F0700000221C212046F6F7EBF8BFE7FEE7000070
:10F08000D8010020EC010020F8B50D00044609D09D
:10F0900094F86000400702D5204601F045FF606B00
:10F0A00018B900E0FEE7A06B98B100202A4E2B4F64
:10F0B000009009E0326869462846904739688847D9
:10F0C00001462046FFF75EFF0098285C0028F1D13A
:10F0D000F8BD29462046EFF721F90128F8D1A06AAA
:10F0E00038B1606AF8F715FA007810B92046FCF7D5
:10F0F0001BFB2A46616C606AF8F712FA204600F0A2
:10F1000031F894F86000400714D5E06AE1F76FF930
:10F1100006462846E1F76BF93118491CE06AF9F711
:10F1200065F9E062B0B12A46616CE3F70FF820465A
:10F13000E3F78EFF0A492846666C0968884731184C
:10F14000204600F0FFF92046BDE8F84000221C21CF
:10F15000F6F77EB8FEE70000D8010020E0010020AD
:10F16000EC01002070B50446406AF8F7D6F94FF676
:10F17000FF75A84204D1606AF8F7CDF9A84209D01A
:10F180002946606AF8F712FE2946606ABDE87040B9
:10F19000F8F709BE70BD000010B591F860000C468C
:10F1A00020F0040081F860000020C862086340F28B
:10F1B000DC51A1876063A06394F8541041F0010111
:10F1C00084F854100121616494F8541041F0020154
:10F1D00084F85410A4F8400094F8601021F00A015B
:10F1E00084F860106062A0622046F7F7F7FE606264
:10F1F0006420FDF707FE0146606AFDF731FD0CA1B2
:10F20000606AF8F771FD00231A460A49606AF9F747
:10F21000D5FC4FF480612046F9F71CFD0021204603
:10F2200000F090F92046BDE8104004F001B900005C
:10F2300000000000D3EA000838B50446416C406A7B
:10F240006A46F8F77BF800212046FBF72FFE0546BB
:10F2500000212046FBF7F7FD0089BDF802106D1C68
:10F2600008442844ADF80200B4F84000ADF80000AE
:10F27000606AFAF7DCFDBDF9021088420ADD6946D2
:10F28000606AF7F75DFF0146204634F8405F00F002
:10F2900059F9258038BD416C002902D0491E00F083
:10F2A00051B97047416C491C00F04CB938B504465F
:10F2B000416C406A6A46F8F741F800212046FBF7A6
:10F2C000F5FD054600212046FBF7BDFD0189BDF88F
:10F2D00002002944401A401CADF80200B4F8400076
:10F2E000ADF800006946606AF7F72AFF0146B4F8F6
:10F2F0004050204600F026F9A4F8405038BD0000E8
:10F3000038B50446406C00283FD021A0694600680B
:10F3100000902046EFF702F8012836D1606AF8F72E
:10F32000F8F8616C05460122491EE2F757FE2946AE
:10F33000606AF8F7D9FC2046FFF714FFA06A38B1DD
:10F34000606AF8F7E6F8007810B92046FCF7ECF9A7
:10F3500094F8600040070ED5616C0122491EE06AF6
:10F36000E2F73CFEE06AE1F742F8411CE06AF9F797
:10F370003DF8E06250B1616C2046491E00F0E2F8B1
:10F3800000221C212046F5F763FF38BDFEE7000090
:10F390007F00000070B5456C0446691C00F0D2F88F
:10F3A000606CA84204D02046BDE87040FFF7A8BFBB
:10F3B00070BD70B5C86A0C46002510B1F8F7F2FFB1
:10F3C000E562206B10B1F8F7EDFF2563A06A002815
:10F3D00002D0F8F7E7FFA56270BD000070B50E46D9
:10F3E0003F48FAF73DFC012878D13046F5F7EEFEAC
:10F3F00004463046F5F728FF05460E2C12D00D2C9A
:10F4000014D0012C60D0022C5ED0032C5CD0082CD0
:10F410005AD0152C5DD0182C60D13046BDE8704014
:10F42000E6F74EBBBDE8704004F002B83046F5F791
:10F4300009FF0168132910D0142913D0112916D0FF
:10F44000122919D008291CD07F291FD0022922D0C7
:10F45000032922D00A2927D031E02846BDE8704090
:10F46000FFF720BF2846BDE87040FFF714BF2846CD
:10F47000BDE87040FFF71ABF2846BDE87040FFF7AF
:10F48000DBBE2846BDE87040FFF73ABF2846BDE81E
:10F490007040FFF77FBF002101E047F6FF7128466B
:10F4A000BDE8704000F04EB8284600F01DF830B1BD
:10F4B0002846BDE8704000221F21F5F7C9BE284646
:10F4C000BDE87040FFF75EBD3046BDE8704006F015
:10F4D0003BBC3046BDE87040E9F7BABA70BD0000E9
:10F4E00010A20208406C704790F86000C0F3C000A2
:10F4F000704700001FB5016B11B1084604B010BD84
:10F500000021FBF7A0FC002342F222026946F5F736
:10F510000CFF08B101A0F1E701A0EFE7E280A20033
:10F520002A00000090F86010490702D4406AF7F7FB
:10F53000F0BFC06A704710F8542F61F341020270A7
:10F5400070470000F8B50546406C0C46A04267D0F5
:10F55000686AF7F7DEFF334909688847002C00DA4C
:10F560000444844203DCA4F5FE41FF3900D1044683
:10F5700028466C64FDF7EAFB00212846FBF763FC94
:10F5800006466A462146686AF7F7D8FEB6F908408B
:10F590002846FAF7DFFDBDF90210884203DD01229B
:10F5A0002846FDF751F82846FAF7D4FB06462846C8
:10F5B000FAF7D0FDBDF902100A19101AB04206DDA3
:10F5C000881B204401B201222846FDF73DF8284659
:10F5D000FAF7F4FCBDF90010884203DD0122284649
:10F5E000FDF71CF82846FAF7CFFB06462846FAF73F
:10F5F000E5FCBDF900100A19101AB04206DD881B9F
:10F60000204401B201222846FDF708F8BDF8001099
:10F610002846A5F8401003F00BFF284601F036FEFF
:10F62000F8BD0000EC0100202DE9F041044690F8FF
:10F6300060000D46C0F3C001A9422DD065F3C300A0
:10F6400084F8600042F2D1782DB147466420FDF77E
:10F65000D9FB064604E06420FDF7D4FB07460026EC
:10F660003946606AFDF7FCFA00223146606AFDF710
:10F670009BFA25B141462046FDF75EF804E00022E2
:10F6800004212046FCF7D4FD2046BDE8F0410023CC
:10F690001A461946FCF797BFBDE8F081F8B50D0092
:10F6A000044606D0FFF75EFD606B47F6FF7618B99B
:10F6B00000E0FEE7A06B10B327A1606AF8F714FB27
:10F6C00031462046FFF73EFF94F8600041074FF0B7
:10F6D000000001D5E16A0870204E214F009009E03A
:10F6E000326869462846904739688847014620466F
:10F6F000FFF748FC0098285C0028F1D107E0294674
:10F70000606AF8F7F1FA31462046FFF71BFFA06A5E
:10F7100038B1606AF7F7FDFE007810B92046FCF7B3
:10F7200003F894F8600040070ED52846E0F75FFE26
:10F73000411CE06AF8F75AFEE06260B12946E0F742
:10F7400032FE2046E3F784FC2046BDE8F840002264
:10F750001C21F5F77DBDFEE700000000D801002068
:10F76000E001002070B5044600F081F805000AD0E1
:10F770002046054A0021FCF78AFD21462846BDE8BF
:10F780007040E3F7D7BA70BDFFFF0F0000B500F07F
:10F7900059F8002800D0014800BD000010170020D3
:10F7A0002DE9FF47994607460C9E00F04BF8214D86
:10F7B00040B9002028704FF41270F8F767FD1E4919
:10F7C0000860E860F2F762FCF2F778FC4FF001089D
:10F7D000B0F5A07F01DC032007E0F2F757FCF2F759
:10F7E0006DFCB0F5347F02DA0220687001E085F824
:10F7F0000180124CA4F12800E760BDF804100187D5
:10F80000BDF80810418766610D48A6612060C4E913
:10F81000076903F03DFE27B13846F2F78FFCA0429E
:10F8200002D10020FCF7B2FD85F8008004B0034847
:10F83000BDE8F08778000020980100201017002014
:10F840002D4A020802480068002800D001207047B5
:10F850009801002008B500F00AF808B1006902E03C
:10F860001120FDF7BFFA0090BDF8000008BD10B5EB
:10F8700010B1FAF7A9FA01E0F2F708FCBDE8104070
:10F88000F2F75CBC10B5044600F002F8001B10BD96
:10F890000349012248680A700B78002BFBD070479F
:10F8A00070010020034900220A704A681044486031
:10F8B000704700007001002010B50C4642F2640150
:10F8C0000A462046FDF71AF800231A460849204642
:10F8D000F9F774F980212046F9F7BCF90321204695
:10F8E000FCF7E2FF2046BDE810400321FCF7E7BF2C
:10F8F000BD5702082DE9F0410D460846FAF7D8FA3F
:10F90000064642F264010A462846FCF7F7FF2846FD
:10F91000FDF71CFA3046FAF71DFA0E4C21894843D0
:10F9200007B23046FAF730FAA1883A46484301B2A6
:10F930002846FCF7A1FF217885F82410D4E90102BC
:10F94000104304D13046BDE8F041FCF7A0BFBDE84C
:10F95000F0810000480100202DE9F04107461546DE
:10F960000E460B48E2F75EF8040010D0A7604FF097
:10F97000FF302660206100206061FFF789FFE560AD
:10F9800004496060012008712046BDE8F081FEE76F
:10F9900034170020C001002010B504460146054878
:10F9A000E2F7B6F804490120C8702046BDE81040CF
:10F9B000F8F7F8BC34170020C00100202DE9F0470B
:10F9C000494CA07810B10120BDE8F0870120A0705B
:10F9D0002078002628B1FFF75BFF5FEA000902D01C
:10F9E00007E0A670EFE72069401C2061642800D979
:10F9F00026613E4D4FEA060884F8038084F80480AF
:10FA00003B48E1F7EAFF286037E03948E1F7F7FFC4
:10FA10002E680746307DC0072ED18246304600F062
:10FA200078F888B93069B0F1000A01DD401E306114
:10FA3000FFF72EFF7060B16821B1BAF1000F01D05D
:10FA4000304688474FF0010AE07820B9306910B994
:10FA50003046FFF7A1FFBAF1000F0DD02079E17811
:10FA6000084309D028680028C6D100BF4FF0FF35F1
:10FA70001F48E1F7B2FF11E02F6029680029C4D1C7
:10FA8000F4E7307DC00705D1304600F042F8A842C7
:10FA900000D2054631461648E1F7B1FF0600F0D125
:10FAA0004846FFF7EFFEE1680844E060A068FFF712
:10FAB000E9FEB0F5FA7F13D3E16864225143B1FB4C
:10FAC000F0F0C0B26070642801D9002001E0C0F1FC
:10FAD000640060702646C4F80C80FFF7D9FEB06061
:10FAE00084F8028028466FE7C001002094010020BE
:10FAF0003417002001214161704710B50446FFF71B
:10FB0000C7FE2168401A401E606010BD002141619F
:10FB1000704710B504464068FFF7B4FE2168814283
:10FB200001D8002010BD081A10BD70B50346083A70
:10FB30000C4602F00300111AA00705D1A1F10C0038
:10FB40004FF6F572904201D3002070BD2078251F3A
:10FB500000F00300084320F0020040F001012160A2
:10FB600029461846E3F7B5FA2846E3F7E7FA01799C
:10FB700002214160204670BD70B5810701D0002090
:10FB800070BD00238060C0E90303194600EB8102C9
:10FB900000EBC1145361002204EB8206521CF06397
:10FBA000202AF9DB491C0A29F0DB70BD70B50C4630
:10FBB0000546FFF7E1FF0646A4F23C5205F23C5130
:10FBC000FFF7B3FF304670BD2DE9F041002611B3B9
:10FBD000083905464E680C46F00700D0FEE7084697
:10FBE000E3F702FB2179284689070CD52768AFB1D6
:10FBF0003979C90713D03946E3F75EFB2146384609
:10FC0000E3F74CFA044621462846E3F707FB014692
:10FC10002846E3F75EFA3046BDE8F081FEE7FEE7EE
:10FC200070B50A46054604211046E2F75BFE04461D
:10FC300001462846E3F788FA014622462846BDE8F1
:10FC40007040E3F711BB2DE9F05F90460C00814650
:10FC50004FF0000522D0B8F1000F1BD0A4F1080529
:10FC60002846E3F7F6FA82466868042120F0030785
:10FC7000DAF8040020F00300384400F1040B404699
:10FC8000E2F730FE0646B84500D966B12879C007CC
:10FC90000CD0FEE74846FFF797FF44E01146FFF718
:10FCA000BFFF05463FE00020BDE8F09FBE4216D9E9
:10FCB0009AF80400C00701D05E4510D94146484675
:10FCC000FFF7AEFF05002ED04046474500D307465C
:10FCD0003A4621462846F8F7A1FB2146DAE7BE421C
:10FCE00006D929464846E3F799FA2846E3F789FA00
:10FCF00028794F46C00700D0FEE731462846E3F793
:10FD0000DEF978B131462846E3F7E7FA0146406864
:10FD100020F0020048603846E3F780FA0146384692
:10FD2000E3F7D7F925462846BEE71CB50C466846DA
:10FD3000E0F7EAFE9DF80400A8B10120A073BDF829
:10FD40000000F021C0EB00100001B0FBF1F02080BA
:10FD5000BDF802004FF4A07100EB80008001B0FB01
:10FD6000F1F060801CBD0020A0731CBD5A3000B2B1
:10FD700000F004B85A3000B2AFF300804FF4B47111
:10FD800090FBF1F201FB1200002802DA00F5B470DA
:10FD900000B20E495A2802DA31F910007047A0F17A
:10FDA0005A025A2A03D2C0F1B40000B2F4E7A0F11B
:10FDB000B4025A2A01D210B202E0C0F5B47000B207
:10FDC00031F81000404200B2704700003C9F02082A
:10FDD0002DE9FF4F83B05FEA0009119F7BD099F8AE
:10FDE0000000002877D00498002871D01098800770
:10FDF00002D541F6FF70069000243F4A009401941A
:10FE00005268A346254626464FF0FF3869464846C5
:10FE1000904782460098019050E0374A01A9484631
:10FE20005268904783461098761CC00704D051460C
:10FE30001298E2F7B5F998BB5A4651460498F5F77F
:10FE40001BFB00B229180DB2002802DD05982844DA
:10FE500005B2B8F1FF3F05D10598291A06988142ED
:10FE600000DDA0465046BAF10A0F1AD0BAF10D0FC4
:10FE700017D00146A0F59C4045F2A512904210D93A
:10FE8000002005E01DA2125C8A420AD0401CC0B2CC
:10FE90001AA2125C002AF5D117B1B8F1FF3F08D0C1
:10FEA00008E024B9B8F1FF3F01D107B13D60761EEB
:10FEB00008E03D60DDE90040DA46009019F80400F2
:10FEC0000028AAD1B8F1FF3F06D0139870B1404680
:10FED00007B0BDE8F08F0CE02EB1BAF10D0F03D1E1
:10FEE000BBF10A0F00D1009C2046F1E70FB10020C2
:10FEF00038600020ECE70000D4010020202C2E3BCD
:10FF00003A2D5F002DE9FF4F83B004464FF000000B
:10FF1000DDF848A0DDF84090208093460F00608017
:10FF200049D0BBF1000F46D05FEA8A7002D541F696
:10FF3000FF7011900025A846BBF8086025E000205E
:10FF4000CDE9000A781902905946119B069AE2F70A
:10FF50007DF88044B4F9020006EB09010144B1F5D3
:10FF6000004F28D2304448446080A8EB0501CDF80A
:10FF700000A05A46069B029800F022F8B4F900103F
:10FF8000814200DB084620804546785D0028D6D1B6
:10FF90005DB1781910F8010C0A2801D00D2804D1A0
:10FFA000618806EB090008446080B4F9020028B1BA
:10FFB000A0EB0900608007B0BDE8F08F6680FAE72B
:10FFC0002DE9FF471E46DDF8309090460D460700AC
:10FFD0000CD0B8F1000F09D03878002807D00020E5
:10FFE000044602908DF80C00EDB923E0002004B027
:10FFF000BDE8F08702AB01AA69463846E2F70EF881
:020000040802F0
:100000005FEAC97004D003A80099E2F7C9F850B9B3
:10001000DDE900124046F5F72FFA00B2002802DDB4
:100020002044304404B20298A842E3D3002C01DDFE
:10003000A01B04B22046DAE710B50146802825D37C
:10004000002301F03F0242F08002B1F5006F0AD2B6
:10005000C0F3841141F0C00161F3070062F30F2087
:1000600063F3174010E0C1F3851444F08004B1F548
:10007000803F0CD2C0F3033141F0E00161F307008F
:1000800064F30F2062F3174063F31F6010BDB1F5F6
:10009000881F10D2C1F3824343F0F003C1F305314E
:1000A00063F3070041F0800161F30F2064F3174010
:1000B00062F31F6010BD002010BD00002DE9F0416B
:1000C00000240F4606462546DFF8248007E0D8F8CE
:1000D00000103019884700B9012004446D1CBD424E
:1000E00002D2305D0028F2D12046BDE8F081000048
:1000F000D4010020F8B5074600200D460446064E00
:10010000009004E07268694638469047641C009885
:10011000A842F7D32046F8BDD4010020F8B500244A
:100120000546074E009404E07268694628469047E9
:10013000641C0098285C0028F6D12046F8BD000019
:10014000D401002078B500250446009501B9694620
:100150000A68A05C030601D4054634E006260223A3
:10016000B6EB501F06D1C006400D24E004F03F035B
:100170001D1828E00E26B6EB101F02D10007000C58
:100180000FE01E26B6EBD00F1DD1521C0A604007AF
:10019000A55CC00AB3EB951F13D105F03F0500EB3A
:1001A0000530521C0A60A55CB3EB951F09D105F020
:1001B0003F0500EB8510521C0A60A45CB3EB941F52
:1001C000D4D0002078BD521C28460A6078BD0000BB
:1001D000F8B5074608680025401E0C460D4E08601D
:1001E00001E0042D13D2206831683844884718B9DB
:1001F000216861B1491E21606D1CEDB20028F0D06C
:10020000206800907268694638469047F8BD002023
:10021000F8BD0000D40100200078010601D40120BF
:1002200070470621B1EB501F01D1022070470E210B
:10023000B1EB101F01D1032070471E21B1EBD00F8D
:1002400001D10420704700207047000008B50093DA
:1002500013460A4601460248E2F71AF908BD0000B3
:100260008524000870B50D460846F9F721FE0646BC
:10027000F9F7DDFD04463046FAF71FFF0146224636
:100280002846FCF73BFB01212846FCF739FA2846B3
:10029000F9F772F90446104842F264063146B0F9A3
:1002A00000202046FCF72AFB00212046FCF728FA14
:1002B00002231A4600212046FCF706FA2846F9F7E1
:1002C0005BF904460121FCF72BFA31462046BDE8D4
:1002D0007040FCF7C5BC000054010020E0F7F4FBBF
:1002E000E0F7E8FBE0F77AF9E0F7A0FBE0F72EFA99
:1002F000E0F7E8F9F6F7A0FC21494FF41663002275
:10030000A1F11C00F1F7D6FD1E48F1F7E3FD1D48F1
:10031000F02101804FF4A07141801B4941611849CF
:100320001C39C160F1F700FEFCF730FE1548503073
:1003300002F0F2FE13485030EBF7ABF8E0F766FA44
:10034000E0F734FB1148016841F0040101601048F6
:10035000016841F0806101600D4C1434206820F484
:10036000005020604FF49670E4F71CFA206840F4C7
:1003700000502060FFF722FB0520E4F713FAF9E7AD
:1003800064020020241500209D0B02083038024032
:10039000000802402DE9F0414FF480740E460746F4
:1003A0002246F0F7E9F9054621463846EFF7E6FE22
:1003B000002D06D0224631463846BDE8F041F0F720
:1003C000E7B9BDE8F08100002DE9FF4F1D468A889E
:1003D0000B888BB0D21A521C17B2CA8849880446BF
:1003E000511A491C1C98DDF868A00FFA81F9012800
:1003F00005D0022805D003284DD14F4802E04F48D0
:1004000000E04F4880465FEA0A002088ADF804000B
:100410002888ADF8080005D09AF80000FD283DD3E3
:1004200019983EE0DDE901104346199A984700907B
:1004300000202DE0002621E0BDF8080035F8161058
:10044000884205D1BDF8040034F8161088420FD058
:1004500004EB460043460088ADF8040005EB460077
:10046000199A0088ADF80800DDE90110984700905E
:1004700004EB4600BDF800100180761CBE42DBDBB9
:100480000D9804EB4004189805EB40050AF10100B3
:1004900082464845CEDB0FB0BDE8F08F199948433E
:1004A000000A02460090DDE9011043469847099092
:1004B00000203DE000262FE01AF8060058B3FD2882
:1004C00001D3199802E019994843000ABDF80810B1
:1004D00035F81620914208D1BDF8041034F81620E2
:1004E000914202D10099814210D004EB46010246AC
:1004F0000988ADF8041005EB460143460988ADF8BC
:1005000008100090DDE901109847099004EB4600BF
:10051000BDF824100180761CBE42CDDB0D9804EBA3
:100520004004189805EB40051B9882440BF101002C
:1005300083464845BEDBAEE7E14100086D41000857
:10054000474200082DE9FF4F06468A8808888BB08D
:10055000101A401C07B2CA884888DDE919BA101A77
:10056000401C0FFA80F85FEA0A001D46584605D085
:10057000FD287CD9A7F1040B002027E1FD2813D327
:1005800000247F000BE03A4629463046F7F746FF45
:100590000D98641C06EB4006189805EB4005444591
:1005A000F1DB0FB0BDE8F08F002021E0002415E062
:1005B00006EB440A5A46BAF80000ADF8180005EBFD
:1005C00044000088ADF81400DDE90501F1F72AF9CF
:1005D0000590BDF81410AAF80010641CBC42E7DBBB
:1005E0000D9806EB4006189805EB400509F101004F
:1005F00081464045DADBD4E7D14600241CE000BF49
:1006000099F80020AAB1FF2A06EB44001AD00990FD
:100610000088ADF8200005EB44000088ADF81C0010
:10062000DDE90701F1F7FEF80690BDF8181009980A
:10063000018009F10109641CBC427CDA5FEA89701F
:10064000DED178E005EB44010988F1E7D9F8000034
:10065000F0B3401C74D099F80020BAB1FF2A06EB21
:1006600044007AD009900088ADF8200000E0B6E0A0
:1006700005EB44000088ADF81C00DDE90701F1F747
:10068000D1F80690BDF818100998018009F1010011
:10069000059099F80120AAB1FF2A06EB440060D02A
:1006A00009904088ADF8200005EB44004088ADF883
:1006B0001C00DDE90701F1F7B5F80690BDF8181048
:1006C000099841800598401C05900278BAB100E075
:1006D0002EE0FF2A06EB440047D009908088ADF851
:1006E000200005EB44008088ADF81C00DDE907011F
:1006F000F1F798F80690BDF81810099881800598D0
:100700004278AAB1FF2A06EB440032D00590C08897
:10071000ADF8200005EB4400C088ADF81C00DDE911
:100720000701F1F77FF80690BDF818100598C18011
:1007300009F10409241D5C4588DB3BE000E00CE086
:1007400005EB440006EB440102880A8042884A8097
:1007500082888A80C088C880EAE705EB440109885E
:1007600093E705EB44014988ABE705EB4401898831
:10077000C4E705EB4401C988D9E700BF99F8002018
:10078000AAB1FF2A06EB440025D009900088ADF8F5
:10079000200005EB44000088ADF81C00DDE90701EE
:1007A000F1F740F80690BDF818100998018009F19A
:1007B0000109641CBC42E1DB0D981B9906EB400665
:1007C00018988A4405EB40050198401C019040456B
:1007D000FFF612AFE5E605EB44010988E6E70020E5
:1007E0002DE000241FE000BF1AF80400D0B1FD285E
:1007F00001D35A4602E000FB0BF0020A06EB44006C
:1008000003900088ADF8180005EB44000088ADF8AF
:100810001400DDE90501F1F705F805900398BDF82E
:1008200014100180641CBC42DEDB0D981B9906EBA2
:10083000400618988A4405EB400509F101008146FD
:100840004045CEDBADE600002DE9FF4F85B09A466E
:100850000C46DDF850B0E1F785FB0390A0882188B5
:10086000401A401C06B2E0886188401A401C0FFA0A
:1008700080F8BBF1000F01D000204BE000271DE005
:10088000002515E0139802900AEB4500079A0088AE
:10089000ADF804006088384400B2009020880599C3
:1008A000284403B203980068D0F81CC0E0476D1CD0
:1008B000B542E7DB12997F1C0AEB410A4745DFDBB3
:1008C00009B0BDE8F08F00251BE000BF1BF8050054
:1008D000B0B113994843000A02900AEB4500079A09
:1008E0000088ADF80400618801EB090000B20090B7
:1008F00020880599284403B203980068C769B8475F
:100900006D1CB542E2DB159909F101008B44129987
:100910000AEB410A81464045D5DBD1E770B5154663
:100920000E460446802805D2E117002004EB9171A1
:10093000891006E004F0A6FF411FCC4084F020019E
:10094000801F3060296070BDFD2902D2022901D8C4
:100950000020704710FB01F000EBC01101EBC0302C
:10096000C0F3C750704700002DE9F041F4F76CFC6C
:100970000746F9F79DFA0646F9F79AFA0546F0F7A1
:10098000CDF8046800213046F9F780F9B84244F305
:10099000074008D1012801D0401E07E00C2060F379
:1009A0001744601E1FE00C2819D0401C60F3174448
:1009B00044F30747A1B20C463A462846F0F7B0F890
:1009C00001213046F9F762F90849224601EB870117
:1009D00051F8043CBDE8F04105A1F7F7BCB901208E
:1009E00060F31744601C60F30F04E1E7B4000020DB
:1009F000256420257300000070B50546F4F724FC3B
:100A000004462846F4F722FC05462046F4F7ACF9E4
:100A100004462846F0F782F80088641C62B262F34C
:100A2000174081B22846BDE87040F0F779B8000061
:100A300070B50D4600212846FAF7DCFF0021284654
:100A4000FBF75EFE0023022219462846FBF73CFE18
:100A50002846EFF763FB0646002228A1FCF74DF875
:100A600042F264013046FBF767FE3046FCF76EF950
:100A70003046F9F7DCF9044601463046FCF7F0F859
:100A8000002307221E493046F8F798F80421304623
:100A9000F8F7E2FC2846F6F7A1FA06460321F7F735
:100AA000E7F8002202213046FCF7A6F80121304683
:100AB000FBF736FE2846EFF731FB0646002211A170
:100AC000FCF71BF8224611463046FBF717FF0023C0
:100AD00007220B493046F8F771F804213046F8F741
:100AE000BBFC00231C2208492846F8F767F8284673
:100AF000BDE8704000221C21F4F7AABBEF819300EF
:100B000069090208EF819400C95E02082DE9F041ED
:100B10000F460846F9F7CCF9044600213846FAF7A3
:100B200069FF00213846FBF7EBFD3846F4F77AF809
:100B3000164D06466968F4F7A4FA23461C221449A8
:100B40003046F8F73BF801213046FBF7E9FD38461F
:100B5000F4F768F806462968F4F793FA23461C224E
:100B60000C493046F8F72AF801213046FBF7D8FD4A
:100B700000231C2208493846F8F720F83846BDE81B
:100B8000F04100221C21F4F763BB0000E4000020C8
:100B900019600208F90902080D5F02082DE9F04703
:100BA00082469146B1F90060B1F90250B1F90440B2
:100BB000B1F906702A20DFF70DFEC6F30720DFF734
:100BC00017FEF0B2DFF714FEC4F30720DFF710FEC4
:100BD000E0B2DFF70DFE2B20DFF7FCFDC5F30720A9
:100BE000DFF706FEE8B2DFF703FEC7F30720DFF703
:100BF000FFFDF8B2DFF7FCFD2C20DFF7EBFDDFF89F
:100C000048800421C8F818104904C8F81810781B47
:100C1000A61B401C761C46434D4600240AE000BF3C
:100C200035F81400000ADFF72DFF15F81400DFF780
:100C300029FF641CB442F3D30821C8F818105046A9
:100C4000BDE8F047F1F71CBA0000024070B5094D4D
:100C500004466868002808D044B12046EBF74EFDF2
:100C6000A9682044884200D3002070BD0248006873
:100C700070BD000040000020A0010020002902D02B
:100C80000068091D42507047002901D00068425099
:100C9000704700002DE9F041044600222121F4F7BD
:100CA000D7FA00287ED0608C40F48050608401E048
:100CB000FFF7F0FF00212046F8F7E8FF0028F7D102
:100CC0002046F9F7AFF806460020F5F75FFE054627
:100CD00000271CE0A86AA04202D0E86AA04203D123
:100CE00021462846F5F7FAFE686BA04200D16F63F3
:100CF000686DB04207D1F5F753FEA04203D12146FB
:100D00002846F5F7EBFE2846F5F740FE0546002D90
:100D1000E0D12046E0F730FF606804260028204636
:100D200002D0F9F78AF82AE0F9F74EF805460020D4
:100D3000EA68696A05E000BF52F82030A3420AD091
:100D4000401C8142F8D806E0E96806EB80028A5828
:100D500041F82020401C696A491E8142F4D8686A23
:100D6000401E81006862E868F7F740FBE8601DE01C
:100D7000096806EB80028A5841F82020401C61680F
:100D800089684A68521E8242F2D86068806840686A
:100D9000401E486061688200896808681146F7F75C
:100DA00025FB00E007E06168896808602046BDE82F
:100DB000F041F7F7F7BABDE8F081C9B20022FBF7BE
:100DC000F8BEF0B50027DDE905458E1A012B05DCDC
:100DD00003280CD004280AD0052808D0891A09B2A3
:100DE00006282AD2DFE800F0290A0320140E2F80FB
:100DF000208806EBD67100EB61001CE02F80208874
:100E0000304418E05B1E18B291FBF0F02880F0BD72
:100E100091FBF3F02988084400B22880218800EB78
:100E2000D07001EB600006E05B1C18B291FBF0F0A3
:100E30002880218808442080F0BD2F80F0BD2DE956
:100E4000F05F05460C46501E53B12188A1EB6201AC
:100E500021800844A080E88A6080688BE08009E0F7
:100E60006188A1EB620161800844E080A88A20804B
:100E7000288BA0804FF4403631462846F9F784FE8F
:100E8000814631462846F9F7CDFE8246314628464E
:100E9000F9F728FF804631462846F9F70FFE8346CA
:100EA00031462846FAF720F8074631462846FAF731
:100EB0000FF80146208809EB0702801A2080A088DD
:100EC0000AEB07021044A080608808EB0102801A38
:100ED0006080E08859440844E080BDE8F09F70B528
:100EE0000446EBF7B9FE05001DD0F8F7A0FF064653
:100EF0002046F8F72FFF864215DD00212846F9F736
:100F000096FF068900212846F9F7B8FFE18E3044A4
:100F1000414309B20022606AFBF796FB606ABDE8B4
:100F20007040FAF701BC70BD2DE9F047064690F815
:100F3000600040072FD5706AF6F7EBFA1749096889
:100F40008847040027D03046FEF7D4FA8146DFF701
:100F50004EFA074604FB07F0401CF7F7C5F9804638
:100F6000002506E005FB07803A464946F7F756FAA2
:100F70006D1CA542F6D37D43002108F805104146BB
:100F8000706AF6F7B1FE4046F7F7FAF93046BDE869
:100F9000F04700F07BB9BDE8F0870000EC010020CD
:100FA00070470068FFF7C0BF2DE9F04F544E05466B
:100FB00089B070680168CC6BC96889682160016874
:100FC00009698A0701D4C90723D0F1F7BDF8401E8B
:100FD00007B27068F1F772F8401E03B200221146A2
:100FE00001A80097EEF7ADFE01A961607068006886
:100FF000027CC068920705D5826942F002028261D4
:10100000A16076E08169826961F341028261A56035
:101010006FE0A9882A88891A491C0FFA81F9E988A2
:101020006A88891A491C0FFA81F8F1F78DF8014690
:10103000B5F90600814203DC7068F1F785F8401EBF
:1010400007B242464946B2467068EBF777FE8146E2
:101050000026B5F902000DF10C0B28E02A88ADF846
:101060000C20AA88ADF81020ADF80E00ADF81210D3
:10107000C4F804B0C4F808B0DAF804000168C9681C
:1010800089682160BDF91210B94201DDADF8127016
:10109000BDF91260B74205D10068C068816941F0AE
:1010A00002018161204600F02DF80FFA88F000EB74
:1010B0000908A8F10101B942D0DDB7421CD0298846
:1010C000ADF80C10A988ADF81010ADF80E00ADF811
:1010D0001270C4F804B0C4F808B0DAF8040001686B
:1010E000C968896821600068C068816941F00201AF
:1010F0008161204600F006F809B0BDE8F08F0000DD
:10110000380000202DE9F0415F4C074694B060683C
:10111000F0F7D0FFF968054609B13846884760689E
:1011200000680188408811FB00F0E968884201D11D
:10113000012000E00020296859B1696831B128B95F
:1011400007E060680068816A01B188472869002863
:10115000F7D100256068F0F7E1FF7A680146104694
:10116000FBF740FF06466068416919B17868FBF7F4
:1011700039FF054656EA050051D16068F0F7E4FFF3
:10118000401E0FFA80F86068F0F798FF401E03B227
:101190000022114611A8CDF80080EEF7D2FD386B81
:1011A000B0B103A8F2F7BEFA606811AAC16A07914C
:1011B00090F829108DF82610418DADF8101090F898
:1011C00029008DF80F003B6B03A93846984726E0AD
:1011D0006068C06A98B16946F5F714F901281ED114
:1011E00003A8F1F719FA606811AA90F829108DF890
:1011F0001710C36A03A93846F1F7DAF90FE003A81C
:10120000F2F790FA6068418DADF8101090F829005F
:101210008DF80F0003A938467A68F2F76FFA606814
:1012200090F82810C9070CD006B90669384631462F
:1012300000F0DCFA6068406990B105B905462946BE
:101240000BE0406928B105B905462946384600F04B
:10125000CDFA0EB9606806693146384600F0C6FA24
:101260006068F0F749FF0146384600F0BFFA606851
:10127000F0F73AFF0146384600F0B8FA606814B05B
:10128000BDE8F041E4F722BA380000202DE9F04F24
:1012900089B004460021F9F7D6FD059000212046CB
:1012A000F9F704FE0790606C0690606AF6F731F972
:1012B000724A8246069912689047DFF8C4B1064622
:1012C0000AEB0600DBF80020814600219047054626
:1012D00005982F46B0F908803846EDF7E0F900B1DF
:1012E0002027002239460598F4F7C6F807B202AA6B
:1012F000606A0699F6F722F8606AF6F70AF902467C
:101300000021606AF7F7C4FF616ABDF90820B1F9EE
:101310001430B1F918101A443A448A4227DD94F87F
:101320006010090723D4032821D00020ADF808005D
:101330000798BDF80A2040441044ADF80A005DB19A
:1013400050494846096888470644DBF800200AEB04
:1013500006000021904705462846EDF7A0F900B1A8
:101360002025002229460598F4F786F807B24FF4A5
:10137000E02B204659462665F9F7DAFA0546594624
:101380002046F9F7C1FC00EB050A20461122594618
:10139000F9F7C0FC00EB050959462046F9F706FCB1
:1013A0004619204613225946F9F7B4FCBDF8083017
:1013B0002844991BBDF80A20ADF80C1018447F1E74
:1013C000A2EB0A013844ADF80E10ADF8100002EBA4
:1013D0000901A8F101000844ADF8120004F1480128
:1013E0000D466846EEF74CFC606ABDF80010828A34
:1013F0001144ADF80010BDF80210C08A0844ADF8E1
:101400000200606ABDF80410808A0844ADF8040048
:10141000606ABDF80610C08A0844ADF80600694647
:101420002046FAF7A4F903A92846EEF729FC294635
:101430006846EEF725FC606ABDF80010828A114408
:10144000ADF80010BDF80210C08A0844ADF80200E3
:10145000606ABDF80410808A0844ADF80400606A30
:10146000BDF80610C08A0844ADF80600694620465B
:10147000FAF77DF909B0BDE8F08F0000DC0100202B
:10148000D8010020D40100202DE9F0412B4C002090
:1014900020606068B0F85051002D4DD0002703E067
:1014A000411991F83011D1B16D1EF9D50068416B29
:1014B00001B1884760680168C9688A6922F0010241
:1014C0008A610168C9688A6922F002028A6190F81B
:1014D0002810002641F0040180F8281022E02F4651
:1014E000E4E7811991F83011D9B9BE4205D10168FC
:1014F000C9688A6942F001028A610168C9688A691B
:1015000022F002028A6100EBC6003030FFF74CFD8A
:10151000606800EBC6003030EEF7CDFB2168084470
:101520002060761C6068B0F85011B142D9DC10F828
:10153000281F21F004010170BDE8F081380000206F
:101540002DE9F0410446ECF7D6FF2046F9F7B5FD4A
:10155000054600212046F9F776F9281A00EBD070ED
:1015600040F34F0694F83C0000F003016420012989
:1015700003D0022904D0A08C0BE094F8261001E0DF
:1015800094F827104FF4B47211FB02F1B1FBF0F0A4
:1015900080B200B20746FEF7F1FB10FB06F0C11364
:1015A00021853846FEF7E2FB10FB06F0228D05EBA5
:1015B000D571C01302EB6102228500EB61006085EA
:1015C0002046BDE8F041ECF796BF00002DE9F04F52
:1015D0000C4682468BB001212046F9F7B7FD002862
:1015E0007ED12046E0F7DCFA050027D02046002116
:1015F0006122F9F78FFB00F0FF09B9F1020F6FD3F9
:101600006B462A4621465046EDF7B3FA012867D1CA
:101610000127002204F114016846DFF752FCA8B14B
:1016200000208DF82000CDF824D008AA12212046F1
:10163000F3F70EFE9DF8200038B107E00BB021460D
:101640005046BDE8F04FFAF760BA0027012D01D1EE
:1016500047F002073A4669465046F1F7C7FA0500D7
:101660003ED0204600216F22F9F754FB00B260F310
:101670000F068046204600217022F9F74BFB01B28D
:10168000C8F34130642261F31F464FF4FA634FF40C
:101690007A7B012817D128F4C040984213DCB4F8B3
:1016A00018C0B4F814805845ACEB080C0CF1010CD0
:1016B0000FFA8CFC01DDC0F57A700CFB00FC9CFB82
:1016C000F2F060F30F06C1F34130012813D121F489
:1016D000C04098420FDC618BE38AC91A491C00E0C4
:1016E0007EE009B2584501DDC0F57A70414391FBB7
:1016F000F2F060F31F4602A8F0F78EFF8DF813900A
:10170000204600216E22F9F705FB00B2ADF8080073
:10171000B0F5616F02DDA0F5616003E0002803DA37
:1017200000F56160ADF80800204600216D22F9F750
:10173000F1FAADF80A00204600216822F9F7EAFA2A
:101740008DF81400284840680068007CC0F3C00091
:101750008DF81C00B8070ED5D5E90001C5E90201D6
:101760006889698A0844401E01B2E981B5F906001A
:10177000814200DDE881B5F90A00BDF90610884212
:101780002ADCB80705D53B462A4651462046EDF7E8
:10179000BDF921465046FAF7B8F9A08A02AA811984
:1017A000DAF804000088081AADF80C00E08A00EBB3
:1017B0002641DAF804004088081AADF80E002946E0
:1017C0005046F1F70EFAB80706D5E889401C688143
:1017D000698A0844401ECDE729465046F1F737FA9A
:1017E0000BB0BDE8F08F0000380000202DE9F04775
:1017F0000C00814605D11B484068F0F78FFC0400BF
:101800002AD021464846FFF7E1FE1FE00027F8F7FF
:101810004FFA0646002508E0A068006850F8251039
:10182000E7B14846FFF7D2FE6D1CB542F4D34A46F5
:1018300017212046F3F70CFD4A4618212046F3F7FE
:1018400007FD4A4619212046F3F702FDA04640460F
:10185000F8F72EFB0400D9D1BDE8F0874145E3D16C
:101860000127E1E7380000202DE9F04792B08846D3
:101870000646EBF7F8F905006BD0F5F74AFE02468D
:1018800000212846F7F704FD012838D0022802D0AD
:10189000032819D10CE03046F8F776FA04462846BA
:1018A000F9F70BFC201A00EBD07040F34F0108E071
:1018B0003046F8F769FA04462846F9F7FEFB201A85
:1018C00001B22846FBF7E2F900213046F9F7B5FAF4
:1018D000044600213046F9F7DDFA8246B4F9087073
:1018E0003046F8F737FA8146304600216522F9F78D
:1018F00011FA84B2B8F1000F03D014B104E0002152
:10190000DFE73046ECF722FCF18C07EB0A00484396
:1019100009EBD971491007EBD772A1EB6201081AE4
:1019200006B2B8F1000F17D0B4B16846EDF7CAFBA4
:101930000F48CDE900502846F9F7E1FB0B940890D9
:10194000CDE909060B4803900B4807906846EDF770
:101950002DFC12B0BDE8F08705492846EDF76AFB7B
:1019600012B031462846BDE8F047FBF7A5B90000A4
:101970009B240208E31F02082BF100082DE9F04F19
:101980000C464FF4A02689B005463146F9F708F910
:10199000079031462846F9F751F9834631462846E3
:1019A000F9F7ACF9824631462846F9F793F88146B3
:1019B00031462846F9F756FA069031462846F9F797
:1019C0006FFA804631462846F9F73AFA05903146D3
:1019D0002846F8F7F5FF074631462846F8F7EAFFAC
:1019E00006461CE0079BCDF808B0CDE90083CDE9A1
:1019F00003A9DDE90523A1B22846EBF745FBB04278
:101A000001DA014600E03146B94201DA384602E027
:101A1000B04200DB3046E96A21F81400641CE88C0F
:101A2000A042DFD82846FAF743FB09B02846BDE8B4
:101A3000F04FF9F779BE00002DE9F04F464C8DB01C
:101A4000606801680A7CD2077ED0C96849680029AD
:101A50007FD000F5AC70E0F752F8002879D16068CB
:101A60000168CA6893680C9311688B4200D1516871
:101A70008946F0F723FB0B90202103A8DEF708FD31
:101A80000025A0463CE0411991F83011B9BB00F5A2
:101A9000AC70DFF7A2FF0646A0462EE0D8F804009F
:101AA0003146444600F5AC70DFF7A9FF8346606815
:101AB000314600EBC50203A83032DFF731F90746A3
:101AC000401C19D000240DF10C0A09E0DFF7C8FF13
:101AD0000AEBC401641C0A6802604968416064B290
:101AE000D8F80400BC42314600F5AC70EEDBE0F7FC
:101AF0000FF83046F6F756FC5E46002ECED16D1C30
:101B0000D8F804004446B0F85011A942BBD8254685
:101B100000F5AC70DFF761FF12E00B98CDF8009094
:101B2000CDE901046868DDE90B2100682346C06B3C
:101B3000866BB0476868214600F5AC70DFF75FFF41
:101B40000400EAD1686800E003E000F5AC70DFF75C
:101B50002EFF0DB0BDE8F08F380000202DE9F041D8
:101B60000746F8F7A5F80546002412E0B8680068B3
:101B700050F824603046F9F7D7FD00222A2130467C
:101B8000F3F766FB3046F9F7CFFD3046FFF7E6FF87
:101B9000641CAC42EAD3BDE8F08100002DE9FE4FA1
:101BA0000446EBF760F8060009D0F4F7E9FE80463A
:101BB000F4F727FF042805D0022803D012E0012003
:101BC000BDE8FE8FE28C2146228504280AD1084612
:101BD000F8F728F90546F3F7C7FF18B100212846A2
:101BE000F4F743F84046F4F70CFF012804D04046D0
:101BF000F4F707FF032863D1A06A800331D40025DE
:101C000069464046F4F7D2FEBDF80200F18A401A58
:101C1000ADF80200BDF80000B18A401AADF800002E
:101C200069463046F5F78CFA07463046F5F771FC01
:101C30008246002080460646DFF8949001900DE031
:101C4000D9F8002001A9504690470A2803D1B84589
:101C500001D06D1C2DB2DDF80480761CBE42EFD39E
:101C600027E000212046F9F7E8F805460021204644
:101C7000F9F710F92989B4F91A200844B4F91610B3
:101C800007B2501A00EBD07001EB600005B20C21D6
:101C90004046F4F774FFF18A084400B2281A90FB1A
:101CA000F7F0002800DA0020A18C814200DC481EF9
:101CB00005B2002D04DBA9B201222046FBF7C5FBCB
:101CC000E08C029002AA1C212046F3F7C1FA77E7C4
:101CD000D801002070B5D1E90245D5B1D4B1E56095
:101CE000AC6000EBC21505EB8305EE6B8E420FD1A5
:101CF000EC6384420CD100EB820501216C6901FA8E
:101D000003F39C436C6103D1036991408B430361EE
:101D100070BDFEE7FEE72DE9F0410C46498C064612
:101D20000020C1F305110EE026B1E26852F8302020
:101D3000B24207D14FF6FF724FF470212046FAF7F6
:101D4000CFF902E0401C8142EED82046F7F7B0FF01
:101D50000746002507E0A068006850F825103046C7
:101D6000FFF7D9FF6D1CBD42F5D3BDE8F0812DE929
:101D7000FF5F9846DDE90E54DDE911A6DDE9149B0D
:101D8000E0F7F0F800683146876B4846F6F746FC06
:101D90000020034630E010990AFB00F2414305EBB6
:101DA000212104EB222209124FEA222209D4DDF874
:101DB00004C0614505DA002A03DBDDF808C062458E
:101DC00002DB09F800300AE002FB0811DDF800C070
:101DD000139A0CEB410102EB400209881180BBF120
:101DE000060F07D11399BAB231F81010914201D100
:101DF00009F80030401C00B2B042CCDBBDE8FF9FC8
:101E000070B505460068F7F7DFFF04460069002259
:101E10002721F3F71DFA002228216069F3F718FA49
:101E2000606928B194F82810890701D5F7F7B0FB4D
:101E30000020606114F8281F002221F0010104F83D
:101E400018196021A0602868FAF7F2F92068BDE847
:101E50007040F9F769BC70B504460068F7F7B4FF45
:101E60000546FBF720FB686123682B61BDE87040E5
:101E7000002226211846F3F7EBB970B50546F7F7AF
:101E8000A3FF040022D026695EB10022252130463E
:101E9000F3F7DEF9206920B1002226212846F3F766
:101EA000D7F900202561A0615DB1002227212846D5
:101EB000F3F7CEF9206920B1002228213046F3F74C
:101EC000C7F92846BDE87040F9F72EBC70BD000088
:101ED00070B586B00446F3F779F905462046F3F766
:101EE000B5F90446072D24D1A06AFCF729F8124D54
:101EF0002870606BFCF724F8104E3070206CFCF7F3
:101F00001FF8C2B20E48027031782878DEF7D6FC8E
:101F100001221421002005920291CDE90310094904
:101F2000CDE90010084800F124030279014603F0CE
:101F3000E4FE06B070BD0000100200201102002077
:101F400012020020A12402087415002010B5F3F736
:101F50007DF9BDE8104000F001B8000010B5054C57
:101F60002168002905D10246C8210348FDF7F4FC89
:101F7000206010BD240200201541000810B5044C5B
:101F80002068002803D0FDF707FD0020206010BD69
:101F900024020020FFF7F2BF00B587B0F3F716F96F
:101FA000072813D1142003AB01220021029083E8FB
:101FB000070009210648074BCDE9000103F1200184
:101FC00093F8242018461B1D03F097FE07B000BDB0
:101FD0000929020874150020002200680A21F3F77D
:101FE00037B910B50068F7F763FFBDE81040ECF7AC
:101FF000ADB800002DE9FF4F85B090460C4608466D
:10200000F7F756FF06461021F9F7A0F800286FD021
:102010003046F7F7ABFF834600253046F8F793F8D4
:102020001434CDE9024000B9059C00213046F8F790
:1020300067FC824600213046F8F724FE504407B280
:1020400000213046F8F710FD504400B20190F08AAC
:1020500061883844421AB8F80210501A0FFA80F911
:10206000728B0198101AE288801A081A00B2009048
:102070003046F7F7DCFEC11B0198081A00B2049045
:10208000B9F1000F0CDB0098002814DAB9F1000058
:1020900006DD05463046F8F75DF8401B0AD40AE035
:1020A0000098002807DD404205B23046F7F70CFFE4
:1020B000E84200D500250398012804D0022807D063
:1020C00003280DD115E0F08A61883844294421E0C5
:1020D000718B0198091AE0882844081A284405B22F
:1020E00000243046F8F728F80090A8B1029F14E0C9
:1020F000BDE00498F18A00EBD07007EB6000084463
:10210000E2886188521A521C12B202EBD27205EBBD
:1021100062021144401AE1E7059F00213046F8F7BA
:1021200009FD50440FFA80F900213046F8F750FDC0
:102130005044B18A0FFA80FA01EB09003988338BD9
:10214000421AB8F80010501AA3EB0A02BB8800B27A
:10215000D21A891A09B200280ADB002912DA0028EB
:1021600006DD04463046F7F729FF001B09D409E0D5
:10217000002907DD484204B23046F7F77FFFE0420E
:1021800000D500243046F8F798FFA0EB0901A1EB39
:102190000A00009900B2012904D0022907D00329BE
:1021A0000DD122E0B18A01EB0900398803E0318BBF
:1021B000A1EB0A00B9882144401A204404B22D49F9
:1021C0003046ECF737FF07462B493046ECF732FF35
:1021D000384306D000220A213046F3F739F80128A7
:1021E00045D15FEACB7011D013E000EBD072B18A19
:1021F00009EB62000844B9883A88891A491C09B277
:1022000001EBD17104EB61011144D5E7002C00DA38
:1022100000245FEA8B7002D4002C00DD00245FEA0A
:102220004B7002D4002D00DA00255FEA0B7002D457
:10223000002D00DD00250898B8F90010002800D016
:1022400020460844A8F80000B8F9021002D14FF067
:10225000000000E028460844A8F80200089B09B0E6
:102260002A4621463046BDE8F04FFAF7ABB809B030
:10227000BDE8F08F6B2302085323020830B5AAB1E2
:10228000B0F91A30B2F900401D19B0F93640A54234
:1022900001DAE31A1380B0F91A40B2F90030E518F8
:1022A000B0F93A309D4201DD1B1B1380002915D087
:1022B000B0F91830B1F900209C18B0F934209442DC
:1022C00001DAD21A0A80B0F91820B1F90030B0F959
:1022D00038001344834201DD801A088030BD1CB5EC
:1022E0000446828EC18E6B46EAF711FABDF90000F2
:1022F000002801DA40420CE02046F8F7DEFEBDF986
:10230000041088420BDA2046F8F7D7FEBDF8041017
:10231000401A01B2012300222046FAF7E3F8BDF982
:102320000200002801DA40420CE02046F7F77FFD6A
:10233000BDF9061088420BDA2046F7F778FDBDF8A4
:102340000610401A02B2012300212046FAF7CAF80B
:102350001CBD10B50346F7F704FF084401B2BDE801
:10236000104000221846DFF721BC10B50346F7F7EE
:10237000FFFE084402B2BDE8104000211846DFF716
:1023800015BCF8B505460C460846F1F7CBF94FF4F5
:10239000803631462846F8F799FAE070022808D9C5
:1023A000284631462022F8F7B5FC0090BDF8000021
:1023B000A080284631463122F8F7ACFCC0B2002795
:1023C00084F82200022814D9284631463222F8F730
:1023D000A1FC00B22084002809DD284631463022C5
:1023E000F8F798FC0090BDF80000E08301E084F865
:1023F0002270284631464522F8F78CFCC0B284F89A
:10240000360002281AD9284631464022F8F782FCC5
:1024100000B2E08500280FDD284643223146F8F758
:1024200079FCA086284644223146F8F773FC0090D8
:10243000BDF80000A08501E084F8367031462846DA
:10244000F8F7CAFAFD280AD2E17811FB00F1090A6F
:10245000E1704143080A84F8220084F83600E078ED
:1024600030B994F8220018B994F83600002805D045
:1024700031462846F8F798FC20800120F8BDA0F8E6
:102480004410F9F751B9A0F84610F9F74DB909B25F
:10249000FAF7FCBB09B2FAF70FBC09B2FAF70CBCA9
:1024A00070B504460020F7F767F84FF4A072F021EA
:1024B0002060FAF723FA00212068FAF70BFA0022CD
:1024C000FF212068FAF71EFBFE48EFF7A0F801464F
:1024D00000222068FAF700FB002211462068FAF774
:1024E00007FB2068F4F77AFDF7A1A060F5F7FCFB85
:1024F0000021A068F5F7BCFB7D226FF00E01A068FB
:10250000FAF7BAF948226321A068FAF7F7F900222E
:102510001146A068FAF711FB00221146A068FAF7ED
:1025200061FB6FF07F452846EFF771F80146002206
:10253000A068FAF766FB0022E449A068FAF76DFB91
:102540000022FF21A068FAF777FB00221146A0685D
:10255000FAF768FB00221146A068FAF768FB002230
:102560000221A068FAF748FB00221146A068FAF79A
:10257000C9FA00221146A068FAF72FFB0022114683
:10258000A068FAF725FB00221146A068FAF716FBAF
:1025900000221146A068FAF716FB00221146A06837
:1025A000FAF725FB2068F4F719FDC7A1E060F5F7FD
:1025B0009BFB0021E068F5F75BFB7D224821E0688A
:1025C000FAF75AF948226321E068FAF797F90022EE
:1025D0001146E068FAF7B1FA00221146E068FAF70E
:1025E00001FB2846EFF713F801460022E068FAF7EE
:1025F00008FB0022B549E068FAF70FFB0022FF2133
:10260000E068FAF719FB00221146E068FAF70AFBC6
:1026100000221146E068FAF70AFB00220221E06876
:10262000FAF7EAFA00221146E068FAF76BFA00229C
:102630001146E068FAF7D1FA00221146E068FAF78D
:10264000C7FA00221146E068FAF7B8FA00221146EC
:10265000E068FAF7B8FA00221146E068FAF7C7FA1C
:102660002068F4F7BBFC9AA12061F5F73DFB00213F
:102670002069F5F7FDFA7D2219212069FAF7FCF8A7
:10268000482263212069FAF739F9002211462069AE
:10269000FAF753FA002211462069FAF7A3FA2846FE
:1026A000EEF7B5FF014600222069FAF7AAFA0022E8
:1026B00086492069FAF7B1FA0022FF212069FAF76A
:1026C000BBFA002211462069FAF7ACFA0022114643
:1026D0002069FAF7ACFA002202212069FAF78CFA95
:1026E000002211462069FAF70DFA002211462069EE
:1026F000FAF773FA002211462069FAF769FA002204
:1027000011462069FAF75AFA002211462069FAF7B1
:102710005AFA002211462069FAF769FA2068F4F79C
:102720005DFC69A16061F5F7DFFA00216069F5F7EA
:102730009FFA7D22A5216069FAF79EF839224A2185
:102740006069FAF7DBF8002211466069FAF7F5F9DB
:10275000002211466069FAF745FA2846EEF757FF5E
:10276000014600226069FAF74CFA00225749606975
:10277000FAF753FA0022FF216069FAF75DFA0022A6
:1027800011466069FAF74EFA002211466069FAF7BD
:102790004EFA002202216069FAF72EFA0022114651
:1027A0006069FAF7AFF9002211466069FAF715FA85
:1027B000002211466069FAF70BFA0022114660699F
:1027C000FAF7FCF9002211466069FAF7FCF90022D9
:1027D00011466069FAF70BFA2068F5F72FFBFF2125
:1027E000A061F5F755FC4AF2B510EEF710FF01466F
:1027F000A069F5F75DFCE5226621A069FAF73CF8CF
:1028000023222721A069FAF779F82068F4F7E6FB7C
:102810002FA1E061F5F768FA0021E069F5F728FAE1
:102820007D227021E069FAF727F848226321E069E8
:10283000FAF764F800221146E069FAF77EF90022FF
:102840001146E069FAF7CEF92846EEF7E0FE0146B8
:102850000022E069FAF7D5F900221C49E069FAF78D
:10286000DCF90022FF21E069FAF7E6F900221146BF
:10287000E069FAF7D7F900221146E069FAF7D7F9CB
:1028800000220221E069FAF7B7F900221146E06957
:10289000FAF738F900221146E069FAF79EF90022AA
:1028A0001146E069FAF794F900221146E069FAF757
:1028B00085F900221146E069FAF785F900221146F0
:1028C000E06907E0311A89002E00000000C9030802
:1028D0003A000000FAF78BF92068FAF737FA204639
:1028E000E8F7D8FD2346262205492068F6F766F961
:1028F00023462068BDE8704025220249F6F75EB9FC
:102900004D1F0208951F02082DE9F84F04460020CC
:10291000F6F732FE4FF4A072F0212062F9F7EEFFD5
:102920000021206AF9F7D6FF0022FF21206AFAF77A
:10293000E9F8FE48EEF77CFE01460022206AFAF72D
:10294000CBF800221146206AFAF7D2F8206AFBF78A
:1029500021FA32225D21A062F9F78EFF2C21A06AB4
:10296000FAF77EF92921A06AF9F7E6FE022211465C
:10297000A06AFBF701FB17220021A06AFBF733FBDB
:10298000A06AF7F754FA0646206AEDF7C7FB32460D
:102990001146E062F9F7B2FF00250095D4E90A106C
:1029A00005231422F6F706FA0022E1A1E06AFAF7FD
:1029B000A4F800231A46DF49E06AF6F7FFF8206A18
:1029C000EDF7ACFB324611462063F9F797FF00950F
:1029D0006FF0040A53461122A16A206BF6F7EAF958
:1029E0000022D5A1206BFAF788F800231A46D349B4
:1029F000206BF6F7E3F832225D21A06AF9F73CFF7D
:102A00000022FF21A06AFAF77DF86FF07F47384671
:102A1000EEF70EFE01460022A06AFAF75DF80022EA
:102A20001146A06AFAF764F800220221A06AFAF7B8
:102A300084F80022FF21A06AFAF775F83846EEF70D
:102A4000F7FD01460022A06AFAF761F800220F2183
:102A5000A06AFAF76DF800220A21A06AFAF7BDF819
:102A600000220A21A06AFAF7B3F800220A21A06A1C
:102A7000FAF7A4F800220A21A06AFAF7A4F80020C5
:102A8000EEF7D6FD01460022A06AFAF7BAF8002256
:102A9000AB49A06AFAF7C1F80022FF21A06AFAF751
:102AA000CBF800221146A06AFAF7BCF800220521F3
:102AB000A06AFAF797F800221146A06AFAF797F889
:102AC0003846EEF7B5FD01464FF4E0263246A06ADF
:102AD000FAF797F832469B49A06AFAF79EF8324611
:102AE000FF21A06AFAF7A8F83246FF21A06AFAF798
:102AF00009F8DFF854924846EEF79AFD014632464F
:102B0000A06AF9F7E9FF32460021A06AF9F7F0FF61
:102B10008E4803F0EBF8B8463846EEF789FD0146DB
:102B20008A48FBF7B0FE87498848FBF7B7FEFF21CC
:102B30008648FBF7BBFEFF218448FBF747FD48466C
:102B4000EEF776FD01468148FBF722FD00217F4824
:102B5000FBF734FD00217D48FBF753FD05217B4841
:102B6000FBF763FE00217948FBF77AFE00227749E4
:102B7000E06AF6F7BBF800227449206BF6F7B6F866
:102B8000206AFBF707F96B225D216063F9F774FE99
:102B90002C21606BFAF764F82921606BF9F7CCFD02
:102BA00002221146606BFBF7E7F93B220021606BC4
:102BB000FBF719FA606BF7F73AF90746206AEDF769
:102BC000ADFA3A461146A063F9F798FE0095D4E9AC
:102BD0000D1005231422F6F7EDF8002254A1A06B86
:102BE000F9F78BFF00231A465949A06BF5F7E6FF6A
:102BF000206AEDF793FA3A461146E063F9F77EFE54
:102C0000009553461122616BE06BF6F7D3F8002272
:102C100049A1E06BF9F771FF00231A464D49E06BBB
:102C2000F5F7CCFF6B225D21606BF9F725FE0022E2
:102C3000FF21606BF9F766FF4046EEF7F9FC0146AD
:102C40000022606BF9F748FF00221146606BF9F72C
:102C50004FFF00220221606BF9F76FFF0022FF2176
:102C6000606BF9F760FF4046EEF7E2FC0146002298
:102C7000606BF9F74CFF00220F21606BF9F758FFEA
:102C800000220A21606BF9F7A8FF00220A21606B7D
:102C9000F9F79EFF00220A21606BF9F78FFF0022EF
:102CA0000A21606BF9F78FFF0020EEF7C1FC636B20
:102CB000014600221846F9F7A4FF00222049606B64
:102CC000F9F7ABFF0022FF21606BF9F7B5FF002297
:102CD0001146606BF9F7A6FF00220521606BF9F73A
:102CE00081FF00221146606BF9F781FF4046EEF745
:102CF0009FFC01463246606BF9F783FF324611496B
:102D0000606BF9F78AFF3246FF21606BF9F794FF99
:102D10003246FF21606BF9F7F5FE4846EEF788FC76
:102D2000014637463246606B16E00000C426480074
:102D3000EF81A70029D70108EF81A80009D7010872
:102D400008F7020844230308F69521002802002012
:102D500069D7010849D70108F9F7BEFE3A460021B4
:102D6000606BF9F7C5FEE64802F0C0FF4046EEF79B
:102D70005FFC0146E248FBF786FDE249E048FBF7CD
:102D80008DFDFF21DE48FBF791FDFF21DC48FBF7BD
:102D90001DFC4846EEF74CFC0146D948FBF7F8FB12
:102DA0000021D748FBF70AFC0021D548FBF729FC96
:102DB0000521D348FBF739FD0021D148FBF750FD31
:102DC0000022CF49A06BF5F791FF0022CC49E06BC0
:102DD000F5F78CFF206AFAF7DDFFA7225D2120645A
:102DE000F9F74AFD2C21206CF9F73AFF2921206CD4
:102DF000F9F7A2FC02221146206CFBF7BDF83B223A
:102E00000021206CFBF7EFF8206CF7F710F806466E
:102E1000206AEDF783F9324611466064F9F76EFDDA
:102E20000095D4E9101005231422F5F7C3FF002202
:102E3000AFF20411606CF9F760FE00231A46B24944
:102E4000606CF5F7BBFE206AEDF768F93246114673
:102E5000A064F9F753FD009553461122216CA06C34
:102E6000F5F7A8FF0022AFF23011A06CF9F745FE8C
:102E700000231A46A549A06CF5F7A0FEA7225D2104
:102E8000206CF9F7F9FC0022FF21206CF9F73AFEDB
:102E90004046EEF7CDFB01460022206CF9F71CFE00
:102EA00000221146206CF9F723FE00220221206C3B
:102EB000F9F743FE0022FF21206CF9F734FE40466B
:102EC000EEF7B6FB01460022206CF9F720FE002247
:102ED0000F21206CF9F72CFE00220A21206CF9F753
:102EE0007CFE00220A21206CF9F772FE00220A21E2
:102EF000206CF9F763FE00220A21206CF9F763FECB
:102F00000020EEF795FB01460022206CF9F779FED0
:102F100000227F49206CF9F780FE0022FF21206CFF
:102F2000F9F78AFE00221146206CF9F77BFE002299
:102F30000521206CF9F756FE00221146206CF9F7A6
:102F400056FE4046EEF774FB01463A46206CF9F710
:102F500058FE3A466B49206CF9F75FFE3A46FF216E
:102F6000206CF9F769FE3A46FF21206CF9F7CAFD9B
:102F70004846EEF75DFB01463A46206CF9F7ACFD9A
:102F80003A460021206CF9F7B3FD5D48083002F0A5
:102F9000ADFE4046EEF74CFB014659480830FBF7C2
:102FA00072FC574857490830FBF778FC5448FF211A
:102FB0000830FBF77BFC5248FF210830FBF706FB8B
:102FC0004846EEF735FB01464D480830FBF7E0FA7E
:102FD0004B4800210830FBF7F1FA4948002108303E
:102FE000FBF70FFB464805210830FBF71EFC444861
:102FF00000210830FBF734FC414900220831606CA5
:10300000F5F774FE3E4900220831A06CF5F76EFE1C
:10301000206AEDF783F8E064F3F7E0FF3DA1206557
:10302000F4F762FE0021206DF4F722FE00231A4619
:103030000921206DF5F7B0FEE66C2A4611463046B0
:10304000F9F7C1FD2A4611463046F9F7C1FD2A4677
:1030500011463046F9F7C1FD2A4611463046F9F7C8
:10306000ADFD42F26401206DF9F7FAFDE52254212D
:10307000E06CF9F701FC1D223C21E06CF9F73EFC05
:103080000022FF21E06CF9F73DFD4846EEF7D0FA4B
:1030900001460022E06CF9F71FFD00221146E06CAA
:1030A000F9F726FD00221146E06CF9F746FD0022F3
:1030B0000521E06CF9F796FD00221146E06CF9F766
:1030C00096FD4046EEF7B4FA01460022E06CF9F7AF
:1030D00098FD00220E49E06CF9F79FFD0022FF21C8
:1030E000E06CF9F7A9FD00220221E06CF9F784FDFC
:1030F000206AF9F72BFE2046BDE8F84FE8F7D6B96D
:103100003002002044230308A9D7010889D7010809
:1031100008F702082D3E000010B50446012020717A
:1031200084F824002046FFF7BBF92068BDE8104072
:10313000EFF72EB82DE9F84F04464F1091460D4693
:103140004FEA610AC80700D17F1E60008346F5F789
:10315000CBF806464B46002026E000BF03EB4400B8
:10316000009030F8021C6943601E15D4002200EB69
:103170000A0C26F81010A44501DA33F81C208A1A2C
:10318000C11B012901D5198803E003EB410131F886
:10319000021C401E1144E9D55A4631461846F5F73F
:1031A0003DF9009B08F101008046A042D6DB4FF4B8
:1031B0007F51B1FBF5F2002093B214FB04FC0CE04C
:1031C00039F8102042B18A4202D129F8103003E0C8
:1031D00092FBF5F229F81020401C8445F0D800201D
:1031E00039E000BF09EB4002934613886B4300218E
:1031F00023E0002B02DA4FF0000C01E04FEAA31CA1
:1032000026F811C0A1EB0A0CBCF1000F02DCB2F8E9
:1032100000C003E00CFB040839F818C0A3EB0C0C49
:10322000CB195B1CA34200DB631E03FB040802EB0B
:10323000440239F81830491C6344A142D9DB5A468C
:10324000002105E036F81130138002EB4402491CDE
:10325000A142F7DB401CA042C4DB3046BDE8F84F7A
:10326000F5F78EB82DE9F0470E468AB01F46804626
:10327000014615469146D41907A8ECF7C2FC05EBA8
:10328000D57007EB600145F30002891A891EADF87D
:103290002010012101EB6000ADF81E004046ECF764
:1032A0001EFDBDF82010081AADF81C004046ECF7D2
:1032B000F0FCBDF81E1000230844ADF822003A4689
:1032C00007A901A8F0F75EF94D46B9F1010F01D049
:1032D0004FEA69052046F5F707F88246B046002711
:1032E00034E021465046F5F799F901A80090DDF841
:1032F00004C023B23AB200215046E04740B19AF8E8
:103300000000800190FBF5F1A8F80010012018E002
:1033100061004046F5F754F915E000BF0AEB0002E2
:103320001AF8001012F8012C914204D108EB400168
:1033300031F8022C02E0890191FBF5F228F8102007
:10334000401CA042EADB08EB44087F1CA742C8DB14
:103350005046F5F715F801A8EFF78CFE012D14D0B3
:1033600020B2324629460746FFF7E4FE09F0010085
:10337000284401B2012926DD4FF47F5090FBF1F281
:10338000002093B204FB04F517E00020644304E03E
:1033900036F810108A093254401C8442F8DC0AB016
:1033A000BDE8F08736F8102032B1FF2A0ED0920126
:1033B00092FBF1F226F81020401C8542F2D83246EA
:1033C0003846FFF7B7FE0020644307E026F81030C8
:1033D000F2E700BF16F810103154401C8442F9DCAB
:1033E000DDE7F0B597B0074614460D4601A8F0F7A3
:1033F00099F9FF2211461046EEF784F90090BDF8C6
:1034000000000090BDF80000ADF8080000262A4634
:1034100001A93846F0F772F90FA8EFF7B7FB23467A
:103420002A460FA938460096EFF710F917B0F0BDFD
:1034300030B591B005464FF4E0216522F7F76AFCFC
:10344000040017D06846EBF73DFE0F480B94CDE91A
:10345000005001200E9400210890CDE909010B488D
:1034600007904FF6FF70ADF840006846EBF79EFE00
:1034700011B030BD04492846EBF7DCFD15F8540FB8
:1034800040F001002870F3E72D45000883F10008A3
:103490002DE9FC47FE4DFF4C95F82000C00703D0F6
:1034A000FD48EEF7A3F803E004211220F9F780FCB1
:1034B0000090BDF80000608095F82000C00704D09F
:1034C00005211220F9F774FC03E004211220F9F71A
:1034D00057FC0090BDF80000A08095F82000C007C0
:1034E00003D0EE48EEF782F801E0EEF74AFA0090DA
:1034F000BDF80000E08095F82000C00703D0E84840
:10350000EEF774F803E002211220F9F751FC009065
:10351000BDF800002081E068D03001F07DFAE0685D
:10352000D83001F079FA00264620CDE90006D848C7
:103530005023DC4ADC492838FBF7CCF9D448009604
:103540005023D84AD84914380196FBF7C3F9D0491B
:10355000E0682839D030FBF7B5F9CD49E068143977
:10356000D830FBF7AFF9E068083001F055FA95F86C
:103570002000C00704D002211220F9F701FC02E06C
:103580001220F9F72FFC0146E0680830FBF700F83D
:10359000E06847F6FF7A51460830FBF746F9072105
:1035A000E868EEF76CFC0146E0680830FBF76BF862
:1035B0000521E868EEF763FC0146E0680830FBF798
:1035C00085F9E06866210830FBF700F8B049E0684B
:1035D00014390830FBF776F9E068103001F01CFA76
:1035E000E068FF211030FAF7F1FFE06801F014FA0B
:1035F000FF21E068FAF7EAFF6088ADF80000009963
:10360000E068FAF7C5FFA088ADF800000099E0680F
:10361000FBF739F9607801287ED00228E8687CD071
:103620005FF00A01EEF72BFC0146E068FBF764F857
:103630006078012872D00228E86870D05FF00A0133
:10364000EEF71DFC0146E068FBF734F8E06818303F
:1036500001F0E2F960780128E8687DD05FF00801A8
:10366000EEF70DFC0146E0681830FBF7DEF8E06885
:10367000FF211830FAF7AAFFE088ADF80000E068F3
:1036800000991830FAF784FF2089ADF80000E0684F
:1036900000991830FAF79EFF0221E868EEF7EFFB79
:1036A0000146E0681830FAF7ACFFE06801211830F5
:1036B000FAF79FFFA088ADF80000E0680099183085
:1036C000FBF7E1F8607801287ED00228E8687CD01A
:1036D0005FF01001EEF7D3FB0146E0681830FAF70F
:1036E000D2FF6078012871D00228E8686FD00A21E3
:1036F000EEF7C5FB0146E0681830FAF7FDFF607889
:10370000012865D00228E8687ED00A21EEF7B7FBD1
:103710000146E068183003E083E085E086E088E059
:10372000FAF7C8FF1220F9F75DFB0146E068183090
:10373000FAF77BFF0121E868EEF7A1FB0146E0689C
:103740001830FAF77DFFE068A03001F065F9DFF886
:103750004081A8F1280800E06DE0E0684646D8F80E
:103760003810A030FAF778FF0321E868EEF787FBFE
:103770000146E068A030FAF782FF0321E868EEF71F
:103780007EFB0146E068A030FAF775FFE0687F2114
:10379000A030FAF76CFFE068A83001F03DF9708FB7
:1037A000ADF80000E0680099A830FAF755FF032152
:1037B000E868EEF764FB0146E068A830FAF75FFFBF
:1037C000E0687F21A83004E037E039E03AE03CE0EF
:1037D0003DE0FAF74CFFE068203001F01DF9607819
:1037E000012839D00228E86839D00821EEF747FBD4
:1037F0000146E0682030FBF718F8E068FF21203030
:10380000FAF7E4FE208900E024E0ADF80000E0686B
:1038100000992030FAF7BCFE95F82000C00720D0B0
:103820006FE00E21E868FDE60C21FBE60E21E8685A
:1038300006E70C2104E70C2112E71821E86849E7A4
:10384000142147E70E21E86852E70C2150E70E21CA
:10385000E8685BE70C2159E71021E868C6E70C210E
:10386000C4E71220F9F7BEFA0146E0682030FAF703
:10387000E0FF0020EEF710FC00EB40004FF4A079D1
:10388000A0265030484517DB0020EEF705FC0DE080
:1038900010170020780000201A171500302B280080
:1038A00037322F005FF10008C061020800EB4000D2
:1038B000503090FBF6F000E0012001B2E0682030CB
:1038C000FAF7CEFFE0687F212030FAF7C1FF002031
:1038D000EEF7E2FB502707EB8000484507DB0020AE
:1038E000EEF7DAFB07EB800090FBF6F000E001203A
:1038F00001B2E868EEF7C3FA0146E0682030FAF753
:10390000A3FFA088ADF80000E06800992030FAF726
:10391000BAFF607801287DD00228E8687BD01021AA
:10392000EEF7ADFA0146E0682030FAF7D2FE607893
:10393000012871D00228E8686FD00A21EEF79FFABB
:103940000146E0682030FAF7DFFE0521E868EEF76F
:1039500096FA0146E0682030FAF7ACFE0521E868E7
:10396000EEF78DFA0146E0682030FAF7C5FEFF4910
:10397000FD4808600831FE480860E068583001F0F2
:103980004BF8E068F9495830FAF743FEE068232124
:103990005830FAF742FEE068603001F03DF8F34934
:1039A000E06808316030FAF734FEE0687F2160306B
:1039B000FAF733FEE068C03001F02EF8E06801212C
:1039C000C030FAF722FEE0680121C030FAF711FE9C
:1039D000E068803001F020F8607801287ED002286D
:1039E000E8687CD05FF01001EEF749FA0146E06824
:1039F0008030FAF748FE6078012871D00228E86824
:103A00006FD01021EEF73BFA0146E0688030FAF7FC
:103A100073FE03E0ECE3ECE3ECE3ECE36078012815
:103A20007ED00228E8687CD05FF01001EEF727FA1C
:103A30000146E0688030FAF73DFEE068783000F03B
:103A4000EBFF607801286DD00228E8686BD00A216E
:103A5000EEF715FA0146E0687830FAF714FE607860
:103A600001287CD00228E8687AD00A21EEF707FA0C
:103A70000146E0687830FAF721FEE068883000F00F
:103A8000CBFF0A21E868EEF7FAF90146E0688830D2
:103A9000FAF732FE0A21E868EEF7F1F90146E0682C
:103AA0008830FAF707FEE068903000F0B5FF142187
:103AB000E868EEF7E4F90146E0689030FAF7F2FEC4
:103AC000E068983000F0A8FFE06802219830FAF72B
:103AD000D6FEE068683000F09FFF03E0FEE3FEE3FF
:103AE000FEE3FEE3E06800216830FAF7CCFDE06811
:103AF00000216830FAF700FEE06800216830FAF72C
:103B0000D9FDE068703000F087FF607801287CD034
:103B10000228E8687AD00221EEF7B1F9014603E005
:103B2000FEE3FEE3FEE3FEE3E0687030FAF7ABFD90
:103B3000607801286BD00228E86869D05FF0020144
:103B4000EEF79DF90146E0687030FAF7D5FD607830
:103B500001287DD00228E8687BD0022101E0E6E35D
:103B6000E6E3EEF78CF90146E0687030FAF7A2FD63
:103B7000E068283000F050FFE0684646D8F838107A
:103B80002830FAF705FDEDF7FCFE0146E068283025
:103B9000FAF779FEE068FF212830FAF717FDE068B0
:103BA000303000F039FFE068B16B3030FAF7F0FCEC
:103BB000E068B16B3030FAF766FEE06833213030F0
:103BC000FAF704FDE068383000F026FF708FADF89A
:103BD0000000E06800993830FAF7DAFCEDF7D1FE22
:103BE0000146E0683830FAF74EFEE068FF213830D1
:103BF000FAF7ECFCE068403000F00EFF708FADF893
:103C00000000E0680099403003E0FDE3FDE3FDE3E0
:103C1000FDE3FAF7BDFC708FADF80000E068009995
:103C20004030FAF730FEE06833214030FAF7CEFC3E
:103C3000E068483000F0F0FE2089ADF80000E06850
:103C400000994830FAF7A4FCE068FF21483001E011
:103C5000FDE3FEE3FAF7BAFCA088ADF80000E068E7
:103C600000994830FAF70FFEE068503000F0D4FEBB
:103C7000E088ADF80000E06800995030FAF788FC61
:103C8000E068FF215030FAF7A1FCA088ADF80000F1
:103C9000E06800995030FAF7F6FDE068B03000F0C7
:103CA000BBFEE06857465146B030FAF7BEFDE0680B
:103CB000B83000F0B1FEE0680021B830FAF7B5FD89
:103CC000E068C83000F0A8FE0321E868EEF7D7F8F6
:103CD0000146E068C830FAF7F1FD0321E868EEF725
:103CE000CEF80146E068C830FAF7E4FDE068F0304D
:103CF00000F092FEE068B16BF030FAF749FCE06842
:103D0000FF21F030FAF762FC0621E868EEF7B7F819
:103D10000146E068F030FAF7B6FCE0683946F0306A
:103D2000FAF783FDE068E03000F076FEE068C82135
:103D3000E030FAF716FCE068E83000F06DFEE0686D
:103D40007821E830FAF70DFCE06800F5807000F0AB
:103D500063FE2089ADF80000E068009900F58070EE
:103D6000FAF703FC0F2105E09B45000888000020BE
:103D700035D30008E868EEF782F80146E06800F500
:103D80008070FAF701FCE068012100F58070FAF715
:103D9000F7FBE06800F5847000F03EFEE068B16B70
:103DA00000F58470FAF7E1FBE06800F5987000F028
:103DB00033FEE0684FF4827100F59870FAF744FC26
:103DC000E06800F59C7000F027FE0321E868EEF73C
:103DD00056F80146E06800F59C70FAF754FC0221A1
:103DE000E868EEF74CF80146E06800F59C70FAF7D9
:103DF00008FCE068B16B00F59C70FAF7EBFBE0881B
:103E0000ADF80000E068009900F59C70FAF7C0FB7F
:103E1000E068FF2100F59C70FAF7D8FB6078012874
:103E2000E8687CD05FF00801EEF729F800EBD0706D
:103E30004110E06800F59C70FAF7F7FCE06800F5C7
:103E4000A07000F0E9FDE068FCA100F5A070FAF7B1
:103E5000B9FBEDF796FD0146E06800F5A070FAF7B2
:103E600012FDE068696900F5A070FAF717FDE068D7
:103E700000F5A47000F0D0FD0421E868EDF7FFFF25
:103E8000404201B2E06800F5A470FAF7FCFBEDF7E0
:103E900078FD0146E06800F5A470FAF779FBE06868
:103EA00000F5A87000F0B8FDE068012100F5A870E9
:103EB000FAF7C6FBA088ADF80000E068009900F5AD
:103EC000A870FAF7B2FBE06800F5947000F0A4FD6A
:103ED000E068002100F59470FAF78BFB0A21E8688E
:103EE000EDF7CDFF0146E06800F59470FAF7E2FBCC
:103EF0002089ADF80000E068009900F59470FAF7A9
:103F000094FBE06800F5887000F086FD0321E86806
:103F1000EDF7B5FF0146E06800F5887000E019E3B1
:103F2000FAF78EFB0321E868EDF7A9FF0146E06888
:103F300000F58870FAF779FC0821E868EDF79FFF33
:103F40000146E06800F58870FAF78EFC0221E86807
:103F5000EDF795FF0146E06800F58870FAF7AAFBD7
:103F6000E06800F58C7000F057FDE068394600F518
:103F70008C70FAF75AFC0821E868EDF780FF0146DB
:103F8000E06800F58C70FAF76FFCE068B16B00F543
:103F90008C70FAF7FDFAE068FF2100F58C70FAF7F3
:103FA00015FBE06800F5907000F036FD0121E8682F
:103FB000EDF765FF0146E06800F59070FAF740FB09
:103FC000A088ADF80000E068009900F59070FAF75D
:103FD0002CFB0221E868EDF752FF0146E06800F58E
:103FE0009070FAF750FB1220F8F7FCFE0146E068EB
:103FF00000F59070FAF747FCE06800F5D07000F02B
:104000000BFDE068002100F5D070FAF73CFBE0689A
:10401000002100F5D070FAF751FBE068002100F5AF
:10402000D070FAF702FCE068012100F5D070FAF7D1
:10403000ECFAE068002100F5D070FAF7DEFAE068EB
:1040400000F5EC7000F0E8FC60780128E8687CD0AE
:104050005FF00801EDF713FF0146E06800F5EC7032
:10406000FAF7E3FBE068012100F5EC70FAF7CDFA0E
:10407000E068FF2100F5EC70FAF7A8FAE088ADF8E7
:104080000000E068009900F5EC70FAF781FAA0886A
:10409000ADF80000E068009900F5EC70FAF7F3FB6A
:1040A000E06800F5D47000F0B7FC607801287DD09E
:1040B0000228E8687BD00A21EDF7E1FE0146E068BE
:1040C00000F5D470FAF705FB6078012870D002285B
:1040D000E8686ED05FF00A01EDF7D1FE0146E068B6
:1040E00000F5D470FAF710FB607801287ED0022822
:1040F000E8687CD05FF00A01EDF7C1FE0146E06898
:1041000000F5D470FAF7DAFA0121E868EDF7B7FEA6
:104110000146E06800F5D470FAF773FAE0681921F7
:1041200000F5D470FAF761FAA088ADF80000E068F5
:10413000009900F5D470FAF74DFAE068002100F517
:10414000D470FAF75AFAE06800E005E200F5D8709A
:1041500000F062FCE068002100F5D870FAF793FAED
:10416000E068002100F5D870FAF7A8FA0121E868A4
:10417000EDF785FE0146E06800F5D870FAF741FAE0
:10418000E068192100F5D870FAF72FFAA088ADF889
:104190000000E068009900F5D870FAF71BFAE068B3
:1041A000082100F5D870FAF728FA03E0D6E1D8E143
:1041B000D9E1DBE1E06800F5DC7000F02DFCE0689F
:1041C000002100F5DC70FAF75EFAE068002100F5E6
:1041D000DC70FAF773FAE06800F5E47000F01CFC9C
:1041E000607801287ED00228E86805E0C0E1C2E1DD
:1041F00074E177E178E17BE175D00A21EDF73FFECC
:104200000146E06800F5E470FAF763FA6078012887
:104210006AD00228E86868D05FF00201EDF72FFE4F
:104220000146E06800F5E470FAF76EFA607801285C
:104230007AD00228E86878D00A2101E0EF808C006B
:10424000EDF71DFE0146E06800F5E470FAF736FA76
:10425000E06800F5E87000F0DFFB6078012865D0C9
:104260000228E8687DD00221EDF709FE0146E068EA
:1042700000F5E870FAF72DFA6078012872D002286C
:10428000E86870D05FF00201EDF7F9FD0146E068E3
:1042900000F5E870FAF738FAE068002100F5E870F8
:1042A000FAF7D6FAE068002100F5E870FAF78EF91F
:1042B000A088ADF80000E068009900F5E870FAF712
:1042C000E2FAE06800F5E07000F0A6FBE06800218B
:1042D00000F5E070FAF7FDF9002107E00AE10DE1D1
:1042E0000EE111E149E14BE14CE14EE1E06800F5FE
:1042F000E070FAF7E3F9E06800F5F07000F08CFB8D
:10430000E068332100F5F070FAF760F91220F8F751
:1043100069FD0146E06800F5F070FAF739F908E048
:10432000F4E0F7E0F8E0FBE031E133E134E1F9E01B
:10433000FCE0E06800F5F47000F06EFBE06800213E
:1043400000F5F470FAF742F9607801287ED002286F
:10435000E8687DD05FF00201EDF791FD0146E0686D
:1043600002E01CE11DE11FE100F5F470FAF7CCF961
:10437000E06800F5B07000F04FFB0521E868EDF74C
:104380007EFD0146E06800F5B070FAF759F9A088A3
:10439000ADF80000E068009900F5B070FAF745F953
:1043A0001421E868EDF76BFD0146E06800F5B07098
:1043B000FAF75AFA0F21E868EDF761FD0146E06867
:1043C00000F5B070FAF790F9E06800F5B47000F00D
:1043D00023FBE068394600F5B470FAF726FAA088A6
:1043E000ADF80000E068009900F5B470FAF7D0F875
:1043F000E068FF2100F5B470FAF7E8F80F21E868EB
:10440000EDF73DFD014603E092E095E096E099E08E
:10441000E06800F5B470FAF727FAE06800F5AC70D0
:1044200000F0FAFA0121E868EDF729FD0146E0689D
:1044300000F5AC70FAF7E5F82089ADF80000E06807
:10444000009900F5AC70FAF7C5F803E0AEE07BE048
:10445000B0E07DE0E068032100F5AC70FAF7CDF83C
:10446000E06800F5B87000F0D7FAA088ADF8000059
:10447000E068009900F5B870FAF7ACF80221E86836
:10448000EDF7FDFC0146E06800F5B870FAF7B9F801
:104490000121E868EDF7F3FC404201B2E06800F565
:1044A000B870FAF721F9E068042100F5B870FAF75E
:1044B000A4F8E0684FF4C87100F5B870FAF751F845
:1044C000E06800F5BC7000F0A7FA95F82000C0077E
:1044D00072D002211220F8F753FC71E01821E8682D
:1044E000FFF71EBA1421FBE70E21E868FFF726BA92
:1044F0000C21FBE71821E868FFF776BA1421FBE7E7
:104500001821E868FFF77EBA1421FBE71821E86854
:10451000FFF78CBA1421FBE70E21E868FFF798BA81
:104520000C21FBE70E21E868FFF7A0BA0C21FBE79E
:104530000821E868FFF7F0BA0621FBE70821E868E0
:10454000FFF7FEBA0621FBE70821E868FFF706BB84
:104550000621FBE70C2167E40C217BE50E21E868CE
:10456000AAE50C21A8E50E21E868B5E50C21B3E524
:104570000E21E868C0E50C21BEE50E21E8683DE6A5
:104580000C213BE60821E86848E6062146E60E21B4
:10459000E86852E60C2150E60821E86864E6062146
:1045A00062E60821E8686FE606216DE60821E86802
:1045B000D2E601E00621CFE601211220F8F7F8FB50
:1045C0000146E06800F5BC70FAF75DF9E06800F5B7
:1045D000C07000F021FA607801287DD00228E868D8
:1045E0007BD00A21EDF74BFC0146E06800F5C07076
:1045F000FAF749F86078012870D00228E8686ED090
:104600005FF00A01EDF73BFC00EBD0704110E06871
:1046100000F5C070FAF752F8E06800F5C47000F0D9
:10462000FBF90121E868EDF72AFC0146E06800F596
:10463000C470F9F7E6FF2089ADF80000E068009942
:1046400000F5C470F9F7C6FFE088ADF80000E06837
:10465000009900F5C470F9F79BFFE068332100F57D
:10466000C470F9F7B3FFE06800F5C87000F0D4F942
:10467000607801287DD00228E8687BD05FF00A01CD
:10468000EDF7FDFB0146E06800F5C870FAF721F888
:10469000607801286FD00228E8686DD05FF00A01C9
:1046A000EDF7EDFB0146E06800F5C870FAF728F871
:1046B000607801287DD00228E8687BD05FF0020195
:1046C000EDF7DDFB0146E06800F5C870F9F7EEFF95
:1046D000607801286FD003E05BE160E161E163E1B4
:1046E0000228E86868D00A21EDF7C9FB0146E068B6
:1046F00000F5C870F9F7E2FFE06800F5CC7000F053
:104700008BF90A21E868EDF7BAFB0146E06800F58D
:10471000CC70F9F739FFE06800F5FC7000F07CF927
:104720000421E868EDF7ABFB0146E06800F5FC709A
:10473000F9F7A9FFE06800F5F87000F06DF9E0689E
:1047400042F2640100F5F870F9F782FFE06800F5C5
:10475000007000F061F91220F8F744FB0146E068B0
:1047600000F50070F9F714FFE0687F2100F5007094
:1047700003E01BE11EE11FE121E1F9F727FFE068FB
:1047800000F5027000F048F9E068002100F50270C1
:10479000FAF766F8607803287ED00128E8687CD0B4
:1047A0005FF00801EDF76BFB0146E06800F5027071
:1047B00003E006E108E109E10DE1FAF736F8E06807
:1047C00000F50E7000F028F9E068B16B00F50E708E
:1047D000F9F700FF0221E868EDF751FB400001B254
:1047E000E06800F50E70F9F70CFFE068012100F5B4
:1047F0000E70F9F702FFE06800F50C7000F00CF99C
:104800000221E868EDF73BFB404201B2E06800F5A9
:104810000C70F9F730FFE06800F5047000F0FCF868
:10482000607801287ED00228E8687CD05FF0100113
:10483000EDF725FB0146E06800F50470F9F749FF44
:10484000E068002100F50470F9F75EFFE0680021E0
:1048500000F50470F9F732FFE068012100F50470FB
:10486000F9F7D3FEE06800F5067000F0D5F80121F5
:10487000E868EDF704FB0146E06800F50670F9F71B
:10488000C0FE2089ADF80000E068009900F50670D0
:10489000F9F7A0FE012101E09FE0A6E0E06800F545
:1048A0000670F9F7AAFE6078012875D00228E8683A
:1048B00073D00A21EDF7E3FA0146E06800F50670CF
:1048C000F9F7E1FE6078012868D00228E86870D026
:1048D0005FF00A01EDF7D3FA0146E06800F50670D3
:1048E000F9F7E8FEE06800F5087000F095F86078E8
:1048F00001286ED00228E8686CD01021EDF7BFFACD
:104900000146E06800F50870F9F7D8FFE06800F5A7
:10491000107000F081F8E068FF2100F51070F9F7E1
:1049200055FE01E063E065E0EDF72BF80146E06835
:1049300000F51070F9F72CFE1220F8F753FA014633
:10494000E06800F51070F9F72EFEE068394600F5D2
:104950001070F9F76AFF0F21E868EDF790FA014649
:10496000E06800F51070F9F77BFFEDF70AF80146F3
:10497000E06800F51070F9F75CFF0521E868EDF7D5
:104980007EFA0146E068BDE8FC4700F51070F9F7D3
:1049900063BF0E21E86825E62EE030E031E00C210F
:1049A00020E60E21E8682DE60C212BE60E21E868B2
:1049B00066E629E00C2163E60E21E86870E60C212A
:1049C0006EE60821E8687BE6062179E60E21E868B4
:1049D0008AE61BE01DE00C2186E60821E868EDF779
:1049E0004EFA00EBD0704010DEE60C21DAE618211A
:1049F000E8681DE714211BE70E21E8685AE70C213F
:104A000058E70E21E86865E70C2163E71821E8689C
:104A100074E7142172E700000349097809B1F9F736
:104A20008CBDF9F780BC0000780000202DE9F35F11
:104A30000198F5F73DFAFE4C00287DD0FD4901981C
:104A4000F4F736FC00284BD00198F5F731FA05460B
:104A5000F949F4F72DFC00286FD12846F5F728FA1C
:104A6000F549F4F725FC30B1E16800228031019866
:104A7000F4F73CF9F9E30198F5F7DFF988B9019803
:104A8000F5F716FAED49F4F713FC50B1E16800228E
:104A900048310198F4F72AF9E16800227031019851
:104AA00044E20198F5F7C9F901280CD10198F5F70E
:104AB000FFF9E249F4F7FCFB28B10022E168019814
:104AC000F4F714F9D0E70198F5F7F2F9DC49F4F7B7
:104AD000EFFB0028C0D1E168002218310198C7E738
:104AE000D8490198F4F7E4FB002854D0E16800228B
:104AF00020310198F4F7FAF8E16800222831019892
:104B0000F4F7F4F8E1680022D0310198F4F7EEF8F8
:104B1000E168202258310198F4F7E8F8E168202292
:104B2000D8310198F4F7E2F8E1680422A031019845
:104B3000F4F7DCF8202201E0FEE39CE0E168019854
:104B4000C831F4F7D3F8E168012238310198F4F75D
:104B5000CDF8E168802260310198F4F7C7F8019838
:104B6000F5F7A6F9B849F4F7A3FB38B90198F5F7BA
:104B70009FF9B649F4F79CFB00287CD0E16800223D
:104B800001F5E8710198F4F7B1F8E168202201F528
:104B9000F071019884E7AE490198F4F789FB28B1D8
:104BA000E168002201F5A871019879E7A949019807
:104BB000F4F77EFB4FF4A02808F1010908F1040A7C
:104BC000002870D00198F5F773F9A349F4F770FB4A
:104BD00020B3E168002201F5FC710198F4F786F832
:104BE000E168002288310198F4F780F8E1684246D4
:104BF00020310198F4F77AF8E168984A5831019821
:104C0000F4F774F8954AE168603260310198F4F77E
:104C10006DF8E1684A4628310198FDE30198F5F7FF
:104C200047F98549F4F744FB30B3E168002250317D
:104C30000198F4F75BF8E1680422A0310198F4F7D9
:104C400055F8E168042201F50C710198F4F74EF86B
:104C5000E168824A58310198F4F748F8E1684D4616
:104C60004A4630310198F4F741F8E1682A4601F5E7
:104C70000E71019801E0F5E316E0F4F737F8E1680A
:104C800055465246A0310198F4F730F8734AE1686E
:104C9000183AA8310198F4F729F8E1682A4601F595
:104CA0000C710198FCE662E00198F5F701F964499E
:104CB000F4F7FEFA0028E16801984FF0000222D0D4
:104CC00001F5C071F4F712F8E1680422A0310198EF
:104CD000F4F70CF8E1680822A8310198F4F706F817
:104CE000E168424601F5C4710198F3F7FFFFE168FE
:104CF0005A4A58310198F3F7F9FF584AE16860328F
:104D00006031019825E01831F3F7F0FFE1680422E3
:104D1000A0310198F3F7EAFFE1680822A831019871
:104D2000F3F7E4FFE168424620310198F3F7DEFF34
:104D30004A4AE168603260310198F3F7D7FFE168D1
:104D4000464A58310198F3F7D1FFE1684A462831C5
:104D50000198F3F7CBFFE1685246A0310198F3F7D1
:104D6000C5FF3E4AE168183AA831019898E63C49E7
:104D70000198F4F79DFA4FF4003510B3E168002272
:104D800030310198F3F7B2FFE1680022B0310198A9
:104D9000F3F7ACFFE1680422A0310198F3F7A6FF16
:104DA000E1680822A8310198F3F7A0FFE1682A46DC
:104DB00028310198F3F79AFFE1682A46B03101984B
:104DC000B4E028490198F4F773FA4FF4403668B319
:104DD000E168002230310198F3F788FFE168002292
:104DE000B0310198F3F782FFE1680422A031019805
:104DF000F3F77CFFE1680822A8310198F3F776FF0A
:104E0000E1682A4628310198F3F770FFE1682A46E5
:104E1000B0310198F3F76AFFE1683246F03101984A
:104E2000F3F764FF104DE1682A461FE027E0000019
:104E3000780000205C6002080C68020860680208C4
:104E4000D8610208A4A00208486702082C6702087B
:104E500068A10208C0A002088067020820000500BF
:104E600088A00208BCA1020820000300C8310198F4
:104E7000F3F73CFFE1683246D0310198F5E0FB4999
:104E80000198F4F715FAE8B3E168002218310198A7
:104E9000F3F72CFFE168002268310198F3F726FF51
:104EA000E1680022B8310198F3F720FFE16804229D
:104EB000A0310198F3F71AFFE1680822A8310198A0
:104EC000F3F714FFE1684FF4803208310198F3F7EB
:104ED0000DFFE168E64A10310198F3F707FFE1683A
:104EE0004546424650310198F3F700FFE1682A46F3
:104EF00001F5AC710198F3F7F9FEE1682A468031BB
:104F0000019800E013E0F3F7F1FEE168D94A583167
:104F10000198F3F7EBFEE168524628310198F3F768
:104F2000E5FED44AE168183A3831019828E2D249BE
:104F30000198F4F7BDF9D14FDFF840B37F3FE8B3F4
:104F4000E168002288310198F3F7D0FEE16804227D
:104F5000A0310198F3F7CAFEE1685A466031019822
:104F6000F3F7C4FEE1682A4601F59C710198F3F756
:104F7000BDFEE1683A4628310198F3F7B7FEE168D3
:104F80003A4601F5A0710198F3F7B0FEBB4EE16817
:104F9000603E324658310198F3F7A8FEE168324688
:104FA000C8310198F3F7A2FEE1683246D831019882
:104FB000F3F79CFEE1682A46D03100E001E0019859
:104FC000E8E3AF490198F4F773F9E8B3E168002228
:104FD00048310198F3F78AFEE1680022B031019868
:104FE000F3F784FEE1680022E8310198F3F77EFED2
:104FF000E168802260310198F3F778FEE1680422CD
:10500000A0310198F3F772FEE1683A462831019821
:10501000F3F76CFEE1682A46B0310198F3F766FEBB
:10502000E1685A4660310198F3F760FEE168324664
:10503000F0310198F3F75AFEE16832465031019899
:10504000F3F754FE324600E016E0E168019801F5FE
:10505000A471F3F74BFEE1688A4A60310198F3F7D7
:1050600045FEE1683A46D8310198F3F73FFEE16822
:105070002A46D83101988DE383490198F4F718F94D
:105080004FF4E02BD8B3E168002218310198F3F710
:105090002DFEE168002278310198F3F727FEE168E0
:1050A000002201F594710198F3F720FEE1684FF4B6
:1050B000803208310198F3F719FEE1686C4A10312B
:1050C0000198F3F713FEE168424601F588710198F3
:1050D000F3F70CFEE1682A4601F58C710198F3F7AD
:1050E00005FEE1684FF4C02201F590710198F3F7D5
:1050F000FDFDE1685A4601F5887101984AE3FFE732
:1051000062490198F4F7D4F84FF4802728B3E16896
:10511000002218310198F3F7E9FDE1680022E0313F
:105120000198F3F7E3FDE168002290310198F3F76D
:10513000DDFDE168002298310198F3F7D7FDE168C1
:105140000422A0310198F3F7D1FDE1680822A831CB
:105150000198F3F7CBFD3A461CE24D490198F4F76C
:10516000A7F840B3E168002218310198F3F7BEFDBB
:10517000E168002278310198F3F7B8FDE168002278
:10518000D0310198F3F7B2FDE1682022D8310198BF
:10519000F3F7ACFDE168202258310198F3F7A6FD42
:1051A000E1680422A0310198F3F7A0FDE16808222C
:1051B000A831019859E737490198F4F779F8A0B375
:1051C000E168002218310198F3F790FDE1680022B0
:1051D000C0310198F3F78AFDE1680022903101980F
:1051E000F3F784FDE168002201F598710198F3F767
:1051F0007DFDE1684FF4803208310198F3F776FDC8
:10520000E1681B4A10310198F3F770FDE1683A46F6
:1052100050310198F3F76AFDE1681F4A283101987F
:10522000F3F764FD1C4A1F3269E1FFE71B4901984F
:10523000F4F73EF8A0B3E168002201F5807101980F
:10524000F3F754FDE1682A4601F580710198F3F700
:105250004DFDE1682A4601F584710198F3F746FD9A
:10526000E1683246F031019894E246E2F4A1020886
:105270004000010020000500DCA0020880000200C0
:10528000D8A10208800003002C62020884A1020851
:10529000F8A0020814A10208010004006CA0020892
:1052A000FFE7F9490198F4F703F898B1E1680022A3
:1052B00001F580710198F3F719FDE1682A4601F5BF
:1052C00080710198F3F712FDE1682A4601F58471B7
:1052D00001985FE2ED490198F3F7EAFF88B1E168D0
:1052E000002218310198F3F701FDE1680022B03186
:1052F0000198F3F7FBFCE1682A4601F5B4710198C7
:1053000048E2E3490198F3F7D3FFD0B3E168002204
:1053100018310198F3F7EAFCE1680022783101982E
:10532000F3F7E4FCE168802260310198F3F7DEFCDA
:10533000E1680422A03100E0A1E10198F3F7D6FC76
:10534000E1680822A8310198F3F7D0FCE1684FF436
:10535000803208310198F3F7C9FCE168CD4A103179
:105360000198F3F7C3FCE168CB4A01F5B8710198E5
:10537000F3F7BCFCE1684FF4002201F5BC71019821
:1053800008E2FFE7C5490198F3F792FF20B1E16811
:10539000002218310198C4E1C1490198F3F788FF50
:1053A00028B1E168002201F5C8710198F2E1BD4918
:1053B0000198F3F77DFF0028F3D1BB490198F3F77B
:1053C00077FF50B30022E1680198F3F78FFC607813
:1053D000E168012847D0703100220198F3F786FC7C
:1053E000E1680422A0310198F3F780FCE16808220B
:1053F000A8310198F3F77AFCE1684546424620312E
:105400000198F3F773FCE168A84A60310198F3F75B
:105410006DFC2A46E16801E016E026E05031019873
:10542000F3F764FCE1682A4601F502710198F3F78D
:105430005DFC9E4AE168603A58310198F3F756FCEA
:10544000E1684A4648310198F3F750FCE16852465A
:1054500030310198F3F74AFC944AE168783A4031D8
:10546000019897E19BE17831B6E791490198F3F70C
:105470001FFF60B1E168002218310198F3F736FC94
:10548000E168002201F504710198FFF7F1BA89493A
:105490000198F3F70DFF58B1E168002248310198F7
:1054A000F3F724FCE168002201F50871019871E12D
:1054B00081490198F3F7FCFE28B3E16800225031DE
:1054C0000198F3F713FCE168002201F506710198D9
:1054D000F3F70CFCE168042228310198F3F706FC8D
:1054E000E168042201F508710198F3F7FFFBE16818
:1054F000202201F508710198F3F7F8FB2022E168FA
:105500000198583146E16D490198F3F7D1FE58B141
:10551000E168002218310198F3F7E8FBE168002206
:1055200001F5D071019835E165490198F3F7C0FEA6
:1055300028B1E168002201F5D8710198A5E7614919
:105540000198F3F7B5FE28B1E168002201F5DC719E
:1055500001989AE75C490198F3F7AAFEF0B1E16877
:10556000002201F5D4710198F3F7C0FBE168202215
:1055700001F5F0710198F3F7B9FBE16821223031B0
:105580000198F3F7B3FBE168012230310198F3F79A
:10559000ADFB0422E16801982831FBE04B490198FA
:1055A000F3F786FE20B94A490198F3F781FE28B146
:1055B000E168002201F5E4710198EBE045490198AA
:1055C000F3F776FE28B1E168002201F5E071019859
:1055D0005BE741490198F3F76BFE28B1E1680022CF
:1055E00001F5EC710198D5E03C490198F3F760FEB4
:1055F00028B1E168002201F5F4710198CAE0384948
:105600000198F3F755FE58B1E1680022183101986E
:10561000F3F76CFBE168002201F5F8710198B9E03D
:1056200030490198F3F744FE28B1E168002201F502
:1056300000710198AEE02C490198F3F739FEC8B12A
:10564000E168002218310198F3F750FBE16800226D
:1056500078310198F3F74AFBE1680422A031019800
:10566000F3F744FBE1680822A8310198F3F73EFB09
:105670005A468FE71D490198F3F71AFE18B1002228
:10568000E168019801E733E0F06702086467020807
:1056900010A202084000010002000700D8610208C1
:1056A000F4610208106202086462020880000500CA
:1056B000146602084C660208306602086866020832
:1056C000F466020810670208A0660208486702082C
:1056D0002C67020884660208BC660208D8660208C5
:1056E00080670208B8670208D467020828680208C1
:1056F0002C490198F3F7DCFD58B1E1684FF4803292
:1057000008310198F3F7F2FAE168274A103101985D
:1057100040E026490198F3F7CBFD48B10022E1684B
:105720000198F3F7E3FAE16800226831019831E06B
:105730001F490198F3F7BCFD20B1E1680022C03198
:10574000019827E01B490198F3F7B2FDB8B1E16871
:10575000002201F5CC710198F3F7C8FAE168002244
:1057600080310198F3F7C2FAE1683246503101986E
:10577000F3F7BCFAE1683246803101980AE00E493D
:105780000198F3F795FD002809D0E16801980022FF
:1057900001F5107102B0BDE8F05FF3F7A7BABDE8FC
:1057A000FC9F000044680208400001000C680208E9
:1057B0006068020848620208F86502082DE9F84F9F
:1057C0000546EFF703FD04462846EFF73DFD054685
:1057D0000A2C4DD1F1F7D4F810B10079012847D047
:1057E0002846F4F7D1FA06462846F4F7B3FA0446F9
:1057F00069462846F4F7C2FBBDF9002006EBD670D7
:1058000002EB600090FBF6F07043BDF9021007B2A6
:1058100004EBD47001EB600090FBF4F060430F26C2
:105820000FFA80F800241AE021462846F4F72EFAF1
:105830008146F5F748FC82464846F5F760FC01468C
:10584000BA450BD1414509D1C5F8249099F8246097
:1058500000221C212846EFF7FBFC05E0641C2846CB
:10586000F4F726FAA042DFD831462846F7F70FF8BA
:10587000BDE8F88FC143491C0840B0FA80F0C0F180
:105880001F00704718B1B0FA80F0C0F12000401E30
:1058900070470000FEB5066804460025708C04229F
:1058A000C0F305100CE000BFF36802EBC507DB593D
:1058B0009F0104D5A76823F07F43BB4203D06D1C32
:1058C000A842F1D8FEBDA388442B5DD00EDC332B5B
:1058D0004DD006DC202B57D0222B55D0302B13D1A6
:1058E00052E0342B43D0362B0ED14DE0622B41D009
:1058F00006DC472B48D0552B46D0572B04D136E039
:10590000672B34D0682B32D069B3FF292DD0D4E96E
:105910000302121A4A4300EB22200090F06801278C
:1059200001AA50F835001946F8F758FC60B1DDE9D6
:105930000010814208D1BDF80020BDF804309A4221
:1059400002D1814200D10027F068A188009A50F866
:105950003500F8F7E5FE002FB4D0A288A1682068D2
:10596000F6F7BEFBFEBDE068D7E72069D5E7FF2963
:10597000FBDAF8E7E0680028F7D02269002ACCD0EB
:105980008029CADB0092C9E7002901DCA08920E058
:10599000FF2901DB208A1CE0C8B2228AB4F80CC0BF
:1059A000001DC7080C491FFA8CF092B240EA004073
:1059B00042EA024208400A40121A7A4300EB5210AF
:1059C000084040EA1040ADF8080080B20290BDF8EF
:1059D0000800ADF80000A1E71FF8E0072DE9F0414D
:1059E00004682648A6882568DBF7F7FF10E0A14287
:1059F0000BD008682268904207D18868A26890425C
:105A000003D18888A288904236D01C48DBF7F7FF84
:105A10000100ECD1698C00270420C1F3051129E0B5
:105A2000EA6800EBC703D258930122D5A36822F09D
:105A30007F429A421DD121461048DCF769F8204682
:105A4000F2F7B0FCE868314600EBC7042068F8F7CD
:105A500015FDE86850F83700F8F768FC00280BD00F
:105A60006068216820F07F422846BDE8F041F6F7E3
:105A70000EBC7F1CB942D3D8BDE8F0818817002046
:105A800070B50468A068A28800F47F0631462068DB
:105A9000F5F740F9E060A5880020A08023462A465B
:105AA0003146206800F00CF8A580A1682068E7F76F
:105AB000EBFBA1880068E268BDE87040F8F730BEF3
:105AC0002DE9FF5F07469A460E4600252548DBF77D
:105AD0009DFF04464FF470284FF004093CE0544504
:105AE0003CD021461F48DBF78EFF83462068B84232
:105AF00031D1A068B04201D046452CD1A18802988E
:105B0000814203D0A0F57F41FF3924D1002511E067
:105B1000F86809EBC50141588A010AD5464503D00A
:105B200021F07F41B14204D150F83500A188F8F747
:105B3000A5FC6D1C788CC0F30510A842E8D80021A4
:105B40002046E9F777FA21460648DBF7E1FF2046D1
:105B5000F2F728FC01255C46002CC0D104B0284691
:105B6000BDE8F09F881700202DE9F84F92468B463C
:105B7000044600216E22F5F7CDF806B2204600213A
:105B80006D22F5F7C7F805B216B9B5F5807F62D07A
:105B9000204600216F22F5F7BDF8ADF80000204641
:105BA00000217022F5F7B6F8ADF80200BDF900004B
:105BB0006427C0F341314FF4FA684FF47A79012930
:105BC00015D120F4C040404511DC04F11400EAF77F
:105BD00080F80146BDF9000020F4C040484501DDD1
:105BE000C0F57A70414391FBF7F0ADF80000BDF9C4
:105BF0000200C0F34131012911D120F4C0404045D9
:105C00000DDC618BE28A891A491C09B2484501DD25
:105C1000C0F57A70414391FBF7F0ADF80200A08A1D
:105C2000BDF80010BAF1000F0844ADF80000E08A9A
:105C3000BDF802100844ADF8020006D0704206B26A
:105C40004FF4803090FBF5F005B26B462A463146A2
:105C50005846F7F7DFF8BDE8F88FF0B5D0E906460B
:105C6000059D4FF480772EB9BC4203D1080218601D
:105C7000100239E0B0F928C0A1EB0C01B0F92AC03C
:105C8000A2EB0C029EB1BC421AD1446906694C4396
:105C900006FB1244066A06EBA4041C6003694B432E
:105CA0004169406A01FB023100EBA1001CE0066A79
:105CB00001FB04611960416A806902FB001013E076
:105CC000466907694E4307FB12666643046A04EBA4
:105CD000A6241C6003694B43416901FB02318269C0
:105CE000406A514300EBA1202860F0BDC179012931
:105CF00001D9F8F722BCF8F716BB2DE9F84F1D467D
:105D0000DDE90E8416460F468346DDF834A0DDF843
:105D10002890ECF7BBF9ECF701FA14EA080F01D070
:105D2000F3F77EFB16B15846494688470094DDE9F3
:105D30000B1253463868F7F7BDFB2C70BDE8F88F9F
:105D400000880988401A70472DE9F04186B0064660
:105D5000F0F716FE050072D03046EFF775FA0446EC
:105D600090F8540080076AD52846F0F74AFE0228CA
:105D700065D02846F0F745FE042860D06946606A81
:105D8000F4F71CF803A92846F0F710FE04A92846EA
:105D9000F0F73CFEBDF90C10002950DBBDF90E00F8
:105DA00000284CDBBDF80020891AADF80810BDF8BA
:105DB0000210401AADF80A003046EFF707FA06461F
:105DC000606AF5F77AF90146606ABDF90820002794
:105DD0000546002A01DA01200EE08A4202DB47F67E
:105DE000FF77F8E702A9F1F7ABF987B202A9606A79
:105DF000F1F7CAFB80F0010094F860104FF6FF78CD
:105E00008A0723D550EAC1724FF4407001D1012EA8
:105E100008D0C9071ED0022E12D0032E12D0082E91
:105E200010D019E0C4E9167894F8601041F001022E
:105E3000014684F860202046F3F70EFB06E03FE0C1
:105E4000E76503E001462046F2F704FF94F860009E
:105E5000C00701D1012E33D139462046F9F772FB34
:105E600094F86000C0072BD0D4E91610814208D9FD
:105E7000EA6B824202D12A6C8A4218D0E863A06D94
:105E800011E008D2EA6B8A4202D12A6C82420ED01B
:105E9000E963E06D07E0E96B4046814202D1296C7D
:105EA000814204D0E86328642046F5F73DFC032EC8
:105EB00001D0082E04D114F8600F20F001002070EA
:105EC00006B0BDE8F081000070B5EFF7BDF90546FA
:105ED000F3F7EEFFEAF722FE044601212846F3F726
:105EE000D5FE054694F902000549228801EB8000A1
:105EF00004A150F8043C2846BDE87040F1F72BBFE0
:105F0000B4000020256420257300000070B5EFF771
:105F10009BF90546F3F7CCFFEAF700FE04460021A3
:105F20002846F3F7B3FE02462088A0F2E77040420D
:105F300081B21046EFF717F901212846F3F7A6FEC4
:105F4000024694F90200BDE87040401E81B210463E
:105F5000EFF709B9F8B50446B0F92E0010F5004F77
:105F600059D0B4F92C30658D99B2A94202D201F50D
:105F7000B4710BB294F83410C1F34101D1B30129CB
:105F80000DD0022947D10095B4F93220B4F9301070
:105F9000F2F75EF905B22046A28DA9B237E0E91802
:105FA00001EBD171B4F93070B4F9322041F34F06EE
:105FB000B91801EBD17141F34F0188420CDA0A465E
:105FC0002B4639460096F2F743F905B2A9B22046AE
:105FD000E9F7A6FDB1B209E000933346F2F738F9CC
:105FE00005B2B1B22046E9F79BFDA9B22046E9F718
:105FF0005BFD0EE0FFE70093B4F93220B4F93010F6
:106000002B46F2F725F905B2AAB22046618DE9F7D1
:10601000C7FCA4F84050F8BD70B50546EFF714F979
:1060200004462846EFF712F905462046EEF79CFE97
:1060300004462846EAF772FD0068A4F2E77461425C
:1060400040F307422846BDE8704089B2EAF768BDD0
:106050004FF04070E1EE100A7047000000000000B1
:1060600005950108E995010800000000259901083F
:10607000820082004A020000000001E001E000000E
:1060800000FF0055AAFF0011223344556677889916
:10609000AABBCCDDEEFF00010203040506070809D8
:1060A0000A0B0C0D0E0F10111213141516171819D8
:1060B0001A1B1C1D1E1F20212223242526272829C8
:1060C0002A2B2C2D2E2F30313233343536373839B8
:1060D0003A3B3C3D3E3F40414243444546474849A8
:1060E0004A4B4C4D4E4F5051525354555657585998
:1060F0005A5B5C5D5E5F6061626364656667686988
:106100006A6B6C6D6E6F7071727374757677787977
:106110007A7B7C7D7E7F8081828384858687888967
:106120008A8B8C8D8E8F9091929394959697989957
:106130009A9B9C9D9E9FA0A1A2A3A4A5A6A7A8A947
:10614000AAABACADAEAFB0B1B2B3B4B5B6B7B8B937
:10615000BABBBCBDBEBFC0C1C2C3C4C5C6C7C8C927
:10616000CACBCCCDCECFD0D1D2D3D4D5D6D7D8D917
:10617000DADBDCDDDEDFE0E1E2E3E4E5E6E7E8E907
:10618000EAEBECEDEEEFF0F1F2F3F4F5F6F7F8F9F7
:10619000FAFBFCFDFEFF8080808181828283848502
:1061A0008687898A8C8D8F91939597999B9EA0A2C3
:1061B000A5A7AAADAFB2B500FF1FFF1F01E001E028
:1061C0002100200069006A006C006B006D006E0009
:1061D00063006200000000005C600208210A010800
:1061E000000000000000000000000000C300C30029
:1061F000041C00005C600208310A02080000000074
:10620000000000000000000064202B0000000000DF
:106210005C6002080D0B0208000000000000000096
:10622000000000006420D127000000005C6002082C
:10623000670C0108C10C010800000000250D0108D1
:1062400064200401C00800005C600208AD19010868
:106250000000000000000000F91901080401040119
:1062600001040000C0A00208996C010800000000B1
:106270000000000000000000642032200104000043
:1062800038CC03088CCC0308A4CC030864CC0308E6
:1062900090CC030898CC0308ACCC03089CCC030832
:1062A00070CC030884CC030888CC0308C0CC030856
:1062B00030CC03084CCC030854CC030894CC03081E
:1062C00060CC030868CC03086CCC030844C90308FD
:1062D00074CC030878CC03084CC90308C8CC030865
:1062E00030CC030850CC030840CC0308B0CC0308E2
:1062F000A8CC03085CCC0308A0CC030858CC030846
:1063000080CC03087CCC030844CC03083CCC0308B5
:1063100048CC030830CC0308C4CC0308B8CC03082D
:1063200034CC0308BCCC0308B4CC0308CCCC0308A1
:1063300025030404040404040404040404040404FD
:1063400004040404040407012603030403040304EF
:106350000304030403040304030403040701010505
:106360000105010401040104010401040104010404
:1063700001050105010522030201060002012203B5
:1063800038CC030810CD030828CD0308E0CC03085F
:1063900014CD03081CCD030830CD030820CD03081D
:1063A000F0CC030808CD03080CCD0308C0CC0308CB
:1063B00030CC030838CD0308D0CC030818CD03082F
:1063C000DCCC0308E4CC0308E8CC0308ECCC0308DD
:1063D000F4CC0308F8CC0308FCCC0308C8CC0308B1
:1063E00030CC030850CC030840CC030834CD03085C
:1063F0002CCD0308D8CC030824CD0308D4CC030843
:1064000004CD030800CD030844CC03083CCC0308AA
:1064100048CC030830CC0308C4CC0308B8CC03082C
:1064200034CC0308BCCC0308B4CC0308CCCC0308A0
:1064300025030404040404040404040404040404FC
:1064400004040404040407012603030403040304EE
:106450000304030403040304030403040701010504
:106460000105010401040104010401040104010403
:1064700001050105010522030201060002012203B4
:1064800070CD030874CD030878CD03087CCD0308D4
:1064900080CD030884CD030888CD03088CCD030884
:1064A00090CD03086CCD0308C0CC030830CC0308A2
:1064B00038CD030864CD030850CD030868CD030828
:1064C00060CD03089CCD03084CCD03083CCD0308E8
:1064D000A4CD030844CD030898CD0308A0CD03083C
:1064E00030CC0308B0CD0308A8CD030848CD03087D
:1064F00058CD03085CCD0308B8CD0308BCCD030814
:10650000ACCD0308B4CD030894CD030840CD0308F7
:1065100054CD030830CC0308C4CC0308B8CC03081E
:1065200034CC0308BCCC0308B4CC0308CCCC03089F
:106530000104010401040104010401040104010433
:106540000104010402012203010401040104010405
:106550000104010401040104010401040104010413
:106560000104010401040104010401040104010403
:1065700001040104010422030201060002012203B6
:1065800070CD030874CD030878CD0308C4CC03088C
:1065900030CC03087CCD030880CD030884CD0308EC
:1065A000B4CC030830CC030888CD03088CCD030895
:1065B00090CD0308C0CC030830CC0308C0CD03083D
:1065C0006CCD030844CC0308B8CC0308BCCC03084A
:1065D000CCCC0308010001000100220301000100EE
:1065E000010022030100010001000200010001007E
:1065F00001000100010000005C600208217E01082A
:106600000000000000000000557E01081A001A007A
:10661000800200005C600208000000000000000032
:106620000000000000000000C300040100000000A2
:10663000A4A002080000000000000000000000000C
:106640000000000000000000000000004CA1020853
:10665000000000000000000000000000000000003A
:1066600000000000000000005C6002083D87010897
:10667000A18801080000000000000000C300040120
:10668000400600005C600208A9880108DD88010856
:1066900000000000000000006420D12780020000FC
:1066A0005C6002087D880108000000000000000016
:1066B000000000006420D127000000005C60020898
:1066C00065890108000000000000000000000000D3
:1066D0006420D127000000005C6002080000000078
:1066E000000000000000000000000000D127D127BA
:1066F000000000005C6002080000000000000000D4
:106700000000000000000000000000000000000089
:106710005C600208000000000000000000000000B3
:106720000000000000000000000000005C600208A3
:106730000000000000000000000000000000000059
:1067400000000000000000005C6002080000000083
:106750000000000000000000000000000000000039
:10676000000000005C600208B38A0108CF8A0108BB
:1067700000000000E98A010800000000C0030000DA
:106780005C60020800000000000000000000000043
:10679000000000000401D127800300005C600208B3
:1067A00000000000000000000000000000000000E9
:1067B0006420D127400200005C6002080000000055
:1067C00000000000000000000000000064206420C1
:1067D0004002000010A2020845DD01080000000090
:1067E00000000000E1DD01088200000081070000D8
:1067F0006CA0020861E10108000000000000000038
:106800000000000000000000000000005C600208C2
:1068100005ED010845EE010800000000A1EE0108A9
:1068200064206420000300005C600208B9F80108DD
:106830000000000000000000000000000000000058
:10684000800200005C600208F5F80108000000000A
:1068500000000000000000000000000080020000B6
:106860005C600208650202080000000000000000F1
:106870000000000064206420400200000EA0D90D3A
:1068800090C80C80B70A60110B80D91F0991F0885D
:106890001F0880F088000000000D203C00000F0061
:1068A00069002FFFFFFFF7015C11A610006900C30C
:1068B00000008800D2009FFFFFFFF012C523E220F6
:1068C00000D203C00000F004B0000000700000001F
:1068D0000E00000000E0000019EFEA300CD6E6A739
:1068E00002F40E00001F80E000006FEF5000001661
:1068F000FFE500000E0AF00100E05F13F85E6EB0E5
:1069000005CFFE9100000E0000000070000008DDC1
:106910003000A7004B02D004C0007700D01D20003B
:106920004B03D0A7000007DC34C4CC3000001D2D81
:1069300022D00000A63B00B30005C03A00A3001D12
:10694000200D00D000A60004CC40004DFC3000001B
:10695000F718C00001F205D00000BB6E4000005FD8
:10696000F3000007E6DB03802F301DBAA05F0001B3
:10697000DF401FB448FEC003BFFC40B2000000006F
:10698000001F01F01F00F0000003F10B900F404FBB
:10699000007D009B00AA00AA009B007D004F000F15
:1069A000400B9003F15E000E6008C004F001F3009C
:1069B000F500E600E600F501F304F008C00E605EA5
:1069C0000000930088A6C209FE404DDDB1429350FD
:1069D000005200000450000008A0000008A0001FA2
:1069E000FFFFF30339B3300008A0000008A0000146
:1069F00003F61E60E12C00000003FFF903331000D2
:106A000003F52E4000000E400004E000009A000054
:106A10000E400004F000009A00000E400003F00059
:106A2000009A00000E500003F000009A00000E5083
:106A30000003F00000004CFE70004FB68F900DB0C8
:106A4000005F32F40000E74F20000CA4F20000CAFF
:106A50002F40000E70DB0005F204FB68F90004CF44
:106A6000E700EFFB44CB00AB00AB00AB00AB00ABEF
:106A700000AB00AB00AB07DFEA108E857EC00100E3
:106A800006F1000006F000000D900000CC00001C94
:106A9000C00001DB00001DE544427FFFFFF97FFFDE
:106AA000FFF024445F900000BC000009E100003FBB
:106AB000D81000046DD0000002F4100002F4BD757F
:106AC0007DD019DFEA1000000DA0000000AC00002E
:106AD0000007E10000004F40100002F600F5001D25
:106AE000A000F5007FFFFFFFF3133333F730000002
:106AF00000F500000000F50009FFFFF00AB4444073
:106B00000C8000000E7000000FFFFC4003345CF2AC
:106B1000000000F7100000F78E856CF108DFFB30F5
:106B2000002AEFD5003FD657400CC0000002F40009
:106B300000004F5BFFA104FE845DD03F80003F302A
:106B4000E80003F206F845DC0005DFE9109FFFFFCF
:106B5000FD9D4444E99C0004F200000BB000002FAE
:106B6000400000AD000001F6000008E000000E80CB
:106B700000006F1000019EFE9100BE636EC00F60AA
:106B8000006F00CC202BC002EFFFE200DC424CD0B3
:106B90005F20001F55F20002F50ED535DE001AEF1A
:106BA000EA1003BFEA202FA44BE18E0000E99D000C
:106BB00000DD4F7129FF07FFFC9E000210AC0000B2
:106BC00002F607658FB00AEFD7002E53F5000000DC
:106BD0000000003F52E42E53F50000000000002E9C
:106BE00052F60D21D001000000003100006CF201CE
:106BF0008ED6000FC300000AFB40000017EE7000A5
:106C00000005C3000000001FFFFFF3033333300013
:106C1000000000000000001FFFFFF30333333004C7
:106C20000000000ED71000005CF92000002AF200DE
:106C300003AFB106DE82001C600000000000000708
:106C4000DFEA109E746EC0010006F0000009C0006B
:106C5000008E200006F20000087000000000000016
:106C60000B8000000C900000006CEFDA4000003D4B
:106C7000A41016D90001E509EE98CA900A80BD4318
:106C8000AFC0D30F13F2000CC0693C06D00007C0A0
:106C90003B4B06D00007C02C3C03F2000CC04A0F4F
:106CA00010BD439EE3C50A8009EE91CF9001E50037
:106CB00000000000003DA41028000000007CEFD977
:106CC000100000000CF1000000003FD700000000A1
:106CD000B96E00000002F20E50000009A007D000BB
:106CE000001F3000F400007FFFFFFB0000E733339C
:106CF0004F2005F000000C900C90000006F18FFF73
:106D0000FEC408E3334BF28E00001F58E00018F178
:106D10008FFFFFF808E33337F68E000009C8E00064
:106D2000009D8E33347F78FFFFFD700007CFFB405E
:106D300000CF966AF50AE20000301F600000004FA5
:106D4000200000004F200000001F600000000AE249
:106D500000003001CF966AF50007DFFB408FFFFE91
:106D6000A4008E4446CF708E000007F38E00000012
:106D7000DA8E0000009D8E0000009D8E000000DA7B
:106D80008E000007F38E4446BF708FFFFEA4008F75
:106D9000FFFFF68E4444418E0000008E0000008FFD
:106DA000FFFFC08E3333208E0000008E0000008E67
:106DB0004444428FFFFFF98FFFFFF68E4444418E1B
:106DC0000000008E0000008E0000008FFFFFC08ECC
:106DD0003333208E0000008E0000008E0000000083
:106DE00007CFFC5000CF966AF60AE20000201F6031
:106DF0000000004F200000004F200000B91F60007D
:106E000000B90AE30000B900CF966AF80007DFFC7A
:106E1000608E000008E8E000008E8E000008E8E0C8
:106E200000008E8FFFFFFFE8E333339E8E000008E3
:106E3000E8E000008E8E000008E8E000008E8E8EF4
:106E40008E8E8E8E8E8E8E8E02FFFFC00444BC000E
:106E50000009C000009C000009C000009C0000095F
:106E6000C02000BA0EB58F603CFE808E00004F50EF
:106E70008E0004F6008E003F70008E03F800008E36
:106E80002EC000008EECF600008FB07F30008E0028
:106E90000AE1008E0000CC008E00001EA08E0000D3
:106EA000008E0000008E0000008E0000008E0000AA
:106EB000008E0000008E0000008E0000008E444412
:106EC000408FFFFFF28E00000008E8F7000002FE8E
:106ED0008FF10000BFE8DCA0004F9E8D2F300D87A2
:106EE000E8D09C06E07E8D01E7E507E8D006FC00CF
:106EF0007E8D000A2007E8D00000007E8E1000087A
:106F0000E8FC00008E8FF90008E8E6F6008E8E0996
:106F1000F308E8E00CE18E8E001EB8E8E0003FEEDA
:106F20008E00006FE8E00000AE0007CFEB500000DD
:106F3000CF966BF9000AE200005F601F6000000A54
:106F4000D04F20000006F04F20000006F01F600028
:106F5000000AD00AE200005F6000CF966BFA0000E2
:106F600007DFEB50008FFFFD7008E4458FB08E0007
:106F7000005F38E00001F58E00003F48E0014DD091
:106F80008FFFFFB208E33310008E00000008E0001E
:106F900000000007CFEB500000CF966BF9000AE22B
:106FA00000005F601F6000000AD04F20000006F064
:106FB0004F20000005F01F6000000AD00AE2000028
:106FC0005F6001DF855AFA000008DFFC5000000016
:106FD00001EC21940000001BFFC100000000120022
:106FE0008FFFFD7008E4458FB08E00005F38E00031
:106FF00001F58E00003F38E0014DD08FFFFFC20841
:10700000E333DA008E0002F608E00005F3019EFD8E
:10701000A200CE646B702F40000001F80000000653
:10702000FD950000016AEE500000009F0020000561
:10703000F13FA547EB004BEFE910FFFFFFFF2444B2
:10704000BD44400009C00000009C00000009C000D1
:1070500000009C00000009C00000009C0000000926
:10706000C00000009C00009C00000BA9C00000BAFA
:107070009C00000BA9C00000BA9C00000BA9C00036
:1070800000BA8E00000D94F40003F50CF868FD00C2
:1070900009EFE9100CB000000AC05F200001F50004
:1070A000E900008E0008F0000E70001F6005F1007E
:1070B00000AD00C9000003F43F3000000CBAC0006E
:1070C00000005FF500000000EE00006F10000DB042
:1070D0000002F21F60003FF10008D00BB0008BE609
:1070E000000D7006F000E69B002F2001F503F14F24
:1070F000108D0000CA09B00E60D800006F0E600944
:10710000B2F300001F9F1004F9D000000CFB000038
:10711000EF80000007F600009F30003F50000DA0F8
:1071200008F2009D0000CC04F300002F9E700000C8
:1071300006FC00000009FE1000004F4DB00001E801
:1071400002F7000BD0007F207F20000BD00CB00096
:10715000009C002F50002F30009E000C900000E893
:1071600005F1000005F3E60000000CFD0000000042
:107170003F4000000002F3000000002F300000003C
:1071800002F300004FFFFFFF9144444AF300000365
:10719000F6000001EA000000CC0000009E10000094
:1071A0006F4000003F7000001ED4444436FFFFFFD4
:1071B000FC8FF68D318D008D008D008D008D008D42
:1071C000008D008D008D008D008D318FF65D0000EB
:1071D00000F200000B8000006D000001F200000BC7
:1071E0008000006D000001F200000B7000006D00D7
:1071F0000001F200000B7000006D000001F2BFF30F
:1072000025F302F302F302F302F302F302F302F3B3
:1072100002F302F302F325F3BFF300AD00001EC436
:10722000000885A000E20E105B00970B5002E0EE14
:10723000EEEEE00BC00009B004CFEA100B745DB0B5
:10724000000004F004CEEEF21F8214F24F1004F29C
:107250001F703DF204DFD7F2BA000000BA00000050
:10726000BA000000BA8EFC30BFD54BF3BE1000CA86
:10727000BA00007EBA00007EBE1000CABFD55BF324
:10728000B98EFC30007DFD6009F748F42F500020D6
:107290005F0000005F0000002F50002009F748F455
:1072A000007DFD600000001F40000001F4000000B0
:1072B0001F4008EFC4F40AF748FF42F50007F45FE7
:1072C00000002F45F00001F42F50006F40AE637EA8
:1072D000F4008EFC4F40008EFC400AD538F42F207D
:1072E000008C5FEEEEFF5F2111112F70001009F886
:1072F00046E4007DFE80009EE305F44108C000CF17
:10730000FFF029D32008D00008D00008D00008D012
:107310000008D00008D000007EFC4E60AF747FF6FD
:107320002F50005F65F00000F65F00000F62F6006E
:1073300006F609F747FF5007EFC4F50000003F20AD
:10734000CB646EB003AEFD8000BA000000BA00004E
:1073500000BA000000BA8EFB20BFC56DD0BE00038E
:10736000F2BA0000F4BA0000F5BA0000F5BA000065
:10737000F5BA0000F5BAA800BABABABABABABABA37
:10738000000AB0009900000000AB000AB000AB009A
:107390000AB000AB000AB000AB000AB000AA064E6B
:1073A00071DFA0BA000000BA000000BA000000BA05
:1073B000001CC0BA01CC00BA1CD100BBCF6000BF1A
:1073C000DBE100BD11DC00BA003F70BA0007F3BA80
:1073D000BABABABABABABABABABAB99EFA15DFD450
:1073E0000BFB45EDE64AF2BE0006F6000E7BA00060
:1073F0004F2000C9BA0003F1000C9BA0003F100011
:10740000C9BA0003F1000C9BA0003F1000C9B99E4F
:10741000FB20BFB45DD0BE0003F2BA0000F4BA0096
:1074200000F5BA0000F5BA0000F5BA0000F5007DDD
:10743000FD60009F748F702F50007F05F00001F3F6
:107440005F00002F32F50007F009F748F70007DF6B
:10745000D600B98EFC30BFC43AF3BE1000CABA00E1
:10746000007EBA00007EBE1000CABFD55BF3BA7EB4
:10747000FC30BA000000BA000000BA000000008E24
:10748000FC3F40AF748EF42F50007F45F00001F4B4
:107490005F00002F42F50007F40AF748FF4008EFAD
:1074A000C4F40000001F40000001F40000001F4071
:1074B000B98E4BFD71BE100BB000BA000BA000BA24
:1074C000000BA00005DFEA13F735A06F000001EE06
:1074D0009610016AEF300000D96C646F62AEFD70E7
:1074E00008D00008D000CFFFF029D32008D0000832
:1074F000D00008D00008D00005F551009FE3C80077
:1075000002F3C80002F3C80002F3C80002F3C90086
:1075100003F3AB0007F35F837EF306DFC5F30D9043
:10752000000AA06E0001F300F5007D0009C00E60A6
:10753000003F24F00000C8B9000006FF3000000F33
:10754000C000C80006F1000D56D000CF6003F01F48
:10755000302F9C009A00B807B2F10E4005E0D60C1F
:1075600074E0000F6F007C990000AFA001FF4000A5
:1075700005F4000BE0004F3007E109D02F4000D99F
:10758000D900003FD000004FE10001E7BB000BB085
:107590001E707E1005F30D90000AA06F0001F3002D
:1075A000F6007D0009C00D60002F34F00000C9A96D
:1075B000000005FF2000000EC0000000E500009460
:1075C000AD00001BFC2000005FFFFFA13337F4007B
:1075D00001E70000CB00008E10004F40001EA333D7
:1075E00026FFFFFC006EA00F9201F4001F4001F483
:1075F000003F303FC0006F3001F4001F4001F40035
:107600001F4000FA2005EA8B8B8B8B8B8B8B8B8B2F
:107610008B8B8B8B8BBE5002AE0005F0005F00059C
:10762000F0004F1000DF104F5005F0005F0005F034
:10763000005F002AE00BE40007EC40B41E25DFC029
:107640000100000004CC302B01C05700932B01C077
:1076500005CC3006A10FF60BE20000000000000090
:107660000000000000027BFB000000049DFFFFD033
:107670000003AFFFFFFFFD0000AFFFFFFFDFD00003
:107680000AFFFFB610ED0000AF9400000ED0000A14
:10769000F1000000ED0000AF1000000ED0000AF174
:1076A000000045FD0000AF1001EFFFD0179DF10075
:1076B0005FFFFC0EFFFF1000AFFD31FFFFE0000099
:1076C000010003BDA30000000000501888888884D2
:1076D00005FABFDDDDDDFDAFE47F100000CA4EE03E
:1076E0004F100000C80EFEEF100000CFEFE03FEE9D
:1076F000EEEEF80EF68F766666EB6FF8AF100000D0
:10770000CC8FE03F100000C80EFCDF655555EECF72
:10771000C25FFFFFFFF92C57750577777775FFFF7D
:107720001FFFFFFFFFFFFF2FFFFFFFFFEFFF0EFF1A
:10773000FFFFFE01100011111110EFFE0EFFFFFF01
:10774000FEFFFF2FFFFFFFFFFFFF1FFFFFFFFF6891
:1077500087078888888668870788888886FFFF1F4C
:10776000FFFFFFFFFFFF2FFFFFFFFFDFFD0DFFFF0D
:10777000FFFD0000000000015000000000001DF8A7
:107780000000000001DFFD000000001DFFE22D6091
:107790000001DFFE20DFF7001DFFE2008FFF71DF39
:1077A000FE200008FFFEFFE20000008FFFFE200029
:1077B000000008FFE200000000007D200000000043
:1077C000000000007F60000BE2EFF600BFF84FFF03
:1077D0006BFFD104FFFFFD10005FFFE10000BFFF62
:1077E000F6000BFFDFFF60BFFD14FFF5CFD1004FA8
:1077F000F6171000036000000011000000000000F8
:10780000FF000000006F21FF12F70006FF61FF1666
:10781000FF601FF901FF109FF16FE001FF100EF6EE
:10782000AF8001FF1008FACF6001FF1006FCAF80A7
:1078300000AA0008FB7FD00000000DF71FF8000031
:10784000008FF107FF91002AFF70009FFFEEFFF904
:10785000000005CFFFFD50000000024420000000A2
:1078600000000000000000000AFFA0000000000C63
:10787000FFC0000003D6DFFFFD6D300EFFFFFFFFEE
:10788000FFE05FFFFFAAFFFFF51AFFF4004FFFA123
:1078900003FFD0000DFF3004FFF0000FFF404FFF4B
:1078A000FB22BFFFF42FFFFFFFFFFFF209FEFFFFE8
:1078B000FFEF9000505EFFE5050000000CFFC000E8
:1078C00000000004774000000000000310034100A6
:1078D0000000009FF50DF50000001BFDFF8DF50079
:1078E0000002DFB12DFFF500004FF83EC2BFF500EA
:1078F00007FF55FFFE39FE409FE38FFFFFF56FF650
:10790000AC2AFFFFFFFF73E6005FFFFFFFFFF10000
:10791000006FFFD77FFFF200006FFF900DFFF200B6
:10792000006FFF900DFFF200004FFF700BFFE100B2
:107930000000003300000000000BFFB0000000005A
:107940000CFFC0000000000CFFC0000000000CFF96
:10795000C0000000000CFFC00000008FFFFFFFF818
:1079600000002EFFFFFFE2000002EFFFFE200000FC
:10797000002DFFE20000799982DE289997FFFFFB36
:1079800022BFFFFFFFFFFFFFFFFFFFFFFFFFFFFA29
:10799000B3CFACCCCCCCCCCCCA0006BBBBBBBA30D2
:1079A00000004FFFFFFFFFE10000EF30000006FB8B
:1079B0000009F800000000CF504FD0000000002F59
:1079C000E1DF84420000344BF9FFFFFD0001FFFFBF
:1079D000FBFFFFFF988BFFFFFCFFFFFFFFFFFFFF99
:1079E000FCFFFFFFFFFFFFFFFB9FFFFFFFFFFFFF0E
:1079F000F60000000000003300018DFFC600EF001C
:107A00004EFFFFFFE4DF04FFB3004CFFFF0EF90061
:107A100000008FFF6FC00001FFFFFF8E500001DEEE
:107A2000EEED0000000000000022222200000021F4
:107A3000FFFFFF100008F8FFFBBC10001EF4FFFC66
:107A4000100001DFC0FEEFE8448EFE10FE1AFFFFBB
:107A5000FFC100FD0028BB9400000000027000027E
:107A6000EF0002EFFDFFFFFFFFFFFFFFFFFFFFFF44
:107A7000FFFFFFFFFFFF3447FFF00005FF00000599
:107A8000C00000000000027000000002EF000000D3
:107A900002EFF0000DFFFFFF0220FFFFFFF08E1F3F
:107AA000FFFFFF00E7FFFFFFF03F5FFFFFFF0890D2
:107AB0003447FFF000000005FF0000000005C00093
:107AC000000000000000000000000007700000003F
:107AD00002700005FA0000002EF000814F600002E5
:107AE000EFF001DD07F0DFFFFFF0321E80F6FFFF51
:107AF000FFF08E27E0B9FFFFFFF00E73F19BFFFF51
:107B0000FFF03F54F09AFFFFFFF0890AC0D83447D6
:107B1000FFF0007F43F300005FF002F60CB00000BE
:107B200005C00000BF10000000000009E3000000D5
:107B300000000002100037888888888873EFFFFFF4
:107B4000FFFFFFFEFE32DFFFFFFFFFF9007FFFFDBB
:107B5000FFFFFD10CFFFA07FFFFFFFFFFA0007FF31
:107B6000FFF35FA00000CFFF3003000000CFFC0058
:107B700000000000CFFFCCCCCCCCCCFFAFFFFFFF90
:107B8000FFFFF900002000000001FA00000006FFDE
:107B90001000000DFF7000006FFFF10001EFFFFA11
:107BA000000BFFFFFF605FFFFFFFE0CFFFFFFFF66F
:107BB000FEBFFFFFF9FD4FFFFFF9BF49FFFFF53F94
:107BC000E52EFFD006FFFFFD200028BA600004303C
:107BD0000000311FE00006F91FE0007FFA1FE009F6
:107BE000FFFA1FE0AFFFFA1FEBFFFFFA1FFFFFFFD7
:107BF000FA1FFFFFFFFA1FE6FFFFFA1FE05FFFFA21
:107C00001FE004FFFA1FE0003EFA0FD00002D70089
:107C1000000000000200000000000CFB200000003B
:107C200000FFFF900000000FFFFFE6000000FFFFD5
:107C3000FFFC30000FFFFFFFFF9100FFFFFFFFFF82
:107C4000E60FFFFFFFFFFFF2FFFFFFFFFFFD0FFF4C
:107C5000FFFFFFF800FFFFFFFFB2000FFFFFFD4037
:107C60000000FFFFF70000000FFFA1000000006A06
:107C70004000000000001444200144420DFFFF10AA
:107C8000DFFFF1FFFFF30FFFFF3FFFFF40FFFFF4B8
:107C9000FFFFF40FFFFF4FFFFF40FFFFF4FFFFF474
:107CA0000FFFFF4FFFFF40FFFFF4FFFFF40FFFFF49
:107CB0004FFFFF40FFFFF4FFFFF40FFFFF4FFFFFF9
:107CC00030FFFFF39FFFC009FFFC0014444444440D
:107CD000420DFFFFFFFFFFF1FFFFFFFFFFFF3FFF31
:107CE000FFFFFFFFF4FFFFFFFFFFFF4FFFFFFFFF5F
:107CF000FFF4FFFFFFFFFFFF4FFFFFFFFFFFF4FF5A
:107D0000FFFFFFFFFF4FFFFFFFFFFFF4FFFFFFFF3E
:107D1000FFFF4FFFFFFFFFFFF39FFFFFFFFFFC0091
:107D200002100000420FE20003FB0FFE3004FB0FC5
:107D3000FFF404FB0FFFFF54FB0FFFFFFAFB0FFFE5
:107D4000FFFFFB0FFFFFFFFB0FFFFFD6FB0FFFFD4A
:107D500014FB0FFFC104FB0FFB0004FB0CA000038E
:107D6000FA00000000000000001200000000000304
:107D7000FF60000000002EFFF500000001EFFFFF94
:107D80004000001DFFFFFFF30000CFFFFFFFFE20BC
:107D90000AFFFFFFFFFFE00EFFFFFFFFFFF2039967
:107DA0009999999950058888888888700FFFFFFFF6
:107DB000FFFFF30FFFFFFFFFFFF40BFFFFFFFFFFCE
:107DC000D1000000000000003F9000003FFC0000D8
:107DD0003FFD10003FFD10003FFD10001FFD100093
:107DE00000CFF4000000CFF4000000CFF40000004A
:107DF000CFF4000000CFE0000000A400000000006D
:107E000000CD1000001FFD1000003FFD1000003FDE
:107E1000FD1000003FFD1000003FFD000008FF9036
:107E20000008FF900008FF900008FF900002FF90FC
:107E30000000078000000000000450000000000265
:107E4000FF60000000003FF70000000003FF70002B
:107E50000000003FF7000006999AFFC99980FFFFD4
:107E6000FFFFFFFF3DFFFFFFFFFFF201113FF71193
:107E700010000003FF70000000003FF7000000004A
:107E800003FF70000000000CD3000000699999996D
:107E900099980FFFFFFFFFFFF3DFFFFFFFFFFF20BA
:107EA0000000000000000000015664000000000314
:107EB000BFFEEFF91000007FFA1003DFE40008FFB7
:107EC000A009B41EFF504FFF200BFF26FFE1EFFF7C
:107ED00009CFFF63FFFABFFF09FFFF54FFF61EFF44
:107EE00051DFFB09FFB003EFE204305FFC10002C10
:107EF000FF956AFF9000000049DFFD92000000003E
:107F000000000000000000CD200000000000000084
:107F10008FF50014664000000004EFACFFEFFF9106
:107F20000000001CFFA1004DFE300000009FF5ABDB
:107F300031EFF40007B105FFFFE17FFE100FFE30C7
:107F40002DFFF54FFF900CFFE000AFF65FFF6002E2
:107F5000FFF40006FFEFFB00004FFD10003EFFC0E6
:107F6000000002DFE85401BFE300000005AEFF603F
:107F700007FF60000000000000004EF60000000057
:107F800000000001A100000000000000000000004F
:107F9000003ED00000000000000CFF800000000048
:107FA0000006FFFF200000000000EFFFFB000000C4
:107FB00000008FFCCFF4000000002FFB00FFD0007A
:107FC00000000BFFC00FFF70000004FFFD01FFFF6A
:107FD000100000DFFFE02FFFFA00007FFFFF9BFF94
:107FE000FFF3001FFFFFB00EFFFFC00AFFFFFE24DC
:107FF000FFFFFF60FFFFFFFFFFFFFFFA06CCCCCCC7
:10800000CCCCCCCB300000000000360000000000DB
:10801000007F80DDDB00008DEFF8FFFFB007FFFF82
:10802000FD556FF46FF8AFE2000574FF907E2000FD
:10803000003FFA0000000002EFB2504A00012EFD9E
:108040001DF48FB0FFFFD10BFFFFFBFFFE2000CF21
:10805000FFFB12210000029FC000000000005B0037
:10806000000007A00000000008FFB000000008FFAB
:10807000FFB0000008FF95FFB00008FF9005FFB0BB
:1080800007FF900005FFB09F90000005FD00400035
:10809000000003104C20000000B60BFE200000CFB3
:1080A000F02EFE2000CFF4002EFE20CFF400002E94
:1080B000FECFF40000002EFFF4000000002EF400BC
:1080C0000000000013000000000830000000000065
:1080D0000000BFF308BBBBBB90000BFFFF39FFFFE5
:1080E000FFF1008FCFCFF000000AF100382F94800D
:1080F00000000AF100002F900000000AF100002F9C
:10810000900000030AF130002F9000001FCBF8F818
:10811000002FEBBBBB39FFFFE2001FFFFFFFB09F4B
:10812000FD2000000000000008D100378887000013
:108130000000EFFFFFA0000000FFFFFFFDCCCCB66A
:10814000FFFFFFFFFFFFFFFFFFFFFFFFFFFFFFFF3F
:10815000FFFFFFFFFFFFFFFFFFFFFFFFFFFFFFFF2F
:10816000FFFFFFFFFFFFFFFFFFFFFFFFFFFFFFFF1F
:10817000FFAFFFFFFFFFFFF900000000000000005D
:108180000001DD10000000001DFFD100000001DF34
:10819000FFFD1000001DFFFFFFD100009FFFFFFF4C
:1081A000F90000011CFFC1100000000CFFC000001E
:1081B00000000CFFC0000000000CFFC00000799917
:1081C0003BFFB39997FFFFB2442BFFFFFFFFFEDD9C
:1081D000EFFFFFFFFFFFFFFAB3CFACCCCCCCCCCC92
:1081E000CA00000000000200000000000004FFC7F9
:1081F0000000000000AFFFF0000000001FFFFD00C6
:1082000000000006FFFFC00000000008FFF70000AC
:108210000000000CFF300000000004FFC000000060
:108220000001EFF300004A3002DFF80005DFFE1521
:10823000EFFB0000EFFFFFFFFA00000BFFFFFFF76F
:108240000000007FFFFFA200000002BA85000000CE
:10825000000004860000001006FFFA0002DFD1EFE4
:108260003CF101DFFA0EE0AF21DFFA009FEFF6DF0D
:10827000FA00008DFFFFFB00000006FFFD0000007C
:1082800048EFFFF600006FFFFBFFF6000EF3CF2371
:10829000FFF600EE0AF204FFF609FEFC0004FFF10F
:1082A00008DA100002620000000000000000006F09
:1082B000FFF987000008FFFF98F708A68FFFF9591C
:1082C00090FFA8FFFFFCCC0FFA8FFFFFFFF1FFA884
:1082D000FFFFFFFF1FFA8FFFFFFFF1FFA8FFFFFF68
:1082E000FF1FFA8FFFFFFFF1FFA8FFFFFFFF1FFA3D
:1082F0007FFFFFFFF0FFE3122222210FFFFFFFF9B4
:108300000000ACCCCCCB5000004999999995000E57
:10831000FFFFFFFFF600FD2222224FF60FC00000F4
:1083200001FFF3FC0000001FFF6FC0000002FFF61A
:10833000FFFFFFFFFFFF6FFFFFDCFFFFF6FFFFB058
:1083400005FFFF6FFFF6000FFFF6FFFFC006FFFF00
:108350006FFFFFEDFFFFF69FFFFFFFFFFD10CDDD7D
:10836000DDDDDDDD2FFFFFFFFFFFF31222222222E2
:1083700022000000000000000000000000000FFFCD
:10838000FFFFFFFFF3DEEEEEEEEEEE20000000005A
:1083900000000000000000000DEEEEEEEEEEE2FF49
:1083A000FFFFFFFFFF3000000000000037888888D3
:1083B000888873EFFFFFFFFFFFFEEFFFFFFFFFFF68
:1083C000FE1CFFFFFFFFFFC1D28FFFFFFFF82DFF55
:1083D00064EFFFFE45FFFFFA2BFFB2AFFFFFFFD3B5
:1083E000553DFFFFFFFFFFBBFFFFFFFFFFFFFFFF4D
:1083F000FFFFAFFFFFFFFFFFF9000000000001FFDC
:10840000FFF00004FFFFD00006FFFF800008FFFF21
:1084100030000AFFFFAAA60CFFFFFFF80EFFFFFFC8
:10842000E10BDDDFFF6000004FFD0000007FF30087
:108430000000BFA0000000FF10000003F8000000D3
:1084400003C000000000200000000455EFB55200FA
:1084500000FFFD1FFFB0000FFFFFFFFC0000FFFF4C
:10846000533320000FFF97FFFB5700FFF8AFFFC605
:10847000F80FFF8AFFFC4AA1FFF8AFFFE3220FFFCE
:108480008AFFFFFFF4FFF8AFFFFFFF4FFF8AFFFFF8
:10849000FFF43552AFFFFFFF40000AFFFFFFF4007B
:1084A000007FFFFFFE20000001100000000000AF71
:1084B00000000000018FFA30000002EFFFFF5000C3
:1084C00000BFFFFFFF10001FFFFFFFF50003FFFFCE
:1084D000FFFF70005FFFFFFFF90008FFFFFFFFC015
:1084E00000DFFFFFFFFF209FFFFFFFFFFD0EFFFFED
:1084F000FFFFFFF2022222222221000008FFC0001B
:1085000000000009A20000005BBBBBBBBBBBBBA360
:10851000FFFFFFFFFFFFFFFBFC0C30E11D0D11FC17
:10852000FC0B30E01D0D10FCFFFEFFEFFEFEEFFC2C
:10853000FFF15A0870A05FFCFFF37B2992C27FFC19
:10854000FFBFCBBBBBBFCBFCFC0B2000000D00FC76
:10855000FFCFCCCCCCCFCCFB9FFFFFFFFFFFFFF6C4
:108560000000000000000200000000000005DFB075
:108570000000000007EFFFD000000018FFFFFF70B1
:10858000000029FFFFFFFF00003BFFFFFFFFF80097
:108590000AFFFFFFFFFFF1000FFFFFFFFFFFA0003B
:1085A000049AAAAFFFFF20000000000EFFFB0000AE
:1085B0000000000EFFF400000000000EFFC00000ED
:1085C0000000000EFF5000000000000DFD00000044
:1085D00000000004B300000035555502000FFFFFF6
:1085E000F2F400FFFFFF2FF40FFFFFF2FFF3FFFF96
:1085F000FF32221FFFFFFFFFF7FFFFFFFFFF8FFF8D
:10860000FFFFFFF8FFFFFFFFFF8FFFFFFFFFF8FFF8
:10861000FFFFFFFF8FFFFFFFFFF8FFFFFFFFFF8F51
:10862000FFFFFFFFF88AAAAAAAAA3000000024557B
:10863000310000000003AFFFFFFFC7000002BFFFD3
:10864000FEDEFFFFF6005FFFB51000038EFFB0DF18
:10865000D300000000008FF5180005AEFEC810041E
:10866000600002DFFFFFFFF80000000CFF95347D83
:10867000FF40000002A2000000770000000000029E
:1086800096000000000000000DFF500000000000F8
:10869000000EFF6000000000000005DA000000008E
:1086A0005BBBBBBBBBBBBBBA20FFFFFFFFFFFFFF3A
:1086B000FF90FC1222222222220FF7FC5FFFFFFF15
:1086C000FFFF2CFAFC5FFFFFFFFFFF21FAFC5FFFBB
:1086D000FFFFFFFF27FAFC2666666666661FFAFE46
:1086E000BBBBBBBBBBBBBFB1AFFFFFFFFFFFFFFF10
:1086F000500000000000000000005BBBBBBBBBBB28
:10870000BBBA20FFFFFFFFFFFFFFFF90FC122222FA
:108710002221000FF7FC5FFFFFFFF8000CFAFC5F5F
:10872000FFFFFFF80001FAFC5FFFFFFFF80007FA08
:10873000FC2666666663000FFAFEBBBBBBBBBBBB19
:10874000BFB1AFFFFFFFFFFFFFFF500000000000C1
:10875000000000005BBBBBBBBBBBBBBA20FFFFFF85
:10876000FFFFFFFFFF90FC1222221000000FF7FC1A
:108770005FFFFFD000000CFAFC5FFFFFD00000019C
:10878000FAFC5FFFFFD0000007FAFC266666500087
:10879000000FFAFEBBBBBBBBBBBBBFB1AFFFFFFF54
:1087A000FFFFFFFF500000000000000000005BBB67
:1087B000BBBBBBBBBBBA20FFFFFFFFFFFFFFFF90B0
:1087C000FC1222000000000FF7FC5FFF30000000E9
:1087D0000CFAFC5FFF3000000001FAFC5FFF300084
:1087E000000007FAFC2666100000000FFAFEBBBB73
:1087F000BBBBBBBBBFB1AFFFFFFFFFFFFFFF500025
:1088000000000000000000005BBBBBBBBBBBBBBAF1
:1088100020FFFFFFFFFFFFFFFF90FC0000000000B4
:10882000000FF7FC0000000000000CFAFC00000044
:1088300000000001FAFC00000000000007FAFC0044
:1088400000000000000FFAFEBBBBBBBBBBBBBFB14F
:10885000AFFFFFFFFFFFFFFF500000000000000020
:1088600000000000000007B20000000000000ADF66
:10887000FA000000000000A93DF5000000044002DD
:10888000E00010000000AFF80B600000006C30FF4B
:10889000FFFFFFFFFFFFFFF4AFF9000C5000006D7A
:1088A0004005500004C00000100000000000C43E5D
:1088B000E80000000000002EEFFA000000000000B9
:1088C000004FFA000000000000000000000000005F
:1088D000011000000007EFFFB30000AFFD8FFF2085
:1088E00004FFFD09FFB00AFEFD12AFF00EF55D2C8E
:1088F0000EF30FFF33129FF50FFFF307FFF60FFF85
:10890000E206FFF60FFE24137FF50DF57D2C0DF327
:108910000AFFFD11BFF003FFFE0BFFA0007FFEBFAB
:10892000FE100003ACDC810000003443000005664B
:108930007FFFF96650FFFFFFFFFFFF356666666643
:1089400066501CCCCCCCCCC402FFFFFFFFFF602FD5
:10895000F3FB7F6DF602FF2FB7F5DF602FF2FB7F91
:108960005DF602FF2FB7F5DF602FF2FB7F5DF602A9
:10897000FF2FB7F5DF602FF3FB7F6DF601FFFFFFE1
:10898000FFFF5007BCCCCCCC9000000000000001E1
:1089900020000000000004FF500000000002FFFF64
:1089A000500000000439FFFE00000004FF39FFA062
:1089B000000004FFFF39B0000004FFFFFF200000AB
:1089C00004FFFFFFB0000004FFFFFFB0000004FF42
:1089D000FFFFB0000004FFFFFFB0000000BFFFFF7B
:1089E000B00000000DFFFFB000000000FFFFB0006E
:1089F00000000009A860000000000000001788883F
:108A0000888887400002EFFFFFFFFFFFF4003EFF72
:108A1000FFCFFFCFFFF703EFFFF908F809FFF83E9C
:108A2000FFFFFE20402EFFF8DFFFFFFFE101EFFF19
:108A3000F89FFFFFFF80008FFFF809FFFFF902C2D8
:108A400009FFF8009FFFFE4EFE4EFFF80009FFFFF2
:108A5000FFFFFFFFF700008FFFFFFFFFFFC10000D8
:108A60000000000003EFFFFFE203FBFBCEBFA4FF0B
:108A70001D03A1FAFFF1D03A1FAFFFFFFFFFFAFF7E
:108A8000FFFFFFFFAFFFFFFFFFFAFFFFFFFFFFAF9B
:108A9000FFFFFFFFFAFFFFFFFFFFAFFFFFFFFFFA40
:108AA000FFFFFFFFFFADFFFFFFFFF829AAAAAAA85B
:108AB000000000000000000300000000000004F1BE
:108AC000000820000001FF100BF70000002FF10C40
:108AD000FF94444445FF1BFFFFFFFFFFFFF18FFFA3
:108AE000FFFFFFFFFD007FF70000000000006F6048
:108AF0000000000000003000000000000000000046
:108B0000000000000000C003000000000000C003DF
:108B1000030A00000F008005050500051C00D009B0
:108B20000A0A00004E00B008090F00FE9200D00BA8
:108B30000C0A0000CE00A0090A0B00FF0501F0029C
:108B4000030500050D01B004040E01FD2901C00458
:108B5000040E00FD4501A00506060005570120088A
:108B60000807000273013003030500FE7B01600566
:108B70000503000383013003030300008801F004B0
:108B8000070EFFFFB9015009090A0000E601300590
:108B9000040A0000FA011008080A00002202000876
:108BA000080A00004A0260090A0A00007C02100854
:108BB000080A0000A402A008090A0000D102600807
:108BC000080A0000F9020009090A00002603A008AB
:108BD000080A00004E033003030800005A03300364
:108BE000030B00FD6B032008080800018B0320081D
:108BF00008060002A303200808080001C3030008B8
:108C0000080A0000EB03800E0E0D00FD4604400A2A
:108C10000C0AFF008204A00A090A0100AF04200A1E
:108C20000A0A0000E104900B0A0A0100130560091A
:108C3000080A01003B05E008080A01006305D00AA4
:108C40000A0A00009505600B090A0100C2055004DC
:108C5000020A0100CC053007070AFF00EF05100AE1
:108C60000A0A010021065008080A01004906600DA1
:108C70000B0A01008006600B090A0100AD06C00B5B
:108C80000C0A0000E906200A090A01001607C00BB9
:108C90000C0D00FD6407300A090A01009107B008B5
:108CA000090A0000BE073008090A0000EB07100B94
:108CB000090A01001808F0090B0AFF004F08C00F4D
:108CC000100A00009F0870090A0A0000D108100964
:108CD0000B0AFF0008093009090A00003509B00431
:108CE000040E01FD5109F004070EFFFF8209B004D4
:108CF000040E00FD9E09300807060102B3090007B3
:108D0000070100FFB709600805020109BC096008F6
:108D100008080000DC099009080B0100080A000897
:108D200008080000280A9009090B00005A0A900858
:108D3000080800007A0AF004060B00009B0AB0093C
:108D4000090B00FDCD0A9009080B0100F90AE003A8
:108D5000020B0100040B0004050EFEFD270BA0080A
:108D6000080B0100530BE003020B01005E0BD00E59
:108D70000D080100920B900908080100B20BE008F1
:108D800009080000D60B9009080B01FD020C9009A0
:108D9000090B00FD340CC00505080100480C000754
:108DA00007080000640CD005060A0000820C800948
:108DB00008080100A20CD0070908FF00C60C900C9F
:108DC0000D080000FA0CC007080800001A0DD007B3
:108DD000090BFFFD4C0D500707080000680DF0045B
:108DE000050E00FD8B0D3004020E01FD990DF004FF
:108DF000050E00FDBC0D200808030003C80DE005AA
:108E000006050006D70D600404030003DD0D000E07
:108E10000F0FFFFE4E0E000E0E0B00009B0E000EFD
:108E20000E0D00FFF60E000E0E0B0000430FA00902
:108E30000A0B00007A0F000E0E0F00FEE30F000E6B
:108E40000E0F00FE4C10C00F100D00FFB410000EEE
:108E50000E0F00FE1D11C00F100B00007511000E4B
:108E60000E0F00FEDE110007070C00FF0812800A3B
:108E70000B0C00FF4A12C00F100E00FEBA12000EBB
:108E80000E0B00000713A0090A0F00FE5213400C3E
:108E90000A0E01FE9813400C0D0F00FEFA13400C51
:108EA0000D0D00FF4F14400C0D0D00FFA414400CDD
:108EB0000A0E01FEEA14400C0E0DFFFF4515C00816
:108EC000090D00FF8015C008090D00FFBB15400CFF
:108ED0000D0D00FF1016400C0D0400032A16C00FE4
:108EE000100B000082168011120F00FE0917C00F30
:108EF000110FFFFE8917000E0E0D00FFE417400C46
:108F00000D0800011818400C0D0800014C188011C4
:108F1000120B0000AF18000E0E0B0000FC18000E24
:108F20000E0F00FE6519000E0F0FFFFED619400C44
:108F30000D0D00FF2B1A400C0D0F00FE8D1A400C7A
:108F40000D0D00FFE21A400C0D0C00FF301B000E4F
:108F50000E0B00007D1BC0080A0FFFFEC81B400C53
:108F60000D0F00FE2A1C400C0D0F00FE8C1CC00FC4
:108F7000100B0000E41C000E100FFFFE5C1D800AA9
:108F80000B0F00FEAF1D8011120D00FF241E80117B
:108F9000120A00007E1E8011120A0000D81E8011E5
:108FA000120A0000321F8011120A00008C1F80116B
:108FB000120A0000E61F8011120C00FF5220400C24
:108FC0000C0F00FEAC20400C0D0F00FE0E21000E19
:108FD0000F0FFFFE7F218011120B0000E221800A9B
:108FE0000B0F00FE3522100E0F0A00000000721F4A
:108FF00051EF58EF5BEF5CEF5DEF61EF63EF65EF13
:1090000069EF6CEF71EF76EF77EF78EF8EEF93EF1C
:1090100098EF9BEF9CEF9DEFA1EFA2EFA3EFA4EFE2
:10902000B7EFB8EFBEEFC0EFC1EFC4EFC7EFC8EFC7
:10903000C9EFCBEFE3EFE5EF14F015F017F019F0FF
:1090400030F037F03AF043F06CF074F0ABF03BF1F5
:1090500090F191F192F193F194F1D7F1E3F13DF2B6
:1090600054F2AAF412F7F2F7200000005F000100AA
:10907000000000000000000000000200B00000003E
:10908000F3F76000EC8F0208000000003E000300D0
:10909000000001020003040502060708090A090A84
:1090A0000B0C000D0E0F101112130C141400000005
:1090B0001516171819161A1B1C1D1D1E1F201D1D05
:1090C0001621222303241E2525262728292A2B00A2
:1090D0002C002D2E2F303132332D343435302D2DC0
:1090E0002E2E36373839333A3A3B3A3C29000009BC
:1090F0003D0900000000000000000000000000002A
:10910000000000000000000000000000000000005F
:10911000000000000000000000000000000000004F
:10912000000000000000000000000000000000003F
:1091300001020003040502060708090A090A0B0CCC
:109140000D0E0F10110C1213141515000000161738
:109150001819171919191719191A19191919171985
:109160001719031B1C1D1D1E1F2021222300240074
:109170002526272727002726282926262A2A272AA0
:10918000272A2B2C2D2E2E2F2E30000023093109BB
:1091900000000000000000000000000000000000CF
:1091A00000000000000000000000000000000000BF
:1091B00000000000000000000000000000000000AF
:1091C000000000000000000000000000000100009E
:1091D000000000000001000002000000000200008A
:1091E000000000000000000000000000000001007E
:1091F00000000000000000000000000000010A0064
:1092000006FB00000000F4F3020B0504F7020B015B
:1092100009020700000000000000000000000D022D
:10922000FE0000000000000000000000000400F943
:109230000000000000FC04040000FE00FE0200FE2E
:1092400000FEFFFC00000000FE0000FDFD0000FE2F
:1092500000FC000000000000000000FEFE00FD0019
:10926000FA00E50000FC0004070000FC020207040D
:10927000FC040000F30000000000000000000000FB
:10928000F80000000000000000000000000000FAEC
:10929000FDF500F7FE00000000000900F9FEFF01E7
:1092A00000FC0000FEEF00000000000000000000D5
:1092B00000EEFE09000000000000000000000000B9
:1092C000F70000000000000000000007000200009E
:1092D000FC00000000000000000000000000000092
:1092E0000000090201000000000000000000000072
:1092F000000000000000000000000000000000006E
:10930000000000000000000000000000F800000065
:10931000000000000000000000000000000000004D
:1093200000000002040207FE000004FEF9E102064C
:109330000400FD00080007000700EB00FD07000720
:10934000FE0402000001FE0000FC120012000700F3
:1093500009030407000000F80000000001FE0002FD
:10936000FCFDFC0200FE000000F700000000000011
:109370000000000000F100000000000000000000FC
:10938000000000000001F400F200000000FE0016E2
:10939000FDFD0202FE00FD020000F40000000000DE
:1093A000000000000000EA000200000000000000D1
:1093B0000000000000F2000D0000F8000700F1EAD4
:1093C000F1FC070000F10003FB00FD0000000000BD
:1093D000000000000000000607E50000000000009B
:1093E0000000000000000B0002000000000002026C
:1093F000FDFC00FFFFFE0000FE000000FC00FE0080
:10940000FBFC00FAF9F9FC00FC00FC00000000FE87
:109410000000020002FE000100000002FE00000049
:10942000FE0202FF000000FC00FF0000000000013F
:109430000003FE00FD00FC0000FE00070000FE002F
:1094400000000000FF01FEFE0000FE00FE00000024
:10945000000000000000FFFF00FEFD000000000013
:10946000010000FE00FEFEFE000000000000000003
:1094700000FF00000000FEFD00FD00F9FEF9040001
:1094800000FC02040600FAFFFD00FFF502FE02F4F4
:1094900002000001F400F4FEEDFE00F500040600F9
:1094A00003000000000000FCFD00F9000000FE00C9
:1094B0000000FE0000000000FFFF00FFFD000000B4
:1094C00000000000FEFE00FEFDFE0000FE000000A9
:1094D0000000000000000000FEFE00FD00FE00FC99
:1094E000020000FD010202000000000000FE00007A
:1094F000000000020000FE00FEFEFD000000000073
:1095000000000200FE00000000FEFD00FC0007FE5F
:1095100001F9000006F5F4F7FC0200FEF1FC00FC86
:1095200000FC03FCF200FA000001FF02FE00020052
:10953000F9F700F5FBFBFBF9FDFA00FCFA0100016D
:1095400000FE000000020002000000000000000019
:10955000000000FE00FF00FFFE00FCFBFBFF00F927
:10956000000000000000FE0000000001FF000000FD
:109570000200000000000000000B000000000000DE
:1095800002000000FE0000000000000000000000DB
:10959000FC000200000000000000000000000000CD
:1095A000FE000000FC00000000F5F9000000FDF5E1
:1095B0000000FE0200FA00000000000000000000B1
:1095C000FC0000FC000000000000000000000000A3
:1095D0000200FC00000000030002FCFC00FEFEFD97
:1095E000000000000000F900FE00FDFE00FBFAF99B
:1095F000FE00FC00F900000000120000010000FD68
:10960000000200F60000000000EBFC0707FEF70078
:1096100002FD00F5FFFD02F0FE030003F8FDF8F97E
:10962000F70000F3000D0000FF000000FFFFFEFA4E
:10963000F900EB0000000000000000000100000045
:1096400000000000000000000000000000FE00FF1D
:10965000FEFD0000FC00FE00000000000000000015
:10966000000000000000FF00FC000004FF0300FBFE
:1096700002FEFFFAFE00FDFEFE00FDFC0000FEFF04
:10968000FEFCFD0000FE0002FE00FB000000FC00EE
:10969000FC00FCFC020000000000000000FC0200D6
:1096A000FD00FEFDF9FEFEFEFFFEFDFF00000000D6
:1096B00000FEFEFE0000000003FE00FE000000FEB3
:1096C000FDFEFEFDFE000209FF00FA00FE0400FEA2
:1096D000F7FD030000F5FC02FC0200FEFEF900FDB0
:1096E000010000FC0000000202FCFC00FCFEFDFE8C
:1096F000FE00FC01FCFC0700000000000000000070
:109700000200000000000000000000000000000057
:109710000000000000000000FC000000000000004D
:109720000000000000000000000000000000000039
:109730000000000000000000000000000000000029
:1097400000000000FE00000000000000000000001B
:109750000000000000000000000000000000000009
:109760000000FEFE000000000000000000000000FD
:10977000FD0000FD0000FEFE00000000FE000000F5
:1097800000FF0000000000FE00000000FD00FC00E3
:109790000000F90002FB0400FEF50000FBFE00F7EC
:1097A000FAFA0000F6FEF7F7F500FA00020FFD00E6
:1097B000FBFEFFFEFCFAFCF8F7FBFE0000FE0001DA
:1097C0000000F0FE0705FBF80001F900F5FEFE04BD
:1097D000EBFD010000F1FDF4FEF00000F0000D01D2
:1097E00000FE00000000FFFEF7FE00F10000000098
:1097F000F900FE00FFFAF50000FFFDF9FE00FE0093
:10980000000000F6FEF9F9FEFCFAFEFC00FCFEF991
:10981000FD00FDFCFEFC000100FEF9000400FC0060
:10982000000000030002FC0900FEFEFD0000000035
:109830000000F900FE00FDFE00FBFAF9FE00FC024C
:109840000900000000120000010000FD00020000FD
:10985000000000000000000000000000FEFC00000E
:10986000000000FF000000FEFE0000FCFE0000FC07
:109870000004FF00000000000001000000000304DD
:1098800002FE00F9FC0007F9F9FCFC090402EDFEF8
:1098900004FE00FE02FEF800FE02FDFEF9FE0000DE
:1098A000070400FA00F4FD06FDF701FDF9F9FE09D1
:1098B0000200FD00FA000207FBF8F7FA070001F0CA
:1098C000FE02FCFEFB00FBF8FDFDFE0000FBFBFEC4
:1098D000000705FEF400F4FD00F8F3FFF9FCF9FAC7
:1098E000060000FD00FCFE00FEFC0004F902000082
:1098F000F400FEFBFCFEF9FAF9FB00F9FEFBFCF9B3
:10990000FE0000010BFC00F9FE00FEFCFBFAFAF77A
:10991000FDFC0400FD00F5FD0104F9F8FCF907FE6B
:1099200001EBFC04FBFCF800F9F7FDFEFEFEFBF981
:10993000FF00000706FEF100F3FB05F7F1FCF8F766
:10994000F5F90400000000FD000002FD0402FC0423
:109950000000F9FF00FF000101FE00000000000010
:10996000FE0000000002070000FD00000000FEFEF7
:10997000FD0000000102000000000200FE000900DE
:10998000040101FD000400000002000000000000CE
:1099900000000000000700060000000000000000BA
:1099A000000000000000F300FE04000700001603A2
:1099B000FCFC0202FE01F500000BF30000000000B9
:1099C000000000000000F1091F000000000000007E
:1099D0000000000000F30000000000000000000094
:1099E0000000000000000000000000000000000077
:1099F000FC0000FCFE000000000000000000000071
:109A00000000000000000000FE00FA00000100005D
:109A1000021DFCFE0706FA0200000202FD00000023
:109A20000000000000000000E3060000000000004D
:109A30000000000000000000000000FA000000FA32
:109A400000000000FBFF000000FB00FD00F500002F
:109A5000000000000000000000F100000000010014
:109A60000000000000FE0000FC00FD00FA00000005
:109A7000FC02FD0000FAFEFB0000FA00FE00F5000B
:109A8000FE0000EEFCF7FEF80000F100FAFF000017
:109A9000000000000000FDFCFEFC00000000FB00D8
:109AA000FB03FE0400FEFBFEFCFC00FDFFFE02FAD1
:109AB000FF000000ECFEFD00FB00FEF5FE0000FED6
:109AC000FE000000000200FEFCFE0400000000009A
:109AD0000000000000000000000000000000000086
:109AE0000000000000000000000000000000000076
:109AF00000000000000003000000000000FB00FE6A
:109B0000000000FC02000000FAFEFC0000FA00FE6B
:109B100000F500000000EA00FCF8F50000F100FE8E
:109B2000FD0000000000000000FEFDFFFD01000040
:109B300004FD00070BFEFEF9030B0405FA030903FD
:109B400006050600000000000000000000000E0BEB
:109B5000FCFE00FE120A12000000020000080000D5
:109B6000FC000000000000000000FE0000000000FB
:109B70000000000300000000EDFDFEF7F50000F11D
:109B800000000000000000000000000000000000D5
:109B900000FC000000000000000000FE00000000CB
:109BA000000000000300000000EDFDFEF7F50000DE
:109BB000F7000000000000000000000000000000AE
:109BC00000000000FE000000FB0200FE020402F99B
:109BD0000000FE02000200000000FA00FEFEFC0091
:109BE000FEF7000EFE00FBFE00FEFC00FEFAFCFD90
:109BF000000000FC000000000000000000FE00006B
:109C00000000000000000300000000EDFDFEF7F57D
:109C10000000F10000000000000B00000000000048
:109C200000000000FC00F9FDFE07FEFEF701FF0149
:109C3000FEFA000500020102FBF7FD00F7FCFAF74F
:109C4000F700FCFCFDFDFEFEFDFE00FEFF03000331
:109C5000FE0007000000000000000000000000FE01
:109C6000FEFE0000FA00FF00FC0000000000000003
:109C700000000000F30000000000000000000000F1
:109C8000FEFE00FD00000000FE0000FCFE0200FCE5
:109C9000FCFE00FAFEFBFEFD00FC000000000000E0
:109CA0000000000000F100070000FC00000000FDC3
:109CB00000FE0000FF0000FE00FB000009FDF9F9B6
:109CC00002020200FA020302070207FEFA0000F78E
:109CD0000000F9FA0000FC00FDFC00FD00FD00FEA4
:109CE0000300FEF9FE080000FE00FC000003FB007C
:109CF00002FE020000F900FEFF00FE02FE0000006E
:109D0000F7FDFB00F90000F50008FE00FC00010073
:109D1000FE00FEF900FE0200000000FE000002FD51
:109D2000010000FDFE00FD0000000000000000003A
:109D30000000000000000000F200050000FE00002E
:109D400000000000FEFE000000040005000000000E
:109D500000F2F3010A0704F70209000800040000FA
:109D60000000000000000000000C000000000000E7
:109D7000000000000000000000000000CC9102087C
:109D8000909002082E9102083D3100007C68020884
:109D9000FC8A0208689002087C9D020810000228D4
:109DA00058010020D1530108F552010810000300AA
:109DB00000FF01008C9D0208000000000000000070
:109DC00006F2ECE83699D661963ABE245E05FA05AD
:109DD000B1046A4D098EE7CE47FF00FEC0FCA4FA2D
:109DE000A97AF163F39C8AEA8EE3D3EC7AFE5DFFF5
:109DF0000FEA12F376F4DAFD3DFF37AA59BB9BCC8C
:109E0000FCE53EF7B87AB993FBB43DD63EEF585B1C
:109E1000397C5B9D5DC65EEF3E45BE655F96FFBECD
:109E20009FE7BE2D1E4EBF863FB7BFE73B269C4E29
:109E3000FD865EB7BFE73325B54D5886FBB69EE776
:109E4000CD653086B4A639CFBDEF6C9EB0AE14C7D9
:109E500079DFDDF70AD72EDF73E7B8F7DCFF6BFF9A
:109E60008EFFB3FFD8FFFCFF45FEA9FE10FF76FF73
:109E7000DCFF24FDA9FD70FE16FF9CFF88FB4CFC57
:109E800052FD77FE5CFF6C8B4FA454BD79D65DEF1D
:109E9000937C3595F8B5DBCE7EEFF7BD1CE77DEF03
:109EA000BEF7DFFFC6E165D145C1E3B0CCD8CBC07A
:109EB000AAA869883589F478D368B148B65975512C
:109EC0003441D230553AF331B2290F195C1CBA1B18
:109ED0003813340ADC045A04B703B3027805B40417
:109EE00011040C034F04CD034B0368020845673C83
:109EF000E62BE41A887DE76C4554433346C6A5AD8E
:109F0000E49CA283C6FE05FE44FDE2F380FD00FD55
:109F100060FC60FB60FCE0F360EB80E283F243E214
:109F200002DAA1B9686A065AA54924396F53CC42AE
:109F300029328721AE730C630842042100003C02E1
:109F40007804B306EE08280B610D990FD0110614A2
:109F50003A166C189D1ACB1CF71E212148236C253C
:109F60008E27AC29C72BDF2DF32F03321034183680
:109F70001C381C3A173C0E3EFF3FEC41D443B6451B
:109F800093476A493C4B084DCD4E8D504652F9538C
:109F9000A5554B57EA58825A135C9C5D1F5F9A6027
:109FA0000D627963DD6439668D67D9681D6A596B06
:109FB0008C6CB76DD96EF36F04710C720B730174F6
:109FC000EE74D275AD767F7747780679BB79677A7C
:109FD0000A7BA27B327CB77C337DA57D0D7E6C7EB7
:109FE000C07E0B7F4B7F827FAF7FD27FEB7FFA7F7C
:109FF000FF7F0000000000000004040404040404C7
:10A00000040404000000000006060606060605001B
:10A010000000000000000000000000000000000040
:10A020000200000000000000000004000002000226
:10A030000200000000000000020202020002000014
:10A040000002000000000000020000000001010505
:10A0500005050105000000000010010100000000DE
:10A060001002020C0C121200000000005C600208DA
:10A07000D7F20008000000000000000001F5000811
:10A0800000000000410400005C60020829FE000896
:10A0900077FE00080000000095FE000804010D0096
:10A0A000000600005C6002080301010800000000D7
:10A0B0000000000000000000D127D127440200006A
:10A0C0005C6002089D010108D90101080000000040
:10A0D000F101010804018200850300005C600208B0
:10A0E000F11001082911010800000000F91201080F
:10A0F000D127D127C40200005C6002089D4B0108F3
:10A100003D4C010800000000614C01088200D1278D
:10A11000050400005C60020893510108C551010864
:10A1200000000000DD4D010800000000800200007A
:10A130005C600208135D01083F6501080000000033
:10A1400069650108D127D127C00300005C600208BF
:10A15000796F0108F56F01080000000039700108EF
:10A16000D127D127C00400005C600208BF8001082D
:10A170000000000000000000D1800108D127D12795
:10A18000C00200005C6002081DD101080000000050
:10A190000000000095D10108D1278200C50200000F
:10A1A0004CA10208000000000000000000000000B8
:10A1B000FDD2010800000000C004000088A00208D1
:10A1C000C9D70108000000000000000021D80108E4
:10A1D00000000000850700005C60020817E9010824
:10A1E0003FE901080000000049E9010834001E00B1
:10A1F000840200005C600208A5EA0108E1EA0108A7
:10A200000000000041EB0108D127D12785030000A1
:10A210005C60020899F10108B3F301080000000036
:10A22000DDF3010804018200440600000AC00EF1BB
:10A230000DF00CF00AD008B00690058004700360A1
:10A240000120000002300FF20BD0B902E4ED05F757
:10A25000DB03F5BA01F39800F27600D043007000FA
:10A2600000B00065000000A000820000028000A095
:10A270000000056000B0000CFFFFFFFFF0045C650C
:10A2800057B550000B00047000000B0006400001A1
:10A290002A111931008FFFFFFFFF402488444C44EE
:10A2A000100073000A000000910019000000B000C7
:10A2B00047000000B0006500000000500000000AE8
:10A2C00000000000A0000007CEBA300AA0A05F2363
:10A2D000F10A01F96F00A00765F30A00001ED2A081
:10A2E00000005FFE3000002BFFA100000BAFD1008B
:10A2F00000B05F90000B00BD8700B008DAF00B00E3
:10A30000B93F30B06E103ABEB9100000B000000086
:10A310000B000000005000000089A4000000024073
:10A320000006A00E2000000B10000D500A80000057
:10A330007400000F4008A000029000000F3008C019
:10A34000000B1000000F4009A000740000000C601A
:10A350000B70029006880004C01E100B108905C007
:10A36000004882007400F200E3000000029003F055
:10A3700000C60000000B1004F000B80000007400DC
:10A3800003F000C7000002900001F100E400000BA0
:10A39000100000A603D00000740000001A8A2000FC
:10A3A00000800000000000000002AAAA20000000B7
:10A3B00001E4007D000000005E0001F200000006E4
:10A3C000E0002F000000002F400980000000009DE9
:10A3D00018700355540001EE300014D62002A4EC8E
:10A3E00000000D0003E203FB00039000C90005FA22
:10A3F0000092000F600006F9180001F8000008FD47
:10A4000010000DE100000DF800003FD4014A3BF7B9
:10A4100000002ADFD91009ED70B9EDDBBA98764358
:10A420000000260000B1000A60003D0000C60003E5
:10A43000F00008C0000C80000F60000F50002F409B
:10A44000001F40000F50000E70000AA00005E00041
:10A4500000F300007A00000E200004B00000750038
:10A4600000023500000A300002D000009800002FE2
:10A4700010000B700007C00003F10001F30000F5AD
:10A480000000F60000F60000F40002F30005E00012
:10A4900009A0000E40005C0000C3000680001A0006
:10A4A000001100000000B500000000D6000001000F
:10A4B000B400207FA2826DF1047AB9962000038A4D
:10A4C0000000003E17B00000E901E80000810055DF
:10A4D000000000000000000000A4000000000A408E
:10A4E00000000000A4000000000A4000000000A4DA
:10A4F00000003DDDDFEDDDC00000A4000000000A2B
:10A500004000000000A4000000000A40000000001D
:10A5100093000008E30CF702D500C1096064002E27
:10A52000EEEE00111110360DF68D20000002B00085
:10A53000007600000C200001D000005800000A3016
:10A540000000D000003A000008500000D100002BAD
:10A55000000007700000B200001D00000580000030
:10A56000A400000E000003A00000850000061000FB
:10A57000000004BBB5000005E201D70001F50004AE
:10A58000F3007F00000E900CC00000BE00EA000047
:10A5900009F00FA000008F20F9000007F20FA000C3
:10A5A000008F20EB000009F00CD00000BD007F0000
:10A5B000000E9001F50004F30005E101D70000044E
:10A5C000BAB500000000300027BFF000341BF000D7
:10A5D000000BE000000BE000000BE000000BE000CF
:10A5E000000BE000000BE000000BE000000BE000BF
:10A5F000000BE000000BE000000BE000000CF0009E
:10A600004BCFFDB50179AC91001D6001DD007F20CD
:10A61000005F606800002F900000002F80000000A5
:10A620006F30000000DA00000008D00000004E206B
:10A63000000001D20000000C30000000A400000067
:10A6400008500000006C77777771BFFFFFFFF300C1
:10A65000299AC91002F5001DD006D00006F40000AA
:10A660000005F500000009F10000007E400004CF65
:10A67000B2000000005E7000000005F40000000061
:10A68000FA00000000ED08300000FB0DB00004F6F9
:10A6900005F0002DB000499BC6000000003F4000BF
:10A6A00000000CF4000000085F4000000463F400A8
:10A6B0000001903F4000009103F4000064003F401F
:10A6C00000280003F4000A00003F4004FFFFFFFFE2
:10A6D000FA0222225F6220000003F4000000003F23
:10A6E0004000000003F4000000003F4000008FFF26
:10A6F000FFFA00098777774000A1000000000B00F7
:10A7000000000000B0000000000B0000000000DAB4
:10A71000CDB70000042004DE1000000003FA0000A2
:10A7200000000DE000000000CF004100000DD00F40
:10A73000900002F8007E0002CC00006AAAB6000079
:10A740000000000010000003AB5000008C2000004F
:10A750000B90000000CB00000007F10000000E800D
:10A760000000005F47BDA2009F9401AF30CE1000F3
:10A770000EB0DD00000AF0CE000008F2AF000008C5
:10A78000F17F30000AE01F80000E8006F3009D007C
:10A79000004BAA9000EFFFFFFFC677777798000085
:10A7A000000920000001C0000000870000000E101A
:10A7B000000006B0000000D50000004E0000000BB5
:10A7C00090000002F30000009D0000001F700000D8
:10A7D00007F1000000EB000000007BAB91000AB025
:10A7E00000AD003F30001F406F10000F604F400071
:10A7F0002F300ED100780003ED436000001ACF70B7
:10A8000000038006FC102E00004F90AA00000BF001
:10A81000DA000008F0AD00000BC03F70005F3002AE
:10A82000ABAAA200007BAB70000CB000CB007F1085
:10A83000002F50BD00000DC0EC00000AF0CE00005B
:10A8400009F18F400009F10DE4006EF0008CDA4F41
:10A85000B00000004F50000000CD00000006F300E3
:10A8600000006E30000008D2000007A400000001C4
:10A87000000000008D2DF6360000000000000000F2
:10A88000360DF68D2008D20DF603600000000000A2
:10A89000000000000008E30DF702D500C109606464
:10A8A0000000000002A10000008D4000005D70006B
:10A8B000002BA1000019C3000000BA000000001A1C
:10A8C000B2000000003C80000000006D500000005D
:10A8D000019C3000000003C100000000003DDDDDF0
:10A8E000DDDDC000000000000000000000000000EE
:10A8F000000000000000000003DDDDDDDDDC67009E
:10A9000000000008D4000000002BB2000000004D41
:10A9100070000000007D4000000002E50000005DC6
:10A920006000003C91000019C3000007D600000041
:10A930007910000000000000000007400004FFD470
:10A9400000059BD5000000A1000006500000960005
:10A95000005F3004CF8004FB30007A0000047000F8
:10A9600000030000000000002400000DF400009D22
:10A97000200000000027AABCB40000000008A300CB
:10A98000001890000001B4000000003B00000C30F3
:10A99000000000000750008600007DD69000B00146
:10A9A000C0000A900BC000A10850007B000A900074
:10A9B000730C1000E3000D7000550D0006D0000F61
:10A9C0004000731C0009B0003F1000A12C000C9047
:10A9D000005E0000B00D000BB000BC0008300D1090
:10A9E00007F6485D0077000880008C8108B93000C8
:10A9F00000D300000000000000003D300000000017
:10AA000000000002B93000035000000000047AA9E1
:10AA1000840000000000009D0000000000000EF215
:10AA20000000000000047F80000000000091CD00C5
:10AA3000000000000A07F20000000003702F700001
:10AA40000000008200DD000000000B0008F20000A2
:10AA5000000380003F700000008BAAAAFD000000E8
:10AA60000C000009F20000039000004F7000008409
:10AA7000000000EC00000C0000000AF2008CFC70EA
:10AA8000006BEFDA209BFFABBC810000DE0002CD43
:10AA90000000DE00003F7000DE00000FA000DE00BE
:10AAA000001F9000DE00007F3000DE0006E40000A2
:10AAB000DF9BEC400000DE00029D4000DE00000B4A
:10AAC000F100DE000006F600DE000005F600DE0004
:10AAD000000AF200DE00007F709CFFABBB9200001A
:10AAE000006BDCAB50002CD30001D902FA0000004F
:10AAF000990BF1000000694F80000000129F400098
:10AB0000000000CF2000000000DF0000000000CFA8
:10AB10002000000000AF40000000005F8000000047
:10AB2000030CF10000004C02FA0000007C003DC262
:10AB30000000BB00007CDBAB609BFFABBB93000065
:10AB400000DE00005F900000DE000002FA0000DE80
:10AB50000000008F4000DE0000001FC000DE00008B
:10AB6000000DF000DE0000000BF100DE0000000A26
:10AB7000F300DE0000000CF200DE0000000EF0002A
:10AB8000DE0000001FC000DE0000009F3000DE007D
:10AB90000003F90000DE00007F70009CFFABCD9247
:10ABA00000009BFFBBBBBEB000DE000007B000DEB4
:10ABB000000004C000DE000001A000DE0000000074
:10ABC00000DE0005600000DE0007600000DFAAADC7
:10ABD000600000DE0007600000DE0005600000DEAF
:10ABE0000000000000DE0000008100DE000000E147
:10ABF00000DE000001F19BFFBBBBBCF09BFFBBBBB9
:10AC0000BDB00DE000006C00DE000003D00DE000E0
:10AC1000000A00DE000000000DE000470000DE003A
:10AC20000670000DFAAAD70000DE000670000DE0E5
:10AC300000470000DE000000000DE000000000DE24
:10AC4000000000000DE00000009BFFCA2000000093
:10AC5000006BDCBB6000002CD30001BC0002FB00D9
:10AC600000006D000BF10000003D005F800000005F
:10AC70000400AF400000000000CF200000000000F2
:10AC8000DF000000222221CF20000078DF94AF40B7
:10AC9000000000AF105F80000000AF100CF100005A
:10ACA000009F1002FA0000009F10003CC20000AE9E
:10ACB0000000007CDBAB6000ACFFCA000ACFFCA048
:10ACC00000DE0000000DF00000DE0000000DF000CE
:10ACD00000DE0000000DE00000DE0000000DE000DE
:10ACE00000DE0000000DE00000DE0000000DE000CE
:10ACF00000DFAAAAAAAFE00000DE0000000DE0001D
:10AD000000DE0000000DE00000DE0000000DE000AD
:10AD100000DE0000000DE00000DE0000000DF0008D
:10AD200000DE0000000DF0009BFFBA0009BFFBA091
:10AD30009BFFBA000DF00000DF00000DE00000DE18
:10AD400000000DE00000DE00000DE00000DE00006D
:10AD50000DE00000DE00000DE00000DF00000DF05F
:10AD6000009BFFBA00009BEFCB300008F30000000F
:10AD70008F30000008F30000008F30000008F3005F
:10AD800000008F30000007F30000007F3000000754
:10AD9000F30000007F30000007F30000008F200068
:10ADA0000008F1000000AF0000000CA0000A82E2E1
:10ADB0000001CFB200009BFFBA009CFDA000DD00A7
:10ADC0000004A00000DD00002B000000DD0000B149
:10ADD000000000DD000A30000000DD007700000008
:10ADE00000DD04FB00000000DD2A9F40000000DEC3
:10ADF000B11FC0000000DF3008F5000000DD0000DA
:10AE0000ED000000DD00006F700000DD00000DE0CF
:10AE10000000DD000005F8009BFFB9008BFFB69B2A
:10AE2000FFBA0000000DE000000000DE000000009E
:10AE30000DE000000000DE000000000DE00000005A
:10AE400000DE000000000DE000000000DE00000059
:10AE5000000DE000000000DE000000000DE000003A
:10AE60003C00DE000005B00DE000008B9CFFBBBB8A
:10AE7000BEA01ACFD000000000AFDB4002FF3000C0
:10AE800000001FF500002AFA00000007AF50000282
:10AE90008CF1000000B6F50000285F600000385F0C
:10AEA00050000290ED00000926F500002908F3008B
:10AEB00000B06F500002902F90006606F500002948
:10AEC00000CF000B006F5000029005F6029006F5CF
:10AED000000029000EC083006F50000290009F3BCD
:10AEE0000006F50000290002FD70006F500002907E
:10AEF000000CF10006F5001BDEB7006A004BDFDB3B
:10AF0000401ACFB00000ACEDB1003FF50000008268
:10AF100000003AEE100000820000385FA0000082BE
:10AF20000000380AF500008200003801EE100082AF
:10AF3000000039005FA00082000039000AF400829E
:10AF40000000390001EE008200003900005F9082AD
:10AF500000003900000AF482000039000001ED927F
:10AF60000000390000005FF20000390000000AF222
:10AF7000001BDECA000001E20000019CBCB400001E
:10AF8000004E70003E800003F7000003F9000DE062
:10AF90000000009F305F700000002FB0AF30000055
:10AFA000000EF0CF200000000DF1DF000000000BCC
:10AFB000F2CF100000000DF1AF300000000EF06F76
:10AFC000700000002FB00DD00000008F3004F6009C
:10AFD0000002E900005E60003E800000019ABBB400
:10AFE00000009BFFABBB700000DE0001BE1000DE66
:10AFF00000001FA000DE00000CE000DE00000AF0F0
:10B0000000DE00000DD000DE00004F7000DE000604
:10B01000E90000DFABA8200000DE0000000000DE39
:10B020000000000000DE0000000000DE0000000064
:10B0300000DE000000009CFFCA20000000019CBC54
:10B04000A30000003E80004E700002F8000003F8EC
:10B05000000BE00000009F204F800000003FA09FF9
:10B06000400000000FE0CF200000000DF1DF0000E5
:10B0700000000BF2CF100000000CF1AF3000000018
:10B080000EF07F500000000FC02FA00000005F7086
:10B090000AF1000000BE0001DC000007F400001B04
:10B0A000C3128E3000000029FB400000000002F8AF
:10B0B000000000000000DD0000000000004F9001D3
:10B0C0000000000003ADB8109BFFABBCA300000D57
:10B0D000E00008F50000DE00000CE0000DE00000DC
:10B0E0008F2000DE000009F1000DE00001EB000000
:10B0F000DE0002CB10000DFAAEE4000000DE000A14
:10B10000E200000DE0001FA00000DE0000BF000014
:10B110000DE00006F40000DE00002F80000DE000CE
:10B1200000DD009CFFCA0004EBA0006CCBB7000A56
:10B13000C2000CA04F200008A08F000005807F30C7
:10B140000000002FE300000005FFB40000003BFFFB
:10B15000C300000029FF600000002EF1100000066F
:10B16000F4D1000004F3E5000007F0EA00005F50AE
:10B1700007BBCCA2006FBBBDFDBBBE97B0004F703C
:10B18000008A880004F70005B850004F70002A00BC
:10B190000004F700000000004F700000000004F7FA
:10B1A00000000000004F700000000004F7000000E5
:10B1B00000004F700000000004F700000000004F86
:10B1C000700000000004F700000000004F70000055
:10B1D0000006BDFEB800000ACFEB8000ABEDA10079
:10B1E0002F900000009200002F90000000920000BD
:10B1F0002F900000009200002F90000000920000AD
:10B200002F900000009200002F900000009200009C
:10B210002F900000009200002F900000009200008C
:10B220001FA0000000B100000FC0000000B000002F
:10B230000DF1000001C0000006F8000009500000F8
:10B2400000BF9424AB0000000006CEEC6000009C20
:10B25000FFB90008BEDA100EE0000000C100009F38
:10B260004000001B000003F90000066000000EE033
:10B270000000B10000008F30001B00000003F80048
:10B2800006600000000DE000B1000000008F300BF0
:10B290000000000002F80570000000000DD0A100C1
:10B2A000000000007F3B000000000002FC70000076
:10B2B0000000000CF20000000000007C0000000014
:10B2C0007BFFB9007BFEB800ACFC900CF000000ED8
:10B2D000D000001B00008F400003EF20000570002D
:10B2E00003F8000076F600009300000FC0000B0E7C
:10B2F000B0000C000000AF1001909F0002A0000001
:10B3000006F5005505F400660000002F900A100FA6
:10B31000900A20000000DD00A000BE00C000000078
:10B3200009F1370007F229000000004F5820002FD4
:10B33000765000000000FAB00000DCA10000000020
:10B340000CE9000008FB00000000007F4000004FF7
:10B35000800000000003F0000000F40000004BFF3C
:10B36000DB305BEDB3005F900000C100000CF20029
:10B370000660000003FB001B000000009F409200DD
:10B380000000001FD3800000000007FD0000000047
:10B390000000EF100000000004BFA0000000000B40
:10B3A0000BF3000000008402FC00000002A0009FDC
:10B3B0005000000B10001EE0000067000006F700C0
:10B3C0007CFDB101ACFFB74BFFCA103BDEB400AF50
:10B3D0004000008400002FC00000C000000AF300FD
:10B3E0000750000003FB000B00000000BF206600B8
:10B3F0000000003FA0B0000000000BF6600000005D
:10B400000003FE000000000000FC0000000000003F
:10B41000FC000000000000FC000000000000FC0038
:10B420000000000000FC0000000003ACFFBA1000A8
:10B430000FCBBBBBBFF20F2000004FA01F000000CE
:10B44000DE102B000008F5000000003FB0000000F7
:10B4500000CF2000000007F7000000002FC0000010
:10B460000000BF3000000006F8000000001ED00001
:10B47000000000AF4000006704FA000000970EE1F2
:10B48000000000D66FEBBBBBBBF6DFCB0D9000D945
:10B49000000D9000C9000C9000C9000C8000C8008D
:10B4A0000C8000C8000C8000C9000C9000C9000D81
:10B4B0009000D9000D9000DC43067770B3000006C1
:10B4C0008000001C000000C10000086000003B007C
:10B4D0000000D000000940000059000000D000002A
:10B4E0000B30000067000002C000000D1000008655
:10B4F000000003A000000E000000A4000005900062
:10B5000000061BCFB000BB000BB000BA000BA000C0
:10B51000BA000BA000BA000BA000BA000BA000BA42
:10B52000000BA000BA000BA000BA000BB000BB03D8
:10B530004DB177750000D800000078D200001D04DE
:10B54000B0000A400A5004A0001D00C100006903B9
:10B55000000000301FFFFFFFFFFF500E5000AE1035
:10B5600000AA0000940000100299AC70002E500256
:10B57000F6009F1000DB00130000BD00000037DD67
:10B5800000018A51BD003E6000BD00CC0000BD003E
:10B59000EB0001DE00AF51498F121BFD801DD60468
:10B5A0007A2000000017BF30000000006F2000006C
:10B5B00000006F20000000006F20000000006F20DE
:10B5C000000000006F25BFC600006FA5018F80003E
:10B5D0006F30000AF2006F300003F8006F30000196
:10B5E000FA006F300000FC007F300001FA007F306D
:10B5F0000003F7007F30000AF1007FA5118F602F54
:10B60000FF06CFB5000002ABAA40006E5003F40263
:10B61000F70000DC0AF00000230DD00000000FB09E
:10B620000000000ED00000000BF100000005F90042
:10B63000000300AFA313940005BEEB30000000042C
:10B640007A20000000017BF300000000006F300052
:10B6500000000006F300000000006F200000000062
:10B6600006F2000005CFC56F200009F7116CF2004B
:10B6700003F700007F2000BF000006F2000ED0009C
:10B68000006F2000FC000006F2000EC000006F20DA
:10B6900000CE000006F20005F500007F20000BE25E
:10B6A000003CF2000007CCA56FCB000004AAAB3031
:10B6B0000007C1004F3003F20000BC00BD00000ACB
:10B6C000F00DE9999ACC00FC000000000EE00000AB
:10B6D0000000BF2000000004FB0000060009FB3151
:10B6E00049600005BEFC4000000008BD700000D4A9
:10B6F0002CD00008B00000000F500000004F3000B8
:10B7000000006F3000003BDFDCC300006F30000042
:10B71000006F300000006F300000006F300000004C
:10B720006F300000007F300000007F300000007F9D
:10B73000300000007F4000002AEFDA2000002AAA33
:10B74000B559A01E8001EB4308F00008F000AE00E0
:10B75000006F1006F10009E0000CA003F50000499D
:10B76000999300001B0000000006C0000000004F7D
:10B77000B8777500008FFFFFFD104A000016F80F24
:10B780003000000D92F2000000F40DB10003C7007C
:10B7900018CCBB9200036A20000000017BF300007C
:10B7A0000000006F200000000006F2000000000012
:10B7B0006F200000000006F200000000006F219ED4
:10B7C000EA000006F5B627F800006F90000DD000E3
:10B7D00006F30000AF00006F30000AF00006F3002F
:10B7E00000AF00007F30000AF00007F30000AF0058
:10B7F000007F30000AF00007F30000AF001ADFC737
:10B8000002AEFB50008D2000CF400013000000006E
:10B81000000000059E4016AF30007F30006F300002
:10B820006F30006F30006F30006F30006F30007F7E
:10B83000301ADFC700009D10000DF3000013000058
:10B84000000000000000018CF20013AF200008F29D
:10B8500000008F100008F100007F100007F10000C9
:10B860007F100008F100008F100008F100008F0029
:10B870000009E00000C903B62E103DEA1000036A7B
:10B8800020000000017BF300000000006F3000008A
:10B89000000006F300000000006F3000000000060A
:10B8A000F300000000006F303BEEB50006F3002B04
:10B8B0001000006F301B10000006F31C1000000089
:10B8C0006F3BF500000006FC2DD00000007F405FBC
:10B8D00070000007F300CE1000007F3004F8000075
:10B8E00007F3000BF1001ADFC8002FDA00036A200B
:10B8F000017BF300006F300006F300006F3000069C
:10B90000F300006F300006F300006F300006F30014
:10B91000006F300006F300007F300007F300007F67
:10B92000300007F3002ADFCA00059D11AEE7007D55
:10B93000FC20027BF5B52AF4A734EC00007F9000D0
:10B940001FD20008F10007F20000FA00006F30007B
:10B950007F20000EB00005F40007F20000EB0000AD
:10B960005F40007F30000EB00005F40007F30000D8
:10B97000EB00005F40007F30000EB00006F40007CF
:10B98000F30000EB00006F401ADFC705BFEA20ADEF
:10B99000FC80059D119EE900027BF4B627F70000AC
:10B9A0007F90000DC00007F20000BE00007F200065
:10B9B0000AF00007F20000AF00007F30000AF0003C
:10B9C00007F30000AF00007F30000AF00007F3002B
:10B9D00000BF001ADFC703AEFB500004BBBA300043
:10B9E00008E2003E6003F500007F20BF000001F97F
:10B9F0000DD000000FC0FC000000EE0ED000000FC4
:10BA0000C0BF000001F904F500007F2008D2003E0D
:10BA1000700004BAAB3000059D16BFC60027BFA555
:10BA2000018F80007F40000AF2007F300003F800A1
:10BA30007F300001FA006F300000FB006F30000122
:10BA4000F9006F300004F7006F30000BF1006FB4A5
:10BA5000119F60006F38DFB400007F3000000000ED
:10BA60007F30000000007F30000000007F300000C9
:10BA7000001ADFCA1000000005CEC60530009F6125
:10BA8000169F3003F700007F300BF000006F300D81
:10BA9000D000006F300FB000006F300ED000006F8C
:10BAA000300CF000006F3006F600007F3000CF61F0
:10BAB00017BF300008DEB45F30000000006F3000B8
:10BAC0000000006F30000000006F30000000006FC9
:10BAD000300000003ADFC9059D02BFA027BF3C5ED1
:10BAE000E0007FA20000007F900000007F30000097
:10BAF000007F200000007F300000007F3000000049
:10BB00007F300000007F3000001ADFCA100004BA46
:10BB1000AB504E2002F0AB0000E0AE2000104FF919
:10BB2000300004CFFC3000029FF2300003F7E10048
:10BB300000F6E40006E15BBAB910003F0000006FB8
:10BB40000000009E00007BEFCC9000BE000000BE15
:10BB5000000000BE000000BE000000BE000000BEED
:10BB6000000000BE000000BF0000008F4030001B3E
:10BB7000FC6000010000001003BFF0005CFB00004F
:10BB8000BF00000EB0000BE00000EB0000BE0000A4
:10BB90000EA0000BE00000EA0000BE00000EA000B6
:10BBA0000BE00000EA0000AF00000EA00009F20068
:10BBB00006FA00003FC35A5EA000007EFC40EFE2A0
:10BBC0001AFFB800ADD9008F40000830002F900058
:10BBD0000B00000CF00028000006F50082000000B9
:10BBE000FA00A0000000AF12700000004F681000C3
:10BBF00000000EB90000000008F60000000002F18D
:10BC000000000AEFB704BFDA03BEC6008F20001F92
:10BC1000A0000B10003F70006BF0000B00000EC086
:10BC200000A2F50046000008F10180DA0091000052
:10BC300003F506307F00A0000000EA0A002F4270E2
:10BC40000000008F28000DA7200000003FB2000870
:10BC5000F9000000000ED00003F800000000098089
:10BC60000000D300006CFEA00AED8000CE1000B1F1
:10BC700000003FB00840000008F53800000000DE7A
:10BC8000A0000000004FA000000000AAF400000087
:10BC90000651EE0000002A005F900000B1000AF398
:10BCA000007CEA108CFEA01AFFB7009BEA0008F4A3
:10BCB00000005600002F90000A100000BF0001A0F5
:10BCC000000005F500640000000EB00A000000004E
:10BCD0008F118000000002F672000000000BC90006
:10BCE000000000005F700000000000E100000000A4
:10BCF0000009000000000006400000000000A00055
:10BD000000000DC3B200000000AFC3000000000F30
:10BD1000BAAAAFF00F10005F600D0001EC00020046
:10BD20000AF20000004F70000000ED00000009F36F
:10BD30000000004F80004200DD0000B408F3000066
:10BD4000E31FEAAAAAF20004CC9003F400007D00ED
:10BD50000007E000004F100000F300000A60000040
:10BD60008800000C30008A500006A7000000B400D4
:10BD70000008800000B600000F300004F000007ED4
:10BD8000000007D000002F60000029B8255A5A5A39
:10BD90005A5A5A5A5A5A5A5A5A5A5A5A5A5A5A5A03
:10BDA0005A5A5A3BD9100000CA000006F000007E23
:10BDB000000009B00000C700000E200000F00000E5
:10BDC0000C4000001A940002B83000D300000F00AD
:10BDD0000000E200000B7000009C000006F0000074
:10BDE0006E00001C9003AB600009EC400055880316
:10BDF000C911C2A00007DD600000000000000000C3
:10BE000000310000000000000015AEFD0000000041
:10BE100000027CFFFFFF0000000049EFFFFFFFFF73
:10BE2000000004BFFFFFFFFFFFFF00000FFFFFFF49
:10BE3000FFFFFFFF00000FFFFFFFFFFB69FF000098
:10BE40000FFFFFFE950008FF00000FFFC730000046
:10BE500008FF00000FF80000000008FF00000FF8C6
:10BE60000000000008FF00000FF80000000008FFBD
:10BE700000000FF80000000008FF00000FF80000AD
:10BE8000017BBDFF00000FF800001EFFFFFF001345
:10BE90002FF800007FFFFFFF2BFFFFF800004FFF90
:10BEA000FFFCDFFFFFF8000006EFFFA1FFFFFFF739
:10BEB0000000000220007FFFFFD100000000000012
:10BEC000028AA600000000000000C403FFFFFFFF7D
:10BED000FFFF404CFDCDFFEEEEEEEEFFDCDFFA8A19
:10BEE000FA00000000AFB8AFF403FA000000009FB2
:10BEF000404FF404FA000000009F504FFFFFFA008B
:10BF00000000009FFFFFF747FD77777777DF847F9B
:10BF1000F403FFFFFFFFFFFF404FF747FD77777701
:10BF200077DF847FFFFFFA000000009FFFFFF4042B
:10BF3000FA000000009F504FF403FA000000009F39
:10BF4000404FFA8AFA00000000AFB8AFFDCDFFEE17
:10BF5000EEEEEEFFDCDFC403FFFFFFFFFFFF404C10
:10BF600000000000000000000000DFFFFA0CFFFFEF
:10BF7000FFFFFFFDFFFFFD0EFFFFFFFFFFFFFFFFC6
:10BF8000FD0EFFFFFFFFFFFFFFFFFD0EFFFFFFFFA7
:10BF9000FFFFCFFFF90AFFFFFFFFFFFC00000000DB
:10BFA000000000000000CFFFF90BFFFFFFFFFFFCC8
:10BFB000FFFFFD0EFFFFFFFFFFFFFFFFFD0EFFFF77
:10BFC000FFFFFFFFFFFFFD0EFFFFFFFFFFFFCFFFA4
:10BFD000FA0BFFFFFFFFFFFC000000000000000065
:10BFE0000000CFFFF90AFFFFFFFFFFFBFFFFFD0E81
:10BFF000FFFFFFFFFFFFFFFFFD0EFFFFFFFFFFFF44
:10C00000FFFFFD0EFFFFFFFFFFFFDFFFFA0CFFFF4B
:10C01000FFFFFFFD00000000000000000000000026
:10C020000000000000004E6000000000000000045E
:10C03000FFF7000000000000004FFFFF00000000BD
:10C04000000004FFFFF60000000000004FFFFF604B
:10C0500006E400000004FFFFF6007FFF4000004FF1
:10C06000FFFF6000FFFFF40004FFFFF600006FFF1A
:10C07000FF404FFFFF60000006FFFFF8FFFFF500E5
:10C080000000005FFFFFFFFF500000000005FFFF02
:10C09000FFF50000000000005FFFFF5000000000FF
:10C0A000000005FFF500000000000000005E5000E9
:10C0B00000000000067000000018408FFB00000127
:10C0C000DFF4FFFFB0001DFFFB7FFFFB01DFFFF48C
:10C0D00008FFFFBDFFFF40008FFFFFFFF4000008D7
:10C0E000FFFFFF40000001EFFFFC0000001DFFFF0D
:10C0F000FFB00001DFFFFFFFFB001DFFFF48FFFF58
:10C10000B0CFFFF4008FFFF9DFFF400008FFF92EEA
:10C11000F40000008FC000100000000100000000CB
:10C120000026500000000000000000DFF3000000C7
:10C130000000006400DFF400720000000BFE10DF5E
:10C14000F409FE300000AFFF50DFF40EFFE1000500
:10C15000FFFB00DFF405FFFB000DFFB000DFF40084
:10C160005FFF404FFF2000DFF4000BFFA08FFB00BC
:10C1700000DFF40004FFF0BFF70000DFF40001FF70
:10C18000F1BFF60000DFF40000FFF2BFF700008D02
:10C19000C10000FFF18FFA000000000004FFF04F23
:10C1A000FF10000000000AFFB00EFFB0000000000A
:10C1B0004FFF5006FFF900000004FFFC0000AFFF36
:10C1C000D510039FFFF200000BFFFFFFFFFFFF40B2
:10C1D0000000008FFFFFFFFFD200000000029EFF63
:10C1E000FFB6000000000000001210000000000078
:10C1F00000000002200000000000000006FFFF60B9
:10C2000000000000000008FFFF80000000000100A7
:10C210002BFFFFB2001000008F87FFFFFFFF79F8B0
:10C220000004FFFFFFFFFFFFFFFF400CFFFFFFFFCA
:10C23000FFFFFFFFC02FFFFFFFC77CFFFFFFF207DD
:10C24000FFFFFA0000AFFFFF70006FFFF100001F5B
:10C25000FFF600007FFFE000000EFFF700006FFF19
:10C26000F100001FFFF60007FFFFFA0000AFFFFF1D
:10C27000702FFFFFFFC77CFFFFFFF20CFFFFFFFFE8
:10C28000FFFFFFFFC004FFFFFFFFFFFFFFFF4000B6
:10C290008F97FFFFFFFF78F8000001001BFFFFB141
:10C2A00000100000000008FFFF80000000000000F8
:10C2B00006FFFF60000000000000000220000000F8
:10C2C0000000000000004610006760000000000051
:10C2D000009FFE200FFF000000000001BFFFFF5184
:10C2E000FFF10000000002DFFC8FFF8FFF10000055
:10C2F0000004FFFA004EFFFFF100000007FFF708FF
:10C30000D32DFFFF1000000AFFF51BFFF50BFFF414
:10C3100000001CFFE22DFFFFF708FFF6003EFFC103
:10C320004EFFFFFFFA05FFF90EFF906FFFFFFFFFC3
:10C33000FC13EFF64F709FFFFFFFFFFFFE31CC00B5
:10C34000003FFFFFFFFFFFFFFB00000004FFFFFFB8
:10C35000FFFFFFFFC00000004FFFFF8001EFFFFC69
:10C3600000000004FFFFF6000EFFFFC00000004FBA
:10C37000FFFF6000EFFFFC00000004FFFFF6000E6F
:10C38000FFFFC00000002FFFFF4000CFFFFA0000BA
:10C39000000000000000000000000000000000009D
:10C3A00056650000000000000007FFFF700000005D
:10C3B00000000008FFFF8000000000000008FFFFF1
:10C3C0008000000000000008FFFF80000000000067
:10C3D0000008FFFF8000000000000008FFFF800051
:10C3E000000000000008FFFF800000000007EEEFE3
:10C3F000FFFFFEEE70000005FFFFFFFFFFFF500094
:10C4000000006FFFFFFFFFF60000000005FFFFFFC9
:10C41000FF5000000000005FFFFFF500000000007B
:10C420000005FFFF500000007AAAAA914FF419AA54
:10C43000AAA7FFFFFFFD2332DFFFFFFFFFFFFFFF84
:10C44000F99FFFFFFFFFFFFFFFFFFFFFFFFFFFFF62
:10C45000FFFFFFFFFFFFFB0F48FFFFFFFFFFFFFF97
:10C46000FFEFEFFF1444444444444444444100007B
:10C470003DFFFFFFFFFFF9000000001EFFFFFFFF71
:10C48000FFFFF80000000AFF9888888888DFF30023
:10C490000005FFA00000000002FFD00001EFE10056
:10C4A0000000000008FF8000AFF500000000000061
:10C4B0000DFF305FFA000000000000003FFD0DFF9F
:10C4C0009888700000038888DFF5FFFFFFFF4000B9
:10C4D00000CFFFFFFF7FFFFFFFFC00005FFFFFFFBC
:10C4E000F8FFFFFFFFFFFFFFFFFFFFFF8FFFFFFFD3
:10C4F000FFFFFFFFFFFFFFF8FFFFFFFFFFFFFFFF53
:10C50000FFFFFF8EFFFFFFFFFFFFFFFFFFFFF65E56
:10C51000FFFFFFFFFFFFFFFFFFFB00000000000128
:10C5200010000007BA0000017CFFFFB5000BFF0000
:10C53000007FFFFFFFFFE50BFF000AFFFFDBBEFFF1
:10C54000FF9AFF009FFFA200003BFFFFFF05FFF6E1
:10C55000000000005FFFFF0DFF60000007BA9CFFB6
:10C56000FF3FFC0000000CFFFFFFFF7FF600000014
:10C570000BFFFFFFFF0000000000000000000000B4
:10C5800000000000000000000000000000000000AB
:10C59000000000FFFFFFFFB00000006FF6FFFFFF8D
:10C5A000FFC0000000CFF3FFFFC9AA70000007FF23
:10C5B000D0FFFFF5000000006FFF50FFFFFFB3004A
:10C5C000003BFFF900FFA9FFFFEBBDFFFFA000FF4D
:10C5D000B05DFFFFFFFFF70000FFB0005BFFFFC88B
:10C5E000100000AB7000000110000000000000000F
:10C5F000000100000002EE0000002EFF000002EF2C
:10C60000FF47777EFFFFFFFFFFFFFFFFFFFFFFFFFB
:10C61000FFFFFFFFFFFFFFFFFFFFFFFFFFFFFFFF2A
:10C62000FFFFFFFFDFFFFFFFFF000009FFFF00002C
:10C63000009FFF00000009FF0000000089000000CB
:10C6400000890000000000009FF000000000009F33
:10C65000FF00000000009FFFF00000DFFFFFFFFF72
:10C6600000730FFFFFFFFFF01FF4FFFFFFFFFF004E
:10C670005FCFFFFFFFFFF000FFFFFFFFFFFF004F57
:10C68000DFFFFFFFFFF01FF5FFFFFFFFFF00850447
:10C690007777EFFFF00000000002EFFF00000000DE
:10C6A0000002EFF0000000000002EE0000000000B9
:10C6B000000110000000000000000000007B2000CE
:10C6C000000000000010000009FE30000000000221
:10C6D000EE00000009FF2000000002EFF0000870EB
:10C6E00008FD00000002EFFF0000EFB00CF6047739
:10C6F00077EFFFF00002DF803FD0FFFFFFFFFF007A
:10C700007401FF10CF3FFFFFFFFFF01FF408F70792
:10C71000F6FFFFFFFFFF005FC03FA04F9FFFFFFF3F
:10C72000FFF000FF02FB04F9FFFFFFFFFF005FC007
:10C730003FA05F9FFFFFFFFFF01FF408F707F6DF42
:10C74000FFFFFFFF007402FF10CF3000009FFFF0DB
:10C750000002EF803FD00000009FFF0000EFB00C10
:10C76000F6000000009FF000087008FD00000000C7
:10C77000008900000008FF20000000000000000009
:10C7800009FF300000000000000000007B200000D6
:10C790005EFFFFFFFFFFFFFFFFE5EFFFFFFFFFFF74
:10C7A000FFFFFFFEFFF638FFFFFFFFFFFFFFFF6009
:10C7B00000AFFFFFFFFFFFFFFF30007FFFFFFBEF3A
:10C7C000FFFFFF8000CFFFFF903EFFFFFFFA7CFFDF
:10C7D000FFF90003EFFFFFFFFCFFFF9000003EFFAB
:10C7E000FFFF906FF900000008FFFFF900069000BE
:10C7F000000008FFFFB000000000000008FFFF80FD
:10C8000000000000000008FFFFC88888888888882A
:10C810008CFFEFFFFFFFFFFFFFFFFFFE5EFFFFFF4D
:10C82000FFFFFFFFFFE500000042000000000003E3
:10C83000FF10000000000AFF60000000001FFFC0A2
:10C84000000000008FFFF400000001FFFFFC00006B
:10C85000000AFFFFFF6000004FFFFFFFF20001EF43
:10C86000FFFFFFFC000BFFFFFFFFFF703FFFFFFF1D
:10C87000FFFFF1AFFFFFFFFFFFF6EFFFFFFFFFFF3F
:10C88000FAFFA6FFFFFFFFFBEF91FFFFFFFFFABFDD
:10C89000E09FFFFFFFF75FF907CFFFFFF20CFFB349
:10C8A00009FFFF8001DFFFFFFFFA000009FFFFFF24
:10C8B0007000000015774000004760000000161B64
:10C8C000FF1000002DFBBFF100002EFFCBFF10007A
:10C8D0003EFFFCBFF1004FFFFFCBFF105FFFFFFCEF
:10C8E000BFF16FFFFFFFCBFF9FFFFFFFFCBFFFFF0D
:10C8F000FFFFFFCBFFFFFFFFFFFCBFFFFFFFFFFFBF
:10C90000CBFF4EFFFFFFFCBFF12DFFFFFFCBFF1062
:10C910001CFFFFFCBFF1000CFFFFCBFF10000BFF63
:10C92000FCBFF100000AFFCAFF10000008F700007A
:10C930000000000000065000000000000000BFFDE5
:10C9400030000000000000FFFFFA100000000000AF
:10C95000FFFFFFF70000000000FFFFFFFFD4000013
:10C960000000FFFFFFFFFFB2000000FFFFFFFFFF1F
:10C97000FF800000FFFFFFFFFFFFFE5000FFFFFFF3
:10C98000FFFFFFFFFB20FFFFFFFFFFFFFFFFF2FFA7
:10C99000FFFFFFFFFFFFFFF6FFFFFFFFFFFFFFFFB0
:10C9A000F2FFFFFFFFFFFFFFFB20FFFFFFFFFFFF87
:10C9B000FD5000FFFFFFFFFFFF800000FFFFFFFFB4
:10C9C000FFA2000000FFFFFFFFD400000000FFFFF8
:10C9D000FFF70000000000FFFFFA10000000000059
:10C9E000BFFD300000000000000650000000000005
:10C9F0000000067777300006777730BFFFFFF3003F
:10CA0000BFFFFFF3FFFFFFF700FFFFFFF7FFFFFF91
:10CA1000F800FFFFFFF8FFFFFFF800FFFFFFF8FF40
:10CA2000FFFFF800FFFFFFF8FFFFFFF800FFFFFF29
:10CA3000F8FFFFFFF800FFFFFFF8FFFFFFF800FF20
:10CA4000FFFFF8FFFFFFF800FFFFFFF8FFFFFFF811
:10CA500000FFFFFFF8FFFFFFF800FFFFFFF8FFFFF9
:10CA6000FFF800FFFFFFF8FFFFFFF800FFFFFFF8F0
:10CA7000FFFFFFF800FFFFFFF8FFFFFFF800FFFFD9
:10CA8000FFF8EFFFFFF600EFFFFFF66FFFFFC100BB
:10CA90006FFFFFC100000000000000000005777775
:10CAA000777777777730BFFFFFFFFFFFFFFFF3FF59
:10CAB000FFFFFFFFFFFFFFF7FFFFFFFFFFFFFFFF8E
:10CAC000F8FFFFFFFFFFFFFFFFF8FFFFFFFFFFFF84
:10CAD000FFFFF8FFFFFFFFFFFFFFFFF8FFFFFFFF74
:10CAE000FFFFFFFFF8FFFFFFFFFFFFFFFFF8FFFF64
:10CAF000FFFFFFFFFFFFF8FFFFFFFFFFFFFFFFF854
:10CB0000FFFFFFFFFFFFFFFFF8FFFFFFFFFFFFFF3C
:10CB1000FFF8FFFFFFFFFFFFFFFFF8FFFFFFFFFF33
:10CB2000FFFFFFF8FFFFFFFFFFFFFFFFF8EFFFFF33
:10CB3000FFFFFFFFFFF66FFFFFFFFFFFFFFFC100DB
:10CB4000000000000000000005200000005766FF04
:10CB50004000000CFF8FFF600000DFF8FFFF700057
:10CB60000DFF8FFFFF8000DFF8FFFFFF900DFF8FAD
:10CB7000FFFFFFB0DFF8FFFFFFFFCDFF8FFFFFFFDD
:10CB8000FFFFF8FFFFFFFFFFFF8FFFFFFFFFFFF833
:10CB9000FFFFFFFF5DFF8FFFFFFF40DFF8FFFFFE9E
:10CBA000300DFF8FFFFE2000DFF8FFFD20000DFF9E
:10CBB0007FFD100000DFF3FB1000000CFF00000001
:10CBC0000000000000000000021000000000000053
:10CBD000000AFF400000000000000AFFFF300000D4
:10CBE00000000008FFFFFE200000000007FFFFFF1D
:10CBF000FE1000000006FFFFFFFFFD10000005FF14
:10CC0000FFFFFFFFFC000004FFFFFFFFFFFFFB0033
:10CC100003FFFFFFFFFFFFFFFA00DFFFFFFFFFFF44
:10CC2000FFFFF50EFFFFFFFFFFFFFFFF605FFFFF4E
:10CC3000FFFFFFFFFFC00000000000000000000039
:10CC40009FFFFFFFFFFFFFFFE20FFFFFFFFFFFFF61
:10CC5000FFFF70FFFFFFFFFFFFFFFFF80FFFFFFF6A
:10CC6000FFFFFFFFFF70BFFFFFFFFFFFFFFFF300AE
:10CC700000000000000000000000000000000000B4
:10CC800000005F800000005FFF4000005FFFE200E7
:10CC9000005FFFE200005FFFE300005FFFE30000D2
:10CCA0005FFFE300005FFFE300000DFFF500000001
:10CCB0004FFFE30000004FFFE30000004FFFE300E1
:10CCC00000004FFFE30000005FFFE30000005FFF94
:10CCD000E20000005FFF400000005F8000000000F5
:10CCE0000000000000000002DB00000000CFFC009C
:10CCF000000009FFFC00000009FFFC00000009FF24
:10CD0000FC00000009FFFC00000009FFFC0000001F
:10CD100009FFFC0000000DFFF6000009FFFC000009
:10CD200009FFFC000009FFFC000009FFFC000009EE
:10CD3000FFFC000009FFFC000000CFFC0000000227
:10CD4000DB000000000000000000000000000255B1
:10CD5000000000000000000FFF8000000000000045
:10CD60002FFFA00000000000002FFFA00000000027
:10CD700000002FFFA00000000000002FFFA0000017
:10CD8000000000002FFFA00000003777778FFFC75B
:10CD9000777760EFFFFFFFFFFFFFFFF6FFFFFFFF6B
:10CDA000FFFFFFFFF8DFFFFFFFFFFFFFFFF514446A
:10CDB000445FFFB44444300000002FFFA000000097
:10CDC0000000002FFFA00000000000002FFFA000C7
:10CDD00000000000002FFFA00000000000001FFF67
:10CDE000900000000000000DFF6000000000000047
:10CDF000002100000000499999999999999980FF1B
:10CE0000FFFFFFFFFFFFFFF7FFFFFFFFFFFFFFFF3A
:10CE1000F7CFFFFFFFFFFFFFFFF4022222222222B3
:10CE200022221000000006ADFFEC8300000000008D
:10CE3000008FFFFFEFFFFC4000000003DFFF9200C8
:10CE400005DFFF90000004FFFF50025201CFFFB04A
:10CE50000003FFFF80007FF901EFFFB001EFFFF05B
:10CE60000008FFF708FFFF80AFFFFB0225FFFFE090
:10CE70003FFFFF2FFFFFA07FFFFFFF02FFFFF79F96
:10CE8000FFFB05FFFFFFC03FFFFF21EFFFF00CFF9F
:10CE9000FFF507FFFF8003FFFF801AFFE501EFFFAB
:10CEA000B00004FFFF50001001CFFFB0000003DF0F
:10CEB000FF920005DFFF90000000007FFFFFEFFF03
:10CEC000FC40000000000005ADEFEC830000000016
:10CED000006000000000000000000000000BFC10DB
:10CEE000000000000000000000000CFFE400000053
:10CEF00000000000000000009FFF70048CEFED9424
:10CF0000000000000005FFFBEFFFFEFFFFE6000052
:10CF10000000002DFFFFC40004CFFFB1000000009F
:10CF200000BFFF60031009FFFE200000000007FFA4
:10CF3000F94FFA00CFFFE100000BB0003EFFEFFF1A
:10CF4000A04FFFFB00006FFD3001CFFFFFF10FFF8F
:10CF5000FF5000BFFFF60008FFFFF30EFFFFA00029
:10CF60006FFFFF00005FFFF20FFFFF50000CFFFF9D
:10CF7000400002DFFE8FFFFA000001EFFFC000005B
:10CF80000AFFFFFFD10000002EFFF90000006FFF35
:10CF9000FD1000000001CFFFC4000003EFFD2000E2
:10CFA00000000006EFFFFEE3001BFFF5000000009D
:10CFB00000059DEFEC20008FFF90000000000000B6
:10CFC0000000000004EFFB00000000000000000073
:10CFD00000001CFA0000000000000000000000003B
:10CFE00060000000000007A3000000000000000037
:10CFF00000008FFE10000000000000000002FFFF94
:10D000009000000000000000000AFFFFF300000095
:10D0100000000000004FFFFFFB00000000000000C8
:10D0200000CFFFFFFF5000000000000006FFFFFFE1
:10D03000FFD00000000000000EFFA224FFF7000058
:10D04000000000008FFF9001FFFF100000000002B1
:10D05000FFFFA002FFFF90000000000AFFFFB003E7
:10D06000FFFFF2000000003FFFFFC004FFFFFB00D6
:10D07000000000CFFFFFD005FFFFFF40000006FFCC
:10D08000FFFFF99CFFFFFFD000000EFFFFFFF52B15
:10D09000FFFFFFF700008FFFFFFF9001FFFFFFFE84
:10D0A0001001FFFFFFFF8000FFFFFFFF900AFFFF5F
:10D0B000FFFFF41AFFFFFFFFF20FFFFFFFFFFFFF6D
:10D0C000FFFFFFFFF70BFFFFFFFFFFFFFFFFFFFF6C
:10D0D000F4016888888888888888888840000000EB
:10D0E00000000000043000000000000000000FF508
:10D0F00000000000000000000FFF50EFFFF60000EE
:10D1000001CFFFFFF5FFFFFF50000CFFFFFFFFFF08
:10D11000FFFFF500BFFFFFFFF72223DFF809FFF74E
:10D120002FFF7000002EB07FFF900FF7000000036C
:10D1300006FFFA000760000000004FFFB00000008B
:10D1400000000003FFFD030007600000002EFFE168
:10D150003F900FF8002223DFFE22EFF72FFF80FF22
:10D16000FFFFF300CFFFFFFFF7FFFFFF50000CFFB3
:10D17000FFFFFEEFFFF6000001CFFFFFF40000000D
:10D18000000000000FFF40000000000000000FF54D
:10D1900000000000000000000430000000000094C7
:10D1A000000000000000000CFF5000000000000024
:10D1B000CFFFF500000000000CFFFFFF5000000053
:10D1C00000CFFFAEFFF50000000CFFF903EFFF50AA
:10D1D0000000CFFF90003EFFF5000CFFF9000003B8
:10D1E000EFFF50AFFF900000003EFFF27FF900001C
:10D1F000000003EFE1067000000000002920067027
:10D20000000000000029207FF90000000002EFE18B
:10D210009FFF900000003EFFF20BFFF9000003EFBC
:10D22000FF5000BFFF90003EFFF500000BFFF90329
:10D23000EFFF50000000BFFFAEFFF5000000000B45
:10D24000FFFFFF500000000000BFFFF500000000DE
:10D2500000000BFF500000000000000094000000E0
:10D260000000009C10000000000000000000000A08
:10D27000FFD100588888888881000000AFFFFD201A
:10D28000EFFFFFFFFFF600000AFFFFFFE24EFFFF88
:10D29000FFFFF600008FFCFFCFFD000000001FF62F
:10D2A00000007FC2FF67FC000000001FF6000003C3
:10D2B00001FF6030000000001FF600000001FF6069
:10D2C00000000000001FF600000001FF60000000E9
:10D2D00000001FF600000001FF6000000003D71FE0
:10D2E000F63D700001FF600000000AFF7FF9EFF0DB
:10D2F0000001FFB888888832EFFFFFFF600001FF60
:10D30000FFFFFFFFF22EFFFFF6000000DFFFFFFF31
:10D31000FFE202EFFF6000000000000000000000DC
:10D320002EF60000000000000000000000013000A8
:10D33000005EFFFFFF900000000000EFFFFFFFF91D
:10D340000000000000FFFFFFFFFFA888888860FF43
:10D35000FFFFFFFFFFFFFFFFFBFFFFFFFFFFFFFFE1
:10D36000FFFFFFFFFFFFFFFFFFFFFFFFFFFFFFFFCD
:10D37000FFFFFFFFFFFFFFFFFFFFFFFFFFFFFFFFBD
:10D38000FFFFFFFFFFFFFFFFFFFFFFFFFFFFFFFFAD
:10D39000FFFFFFFFFFFFFFFFFFFFFFFFFFFFFFFF9D
:10D3A000FFFFFFFFFFFFFFFFFFFFFFFFFFFFFFFF8D
:10D3B000FFFFFFEFFFFFFFFFFFFFFFFFFE5EFFFF2F
:10D3C000FFFFFFFFFFFFE50000000003100000006B
:10D3D00000000000006FD10000000000000006FF08
:10D3E000FD100000000000006FFFFFD100000000F2
:10D3F0000006FFFFFFFD10000000006FFFFFFFFFB2
:10D40000D100000006FFFFFFFFFFFD1000000DFF31
:10D41000FFFFFFFFFF60000000111BFFFF51110025
:10D42000000000000BFFFF400000000000000BFFA9
:10D43000FF400000000000000BFFFF400000000064
:10D4400000000BFFFF400000000000000BFFFF404A
:10D450000000007AAAAA2BFFFF42AAAAA7FFFFFF9B
:10D4600082677608FFFFFFFFFFFFFB7777BFFFFFB5
:10D47000FFFFFFFFFFFFFFFFFFFFFFFFFFFFFFFFBC
:10D48000FFFB0F48FFFFFFFFFFFFFFFFEFEFFF1462
:10D49000444444444444444441000000000000002B
:10D4A0000462000000000000000001FFFEB5000063
:10D4B00000000000007FFFFFF00000000000000EF1
:10D4C000FFFFFF00000000000005FFFFFFD000008D
:10D4D00000000000BFFFFFFB00000000000006FF8F
:10D4E000FFFF8000000000000005FFFFF4000000C7
:10D4F0000000000005FFFE0000000000000000BF6B
:10D50000FF90000000000000004FFFF2000000004C
:10D510000000002EFFF8000000013000001DFFFD9C
:10D5200000000029FF70003EFFFF300004BFFFFF36
:10D53000407FFFFF500000EFFFFFFEEFFFFF5000B6
:10D54000000CFFFFFFFFFFFE400000008FFFFFFF0A
:10D55000FFFB1000000004FFFFFFFFD500000000EC
:10D56000001FFFFFEA400000000000005764200099
:10D57000000000000000002540000000000000093D
:10D58000FFFE30000004AA507FFFFFE000008FFF85
:10D59000F5EFD37FF60008FFFFB0FF800FF7008F95
:10D5A000FFFB00DFE7AFF508FFFFB0005FFFFFFD07
:10D5B0009FFFFB000005EFFFFFFFFFB00000000131
:10D5C0005FFFFFFB00000000000BFFFFF200000008
:10D5D00000259FFFFFFD10000009FFFFFFFFFFD1A7
:10D5E00000007FFFFFFB6FFFFD1000EFD37FF5050D
:10D5F000FFFFD100FF800FF7005FFFFD10DFE7AFF7
:10D60000F50005FFFFD15FFFFFC000004FFFF405ED
:10D61000EFFB100000016620000100000000000088
:10D6200000000008BBBBBB50900000000FFFFFFFD5
:10D6300081FB0000000FFFFFFF81FFB000000FFF24
:10D64000FFFF81FFF88CC90FFFFFFF800000FFFC88
:10D650000FFFFFFFD54443FFFC0FFFFFFFFFFFFA63
:10D66000FFFC0FFFFFFFFFFFFAFFFC0FFFFFFFFFB5
:10D67000FFFAFFFC0FFFFFFFFFFFFAFFFC0FFFFFAA
:10D68000FFFFFFFAFFFC0FFFFFFFFFFFFAFFFC0F9A
:10D69000FFFFFFFFFFFAFFFC0FFFFFFFFFFFFAFF97
:10D6A000FC0FFFFFFFFFFFFAFFFC0FFFFFFFFFFF75
:10D6B000FAFFFE0BFFFFFFFFFFF7FFFF91000000E7
:10D6C000000000FFFFFFFFFFFF800000FFFFFFFFE4
:10D6D000FFFF700000588888888887100000067750
:10D6E00077777777600000BFFFFFFFFFFFFD100037
:10D6F000FFFFFFFFFFFFFFC100FF9000000001DF01
:10D70000FC10FF8000000000BFFFC0FF8000000091
:10D7100000BFFFF3FF8000000000BFFFF4FF8000A8
:10D72000000000BFFFF4FFD888888888EFFFF4FF6F
:10D73000FFFFFFFFFFFFFFF4FFFFFFFFFFFFFFFF04
:10D74000F4FFFFFFE402CFFFFFF4FFFFFF60002FB5
:10D75000FFFFF4FFFFFF40000FFFFFF4FFFFFFA0FC
:10D76000006FFFFFF4FFFFFFFC8AFFFFFFF4EFFFF6
:10D77000FFFFFFFFFFFFF36FFFFFFFFFFFFFFFA0B4
:10D780000000000000000000000000000000000099
:10D790000000EFFFFFFFFFFFFFFFF6FFFFFFFFFFB0
:10D7A000FFFFFFF8ACCCCCCCCCCCCCCCC400000080
:10D7B0000000000000000000000000000000000069
:10D7C0000000000000000000CDDDDDDDDDDDDDDD81
:10D7D000D5FFFFFFFFFFFFFFFFF8DFFFFFFFFFFFAA
:10D7E000FFFFF50000000000000000000000000046
:10D7F0000000000000000000000000000000ACCCB1
:10D80000CCCCCCCCCCCCC4FFFFFFFFFFFFFFFFF89C
:10D81000EFFFFFFFFFFFFFFFF6000000000000002A
:10D8200000005EFFFFFFFFFFFFFFFFE5EFFFFFFFD1
:10D83000FFFFFFFFFFFEFFFFFFFFFFFFFFFFFFFFF9
:10D840007FFFFFFFFFFFFFFFFFF703EFFFFFFFFF7C
:10D85000FFFFFE30E31BFFFFFFFFFFFFB13EFF7046
:10D860007FFFFFFFFFF707FFFFFB13DFFFFFFD3128
:10D87000BFFFFFFFE40AFFFFA04EFFFFFFFFFF8097
:10D880005DD508FFFFFFFFFFFFFC2002CFFFFFFF7A
:10D89000FFFFFFFFFDDFFFFFFFFFFFFFFFFFFFFFBA
:10D8A000FFFFFFFFEFFFFFFFFFFFFFFFFFFE5EFF3A
:10D8B000FFFFFFFFFFFFFFE50014444441000000AD
:10D8C000BFFFFFFA000000EFFFFFF8000000FFFFBE
:10D8D000FFF3000002FFFFFFD0000004FFFFFF8006
:10D8E000000006FFFFFF40000008FFFFFFFFFFF5FD
:10D8F0000AFFFFFFFFFFF40DFFFFFFFFFFB00FFF69
:10D90000FFFFFFFF200BFFFFFFFFF9000000008F6C
:10D91000FFE100000000CFFF6000000000FFFD00FD
:10D9200000000003FFF40000000007FFA00000005B
:10D93000000BFF20000000000FF800000000002F87
:10D94000E000000000000940000000000006710037
:10D95000000000001444BFFE4443000000EFFFF944
:10D960004FFFFF400000FFFFF83FFFFF500000FFA8
:10D97000FFFFFFFFFF500000FFFFFFA88888200087
:10D9800000FFFFF6000000000000FFFFF0CFFFFFE8
:10D9900051E200FFFFF0EFFFFF51FE20FFFFF0EF2D
:10D9A000FFFF51FFE2FFFFF0EFFFFF50BBB7FFFFAC
:10D9B000F0EFFFFF800000FFFFF0EFFFFFFFFFFA37
:10D9C000FFFFF0EFFFFFFFFFFAFFFFF0EFFFFFFFAA
:10D9D000FFFAFFFFF0EFFFFFFFFFFACFFFF0EFFFCF
:10D9E000FFFFFFFA000000EFFFFFFFFFFA0000005B
:10D9F000EFFFFFFFFFFA000000EFFFFFFFFFFA005D
:10DA000000007BBBBBBBBBB40000000031000000CA
:10DA10000000000005FD0000000000000009FF10EC
:10DA2000000000000007EFFFFB2000000000AFFF38
:10DA3000FFFFF300000008FFFFFFFFFE1000001FC4
:10DA4000FFFFFFFFFF8000005FFFFFFFFFFFD00031
:10DA5000007FFFFFFFFFFFF000008FFFFFFFFFFFD2
:10DA6000F000009FFFFFFFFFFFF10000DFFFFFFF5F
:10DA7000FFFFF50001FFFFFFFFFFFFF90009FFFFB8
:10DA8000FFFFFFFFFF105FFFFFFFFFFFFFFFD0EF74
:10DA9000FFFFFFFFFFFFFFF69FFFFFFFFFFFFFFFFF
:10DAA000E3000000000000000000000000AFFFF2F3
:10DAB0000000000000003FFFA00000000000000286
:10DAC00075000000005EFFFFFFFFFFFFFFFFFFFB91
:10DAD0000EFFFFFFFFFFFFFFFFFFFFF6FFC88FA84E
:10DAE000AF88BF88FB88FF8FF800F404F005E00ED4
:10DAF000500FF8FF800F404F006F00F600FF8FFFC0
:10DB0000FFFFFFFFFFFFFFFFFFF8FFFF946F648F32
:10DB100044BB44FFFF8FFFF602F205F008800EFFC2
:10DB2000F8FFFF946F648F44BB44FFFF8FFFFFFF3C
:10DB3000FFFFFFFFFFFFFFF8FF800F400000000026
:10DB4000F600FF8FF800F4000000000E500FF8FF01
:10DB5000C88FA888888888FB88FF8EFFFFFFFFFF9B
:10DB6000FFFFFFFFFFF65EFFFFFFFFFFFFFFFFFF6F
:10DB7000FB00000000000000000000560000000054
:10DB800000000000017EFFA0000000000000018FE7
:10DB9000FFFFF0000000000002AFFFFFFFA0000049
:10DBA000000004BFFFFFFFFF3000000005CFFFFFB4
:10DBB000FFFFFB00000006DFFFFFFFFFFFF4000098
:10DBC00018EFFFFFFFFFFFFFD00005FFFFFFFFFF84
:10DBD000FFFFFF50000EFFFFFFFFFFFFFFFE0000F3
:10DBE0000DFFFFFFFFFFFFFFF7000002ACCCCCCD25
:10DBF000FFFFFFF000000000000004FFFFFF8000B7
:10DC0000000000000004FFFFFF1000000000000003
:10DC100004FFFFF90000000000000004FFFFF20015
:10DC200000000000000004FFFFB000000000000042
:10DC30000004FFFF300000000000000003FFFC00B4
:10DC40000000000000000000EFF4000000000000F1
:10DC5000000000273000000000244444443030001D
:10DC60000FFFFFFFFC0F6000FFFFFFFFC0FF600F13
:10DC7000FFFFFFFC0FFF60FFFFFFFFC0FFFF6FFF15
:10DC8000FFFFFC0BBBBBFFFFFFFFE100000FFFFF2F
:10DC9000FFFFFFFFFFFFFFFFFFFFFFFFFFFFFFFF94
:10DCA000FFFFFFFFFFFFFFFFFFFFFFFFFFFFFFFF84
:10DCB000FFFFFFFFFFFFFFFFFFFFFFFFFFFFFFFF74
:10DCC000FFFFFFFFFFFFFFFFFFFFFFFFFFFFFFFF64
:10DCD000FFFFFFFFFFFFFFFFFFFFFFFFFFFFFFFF54
:10DCE000FFFFFFFFFFFFFFFFFFFFFFFFFFFFFF8BB8
:10DCF000BBBBBBBBBBBB80000000000023432000BC
:10DD0000000000000000038CFFFFFFFC8300000008
:10DD100000006DFFFFFFFFFFFFFD60000003DFFF5E
:10DD2000FFFFFEFFFFFFFFD30008FFFFFB720000B5
:10DD3000027BFFFFF80AFFFFA2000000000002AF15
:10DD4000FFFABFFD30000000000000003DFFB0BA48
:10DD50001000059DEFED9500001AB00000006DFF6A
:10DD6000FFFFFFFD600000000001BFFFFFFFFFFF9E
:10DD7000FFB1000000008FFFFA53235AFFFF80001D
:10DD8000000000CFB100000001BFC0000000000093
:10DD90004000000000004000000000000000019D65
:10DDA0009100000000000000000000AFFFA0000094
:10DDB000000000000000000FFFFF00000000000056
:10DDC00000000000CFFFC0000000000000000000C5
:10DDD00003EFE3000000000000000000000010005E
:10DDE00000000000001788888888888888888888CC
:10DDF000600CFFFFFFFFFFFFFFFFFFFFFF80FFFF44
:10DE0000FFFFFFFFFFFFFFFFFFFC0FF80000000018
:10DE10000000000000CFFDFF84FFFFFFFFFFFFFFBA
:10DE2000FF0CFFFFF84FFFFFFFFFFFFFFFF05BFF5F
:10DE3000FF84FFFFFFFFFFFFFFFF008FFFF84FFF93
:10DE4000FFFFFFFFFFFFF008FFFF84FFFFFFFFFF63
:10DE5000FFFFFF0CFFFFF8000000000000000000C3
:10DE6000CFFFFFC888888888888888888EFD4EFF05
:10DE7000FFFFFFFFFFFFFFFFFFFFA04EFFFFFFFFC2
:10DE8000FFFFFFFFFFFFC200178888888888888807
:10DE9000888888600CFFFFFFFFFFFFFFFFFFFFFF89
:10DEA00080FFFFFFFFFFFFFFFFFFFFFFFC0FF800FA
:10DEB0000000000000000000CFFDFF81FFFFFFFF1A
:10DEC000FFFF60000CFFFFF81FFFFFFFFFFFF600E2
:10DED000005BFFFF81FFFFFFFFFFFF6000008FFF80
:10DEE000F81FFFFFFFFFFFF6000008FFFF81FFFFA5
:10DEF000FFFFFFFF60000CFFFFF8000000000000C4
:10DF0000000000CFFFFFC888888888888888888EAE
:10DF1000FD4EFFFFFFFFFFFFFFFFFFFFFFA04EFFD4
:10DF2000FFFFFFFFFFFFFFFFFFC200178888888801
:10DF3000888888888888600CFFFFFFFFFFFFFFFF4D
:10DF4000FFFFFF80FFFFFFFFFFFFFFFFFFFFFFFC63
:10DF50000FF8000000000000000000CFFDFF81FF6F
:10DF6000FFFFFFA00000000CFFFFF81FFFFFFFFAFC
:10DF7000000000005BFFFF81FFFFFFFFA00000002B
:10DF8000008FFFF81FFFFFFFFA0000000008FFFFEF
:10DF900081FFFFFFFFA00000000CFFFFF800000062
:10DFA000000000000000CFFFFFC8888888888888AC
:10DFB00088888EFD4EFFFFFFFFFFFFFFFFFFFFFF83
:10DFC000A04EFFFFFFFFFFFFFFFFFFFFC20017880C
:10DFD000888888888888888888600CFFFFFFFFFF12
:10DFE000FFFFFFFFFFFF80FFFFFFFFFFFFFFFFFFC0
:10DFF000FFFFFC0FF8000000000000000000CFFD54
:10E00000FF81FFFFE000000000000CFFFFF81FFF92
:10E01000FE0000000000005BFFFF81FFFFE000004A
:10E02000000000008FFFF81FFFFE0000000000004E
:10E0300008FFFF81FFFFE000000000000CFFFFF879
:10E04000000000000000000000CFFFFFC8888888A3
:10E0500088888888888EFD4EFFFFFFFFFFFFFFFF47
:10E06000FFFFFFA04EFFFFFFFFFFFFFFFFFFFFC20D
:10E07000001788888888888888888888600CFFFFCF
:10E08000FFFFFFFFFFFFFFFFFF80FFFFFFFFFFFF1F
:10E09000FFFFFFFFFFFC0FF8000000000000000082
:10E0A00000CFFDFF8000000000000000000CFFFF1B
:10E0B000F80000000000000000005BFFFF8000008F
:10E0C000000000000000008FFFF8000000000000CA
:10E0D00000000008FFFF8000000000000000000CAE
:10E0E000FFFFF8000000000000000000CFFFFFC8A5
:10E0F00088888888888888888EFD4EFFFFFFFFFF0C
:10E10000FFFFFFFFFFFFA04EFFFFFFFFFFFFFFFF2F
:10E11000FFFFC2000000000000000010000000002F
:10E12000000000000000000CFE20000000000000C5
:10E130000000007CDFFF90000000000000000009EC
:10E14000FBBFFF9000000000000000002F700AFCE1
:10E150001000000000003200009E000000000000DF
:10E1600000002DFF9001F600000000001C3000CFE1
:10E17000FFF63CF333333333335FF910FFFFFFFF18
:10E18000FFFFFFFFFFFFFFFFD0CFFFF63334ED337C
:10E190003333335FFA102DFF9000005F3000000032
:10E1A0001C300000320000000DA000000000000044
:10E1B000000000000006F30AFFF700000000000066
:10E1C000000000CEAEFFF8000000000000000000DC
:10E1D00008BEFFF8000000000000000000000AFF79
:10E1E000F7000000000000000000000122200000F5
:10E1F0000000000034310000000003BFFFFFE70013
:10E2000000006FFFFAFFFFB00004FFFFF19FFFF86F
:10E21000000DFFFFF10AFFFF103FFFFFF100BFFFFE
:10E22000607FFD8FF1660CFFA0AFF807F16F13FF61
:10E23000D0CFFF7061531EFFF0DFFFF70001DFFF5B
:10E24000F0EFFFFF600CFFFFF0EFFFFF3007FFFF75
:10E25000F0DFFFF300108FFFF0CFFF30B16709FF51
:10E26000F09FF60BF26E02FFD06FFFCFF2522EFF3F
:10E27000A01FFFFFF202EFFF5009FFFFF22EFFFE8B
:10E280000000DFFFF4EFFFF500001AFFFFFFFF6063
:10E2900000000027ABB9500000000002ABBBB70084
:10E2A000000057777CFFFFFF777772FFFFFFFFFFCC
:10E2B000FFFFFFF7EFFFFFFFFFFFFFFFF60000008C
:10E2C0000000000000000688888888888888200C64
:10E2D000FFFFFFFFFFFFFF400CFFFFFFFFFFFFFF00
:10E2E000400CFF77FF3BFE1EFF400CFF66FF2AFE3F
:10E2F0000EFF400CFF66FF2AFE0EFF400CFF66FF7C
:10E300002AFE0EFF400CFF66FF2AFE0EFF400CFFA8
:10E3100066FF2AFE0EFF400CFF66FF2AFE0EFF403E
:10E320000CFF66FF2AFE0EFF400CFF66FF2AFE0E62
:10E33000FF400CFF77FF3BFE1EFF400BFFFFFFFF80
:10E34000FFFFFF3007FFFFFFFFFFFFFE00005788C2
:10E3500088888888720000000000000000016400C6
:10E360000000000000000001DFF8000000000000D5
:10E370000001EFFFF8000000000000007FFFFFF841
:10E38000000000000001908FFFFFF000000000017E
:10E39000EFB08FFFFC0000000001EFFFB08FFE2008
:10E3A00000000001EFFFFFB08E1000000001EFFF42
:10E3B000FFFFB01000000001EFFFFFFFFE100000A4
:10E3C0000001EFFFFFFFFE2000000001EFFFFFFF55
:10E3D000FE2000000001EFFFFFFFFE200000000113
:10E3E000EFFFFFFFFE2000000001EFFFFFFFFE2018
:10E3F000000000008FFFFFFFFE20000000000AFF6A
:10E40000FFFFFE200000000000CFFFFFFE20000005
:10E410000000000EFFFFFE20000000000000FFFFD4
:10E42000FE20000000000000057531000000000023
:10E430000000000000006EFFFFFFFFFFFFFFFB205A
:10E4400000008FFFFFFFFFFFFFFFFFFB00008FFFBC
:10E45000FFFFFFFFFFFFFFFFF0008FFFFFFF85FFC4
:10E46000FF58FFFFFF008FFFFFFFB004FF400BFFCF
:10E47000FFF08FFFFFFFFF40044004FFFFFF8FFF0F
:10E48000FFFFFFFF400004FFFFFFFFFFFFFFFFFF55
:10E49000FE1000EFFFFFFF8FFFFFFFFFFF400004B4
:10E4A000FFFFFFF08FFFFFFFFF40044004FFFFFF6F
:10E4B000008FFFFFFFB004FF400BFFFFF0008FFF56
:10E4C000FFFF85FFFF58FFFFFF00008FFFFFFFFFEB
:10E4D000FFFFFFFFFFF000008FFFFFFFFFFFFFFFC9
:10E4E000FFFB0000006EFFFFFFFFFFFFFFFC2000AF
:10E4F00000288888887300002EFFFFFFFFF6001DAC
:10E50000FFFFFFFFFFE01DF60E50D608FF1DFF6066
:10E51000E50D608FFCFFF60E50D608FFFFFF60E5AB
:10E520000D608FFFFFFFFFFFFFFFFFFFFFFFFFFFFC
:10E53000FFFFFFFFFFFFFFFFFFFFFFFFFFFFFFFFEB
:10E54000FFFFFFFFFFFFFFFFFFFFFFFFFFFFFFFFDB
:10E55000FFFFFFFFFFFFFFFFFFFFFFFFFFFFFFFFCB
:10E56000FFFFFFFFFFFFFFFFFFFFFFFFFFFFFFFFBB
:10E57000FFFFFFFFFFFFFFFFFFFFFFFFFFE9FFFFC1
:10E58000FFFFFFFFF807ABBBBBBBBBA60000000053
:10E590000000000000000700000000000000000074
:10E5A0000AF100000100000000000AFF10000AF359
:10E5B0000000000000FFF1000BFF50000000000F02
:10E5C000FF100CFFF50000000000FFF11CFFFFCB67
:10E5D000BBBBBBBBBFFF1CFFFFFFFFFFFFFFFFFF7E
:10E5E000F19FFFFFFFFFFFFFFFFFFF009FFFF966A7
:10E5F000666666666640008FFF50000000000000FF
:10E6000000007FF50000000000000000005C10002A
:10E6100000000000000000000000000000000000FA
:10E62000000020050000000000003006040F01007B
:10E630001E008007060701093300800B0C0F000045
:10E640008D00000B091501FDEC007012121000FF87
:10E650007C01900F0F0F0000ED01F003020701098C
:10E66000F4014007061601FB36024007061600FBC0
:10E67000780290090A090008A502A00B0B0C000201
:10E68000E7029006040601FCF302F006070200040C
:10E69000FA02900603030200FF021007071400FCB1
:10E6A0004503200B0B0F00009803700908100100B0
:10E6B000D803300B0A0F01002304200B0A0F0000BF
:10E6C0006E04200B0B0F0000C104300B0B0F000079
:10E6D0001405300B0A1101006905000B090F010038
:10E6E000AD05300B0A0F0100F805400B0A1001FFC1
:10E6F00048069006030B020059069006040E01FD21
:10E700007506A00B0A0C0101B106A00B0B06000553
:10E71000D206A00B0A0C01010E07A0080710010089
:10E7200046074012121200FDE807600E0F0F0000AE
:10E730005908600D0C0F0100B308D00D0C0F01003B
:10E740000D09600F0E0F01007609100D0C0F01006E
:10E75000D009900C0B0F0100230AD00E0E0F010000
:10E760008C0A1011100F0100040B2008070F010084
:10E77000390B10080912FFFD8A0BA00E0E0F0100C5
:10E78000F30B800C0B0F0100460C8013130F0000DD
:10E79000D50CF00F100F00004D0D500F0E0F0100A3
:10E7A000B60DD00C0C0F0100100E500F0E1401FB13
:10E7B0009C0E500E0D0F0100FE0E500B0A0F0100B3
:10E7C000490F300D0D0F0000AB0FF00F100F0000C0
:10E7D0002310400E0F0F000094101015150F0000AD
:10E7E0003211000E0E0F00009B11C00D0E0F000025
:10E7F0000412200C0C0F00005E12E006051402FC4F
:10E8000090121007071400FCD612E006051400FC55
:10E810000813A00B090701042813400B0D01FFFF8B
:10E820002F13B0080505010C3C13200B0A0B010047
:10E830007313C00C0C110000D913C00A0A0B00009E
:10E840001014900C0D1100007F14F00A0B0B000047
:10E85000BC14C0070A1100001115500B0B1000FB6F
:10E860006915400D0D110000D815A0060610000016
:10E87000081640060715FEFB5216200C0D1100006D
:10E88000C116B00607110000FD168013130B00001F
:10E890006617400D0D0B0000AE17F00B0B0B0000C0
:10E8A000EB17C00C0C1000FB4B18200C0C1000FBDD
:10E8B000AB1840090A0B0000E2187009080B0100B0
:10E8C0000E195007080E00004619100D0D0C00001F
:10E8D0009419F00A0C0BFF00D619C010120BFF00A0
:10E8E000391A400B0C0B00007B1A100B0D10FFFBAC
:10E8F000E31AF0090A0B00001A1B8007071400FC3A
:10E90000601B5006021702FB771B8007071400FCF0
:10E91000BD1BA00B0A030106CC1B0014141500FD3F
:10E920009E1C0014140F0000341D0014141300FE6C
:10E93000F21D0014140F0000881EC00D0E0F000001
:10E94000F11E0014141500FDC31F0014141500FD62
:10E9500095208016171300FE70210014141500FD79
:10E9600042228016170F0000EF220014141500FD3C
:10E97000C123000A0A1000001124000F0F1000FF2D
:10E9800089248016171300FE64250014140F00005C
:10E99000FA25C00D0E1500FD8D2680110D1302FE07
:10E9A00009278011121500FDC6278011121300FEE1
:10E9B00071288011121300FE1C2980110D1302FE14
:10E9C000982980111313FFFE4D2A800C0B1301FEB2
:10E9D000B62A800C0B1301FE1F2B8011121300FEB0
:10E9E000CA2B801112050005F72B8016170F0000A7
:10E9F000A42C00191A15FFFDB52D80161815FFFD62
:10EA0000B12E0014141300FE6F2F8011120B0002A0
:10EA1000D22F8011120B0002353000191A1000FF9E
:10EA200005310014140F00009B310014141500FD73
:10EA30006D3200141515FFFD4A338011121300FECC
:10EA4000F5338011121500FDB2348011121300FE4F
:10EA50005D358011121100FFF6350014140F00000F
:10EA60008C36800C0E15FFFD1F378011121500FD2E
:10EA7000DC378011121500FD99388016170F000041
:10EA8000463900141615FFFD2D3A000F0F1500FD35
:10EA9000CB3A0019191300FEB93B0019190D0001FA
:10EAA0005C3C0019190D0001FF3C0019190D000113
:10EAB000A23D0019190D0001453E0019190D000174
:10EAC000E83E00191A1100FFC53F8011101501FD25
:10EAD0006D408011121500FD2A4100141515FFFD2F
:10EAE00007420019190F0000C342000F0F1500FD67
:10EAF00061432014150D0001000007000A000B00FF
:10EB00000C0010001200140018001B00200025004B
:10EB1000260027003D00420047004A004B004C0001
:10EB20005000510052005300660067006D006F00F6
:10EB3000700073007600770078007A0092009400ED
:10EB4000C300C400C600C800DF00E600E900F20010
:10EB50001B0123015A01EA013F0240024102420225
:10EB6000430286029202EC0203035905C107A10881
:10EB7000200000005F000100000000000000000015
:10EB80000000020001F00000A2086000F8EA02089C
:10EB9000000000003C000300000000010200000330
:10EBA0000104050600070807090000000000000036
:10EBB0000000000A0A0000000B0C0D0E0F101112CD
:10EBC0001314141516171418191A191B1C1D1E1FBF
:10EBD00020212223042405002500262728292A2B6A
:10EBE0002C2D2E2F30292D2D272731323334353639
:10EBF0003637363804000500000000000000000031
:10EC00000000000000000000000000000000000004
:10EC100000000000000000000000000000000000F4
:10EC200000000000000000000000000000000000E4
:10EC300000000000000001020300000402050607B6
:10EC40000008090A0B000000000000000000000C92
:10EC50000D0000000E0F10111211111112111113DD
:10EC6000111114141211121115161718191A1B1C50
:10EC7000051D06001E001F202121212223202425FE
:10EC8000202026262127212628292A2B2B2C2D2E11
:10EC90000500060000000000000000000000000069
:10ECA0000000000000000000000000000000000064
:10ECB0000000000000000000000000000000000054
:10ECC0000000000000000000000000000000000044
:10ECD00000000000000000DC00DCE400000000D5C3
:10ECE00000F7FD00FD0AFF00000000000000F60034
:10ECF000F2FEEE0000FDFAF60000000000FD00004C
:10ED00000000000000000000F600000000F3000416
:10ED10000000000000F9F900FE000000000000FE05
:10ED2000FE000000000003000200020000000000DE
:10ED300000F900FEF8FE0000000000000000FD00E9
:10ED400000EDF6EAEC00EC0000000000FD00000021
:10ED5000000000000000000000000000F9F9EF04CE
:10ED60000000F20000F2F20000F600F90C00FD00D5
:10ED7000FD000000000000000000F6FE000022FB85
:10ED800000F9FDF9F9FD05FD0000000000EF00F2BB
:10ED900000F20000000000F60000000000F9F9EFAA
:10EDA000F2F9F20000000000000000000000000086
:10EDB00000000000000000000000000000DD00DD99
:10EDC0000000000000D900FDF9000007000000FE6F
:10EDD00000000000F300F7FDF10000FEFDF8000068
:10EDE000000000FC00E40000EFF1D300F20000009E
:10EDF0000000000000ED000000E4EBD2D700D700D7
:10EE0000D300F900F600F9000300F6FBF2F2E1008E
:10EE1000F2F90000000000F200EF00EFF600000041
:10EE200000F60003F9FD00F2FDE5E8F2E8FDF2006E
:10EE300000FF03FE0200000000000000FEF9FD00DC
:10EE40000000F900000000D1EBD1E600000000E86E
:10EE50000000000000020004040000000000F500B3
:10EE6000F600F50000FAFAF900FC00FD00F90000D8
:10EE70000000000000000000000000000000000092
:10EE8000000000FEFDF6F6FEEF0000000000FF00AF
:10EE90000000000000000000000000000000000072
:10EEA00000F500D900D9E8000000000000000000D3
:10EEB0000000000000000000000000000000000052
:10EEC0000000000000000000000000000000000042
:10EED00000FB00FB0000000000FE0002000000003C
:10EEE00000FFFFFFFE0000E400FC00FEFD0000004C
:10EEF000FD0000000000020000D90000FAF6DB006F
:10EF0000F500000000000003FDF4FCFE00ECE9D673
:10EF1000DD00E100EB00FF00FA00FF00FD00F6005D
:10EF2000F9F9EE00F10000F9000000FBFDF700F731
:10EF3000FA00000000F6F7FEFCFB00F9F6EFF3F62E
:10EF4000EFFEFBF700FD00FB00000000FD0000FBF2
:10EF5000FAFDFD00000700000001010000000000B4
:10EF600000000200000000000000FDFDFD00F900AF
:10EF700000FE0000000000000000FD0000FD000099
:10EF8000000000FF000000F900F201F2F6000000AE
:10EF900005EEF703FDF900FAF9F1F0F2EBFDFBE8FD
:10EFA00000FD0000FD000000FDFD000000FD000070
:10EFB0000000000000000000000000000000000051
:10EFC000000000000000FBFBFB00FB000000000055
:10EFD0000000FE000000FA0000FDFA00F900000445
:10EFE00000FDFD0003DFF9DFEBFEFE00F9E7FDFDAC
:10EFF0000000000300000000000004D6F2FFF1F65C
:10F00000EBFD00F9F2F100F9F9F6F9F60000000065
:10F0100003FE00FD07FDFB00000004FDFD030000F2
:10F0200000FDFBF4F4FAF1FD00F300000000000025
:10F030000000FD00000000000000000000000000D3
:10F040000000000000000000000000F900000000C7
:10F050000000000000000000F900F8FAFA000000CB
:10F06000F5F9FDF8F300F60000000000000000EEE6
:10F07000FDEEF6F9F900FCF300FD0000FD000000D4
:10F080000000000000E7F800F8F3F6FDFDF7F3F6E6
:10F09000FAF6F6F9F6F90000000000000000F600AC
:10F0A00000000000000300F6FB000000FDFDFD0075
:10F0B000FD030000FD00F900FD000000F600F9F975
:10F0C000ED00EF0000D3000000F7DD0000000000BD
:10F0D00000000000FAFBFAFEFBE7F1DBE0FBDDFBE2
:10F0E000ED00000000FE00000000FA00FDF9F30052
:10F0F000F60000000000000000F6FFF6F5FCFC0042
:10F1000000F4FDFB0000FD00FD0000FD00FF00ED30
:10F11000FC00FCF9F90000FDF9FCFDF9F9FAF9F938
:10F1200000F7000000F9FDF203F2F900000007F417
:10F13000F903FDFB00FDFAF4F7F6F200FEED000026
:10F1400000000000000000000000000000000003BC
:10F1500000FE00FD07DCFEDCEF03030000EBFD001A
:10F16000FD000203F9FDFDF9F90303CEFEFFF900EE
:10F17000F90000FE00FF05000300050000F200009A
:10F180000000FC00FB0000000000000300FAFD008E
:10F1900000F6F5EDEF02EF02F9060000FD000000B9
:10F1A0000000FC00FDFCF900F9000000000000FD7B
:10F1B00000F900F9FB00000002FAFE00FDFEFDFD73
:10F1C000F7F7F7FDF60000F200FE00FBFE0000007E
:10F1D000FD00FDFDFAFDFA00000A0000F90007E459
:10F1E000F2E4F0FEFE00F9EA00FD00000003FD007D
:10F1F00000FF000209E4F200E9FDF20000F6E9EF89
:10F2000000F6F2F4F2EB000000FCF9FD00E4FCE48F
:10F21000EDFCFC0000E7F9F7FBFDFAFDF9FAFEFD55
:10F2200000FD00E3F2FEF6F9F2FAFDF7F1F2F9F66D
:10F23000F8F5F6F4000000F3EF0000CBE6CBE2F2C5
:10F24000F200EFD900F10000F900FD00000000FD20
:10F2500004C9E4FEE7EFE3F6F9ECE7E3F6EBF2E8E6
:10F26000EBEA000000F5F20000D5EAD5E1F2F20089
:10F27000EFDC00F300FEF900FD00000000FD04D308
:10F28000E7FEE6F2E3F9F9EFE8E7F7EDF1EDF1EA91
:10F2900000000000F900FE00F10000FEFE0000008A
:10F2A00000F6000000FDFD00000000020000FF006D
:10F2B000F5000000FB00F5FDF6F2EA00EF000000AB
:10F2C00000F3EF0000DCE4DCE1EBEB00EFE100EF4A
:10F2D0000000F20000000000000004DAE5FEE0EBB0
:10F2E000DFF2F7E9E1E4EBE4E8EAE8E3000000003C
:10F2F00000000000000000000000020000FE00000E
:10F3000000FDFAFDFD00FD0000000000000000000F
:10F310000000FD0000FCF700F70000E40000000022
:10F320000005F90500000000000000F6180000EBE1
:10F33000EEDFE300E400E6000000000002001E0033
:10F340000000FDFEF9000A000000000000000000BF
:10F35000000000000000000000ED0B00F9E4DDCC2F
:10F36000CF00DA000000FB00EF0000000000F9FA17
:10F37000EFF0E700EC0000EB00000000F100FD0002
:10F38000000000FF0002FEFCFA0000EDEEDEE100EE
:10F39000E400F10000000000FD0000FFFA000000A2
:10F3A000FA00FD0000F2000000FCF7F703F7FAFF97
:10F3B000FFFF00F2F900F8FDFEEBF3E6EAF9E600E4
:10F3C000F9EF00FE000000000000FD00FEFE00FA64
:10F3D000FD0000FE00000000FFFF00FF0000000035
:10F3E00000FDFC00F90000F2F6E9EBF9EB00FEF796
:10F3F00000FD000000000000FD0000000000000013
:10F4000000F900FC00FFF900FE00000000FE000013
:10F410000000FF0000F9F8F2F400F200FE00FD0029
:10F420000000FD000000FA0000FDFD00FD0000F9F5
:10F43000000000FBF9F700F7FD0000FF00FAFD00F7
:10F44000F90000EFF6E9ECF9E700F9F2FEFD00FE45
:10F4500000000000FD000000FE00FE000D1B00008B
:10F46000001F12F4FCF4FA00000C00FE0600080D68
:10F4700008130D131310130D21F900FDFB00FE08F6
:10F480000800000000FD03000300000000F9000078
:10F490000000FF00040000FE0000FE0011FE00F767
:10F4A000F5F2F200E900FB00FAFCFD00FD000600A9
:10F4B000000000000100030000ED000000FCE90076
:10F4C0000000000000FE0000FEFFF90000ECF5E384
:10F4D000E500E800EF000000000000000000FB0075
:10F4E000FFFFF700F700FEFE00FE0000FE00000038
:10F4F000000000FE0000FE00000000F9F9F9F9002C
:10F50000F90000000000000000000000FC00000006
:10F51000FB00FB0000FE00FE0000FEFB00FBFCFC0D
:10F52000FCFF00FCFEFF00000000F8FAFAFDF90005
:10F5300000F500FF0000FD000000FF0000000000DB
:10F5400000000000000000FDFF00F90000FFFFFECA
:10F550000005FEFFF90000F2F2E9ED02E803FF000A
:10F560000000FA0000000000FDFE000000000000A6
:10F5700000F800FF0003F90A000403000BFF00FC81
:10F58000F9000BFB00EFF2E4E9FEE400FCFFFDFEF6
:10F59000000000000C000000000000000600000257
:10F5A00000FC00F805E2F6E2EFFDFDFEFCEDF800E0
:10F5B000F6FB00FEF6F0F2EDEF0000E9FDFDFC00C9
:10F5C000FC00000000FD06000300030000F900003D
:10F5D00000FCFCF900F90000000000FDF900F7FD57
:10F5E00000F5F8E8EB00E200F8F300FD00FF000092
:10F5F0000000FD000000000000000002000000000C
:10F600000000FD000000000000050000FD000000FB
:10F61000FCF2F600F102000400000000000000000F
:10F62000000002000300000000F3000000F9F400F5
:10F63000000000FDFD00000000FCF70000F3F3E512
:10F64000E800E700F9000000FE00FD00FE00FC00FD
:10F650000000F900F90000FF00FB00F4FFE0FCE00F
:10F66000F2FFFFFEFDE9F700F3F900FCF8EFF2EF1F
:10F67000EDFE00E5FBF9FA00FA00000000FD0200D3
:10F68000040004000000000000FC0000F80000007E
:10F690000000000200FDFA0000F6F6E8EF00EA00C4
:10F6A0000000FC00FA00FD000000FA00000000026B
:10F6B00000000000000000FDFE000000000000004F
:10F6C00000000000000000FBF7EBEE00EC00000083
:10F6D0000000000000000000FD000000000000002D
:10F6E000D0EC020898EB020834EC0208382E000037
:10F6F0002CA2020818E6020870EB0208E0F60208E5
:10F700001000022814020020D1530108F55201080C
:10F710001400030000FF0100F0F6020800000000E2
:10F72000000000000F40F30F30F20E20D1030081E3
:10F730001E303C1E3B0E3B0E1507004803A0000682
:10F740006058004FFFFFFF100A20840000C10A30FC
:10F75000000D00B100AFFFFFFB001C00D00003A0B4
:10F760001C00000009200000920003CFFB31F7A528
:10F77000744E092001F9B20002BFE8000097DA00D8
:10F780000924E5B4A5BA08EFFA10009200000410AD
:10F79000000AC8000C10660A207600830742C000E9
:10F7A000570A2B200009C6685C900001C1C06700A1
:10F7B0000A43902A004901B04700C1007BB1009E76
:10F7C000D400005C03D00004C05C00000CBD20002D
:10F7D00003DE801001E31D78806B001DF204F4133A
:10F7E000CF6006DFD62B00000000003C3B3B150A33
:10F7F00071F15C0980B60C40D40C40B609805B0105
:10F80000F10A706B00F20B607A05C04D03E04D0504
:10F81000C07A0B60F16B0000B0089CB50BF8087C57
:10F820009500A000000B000000F000000F0002EEA9
:10F83000FEE2011F110000F0001804F10D03804FDB
:10F84000FD02222A04D00000340000B50000F000C0
:10F8500005B0000A60000E10004C0000970000E2A6
:10F860000003D0000870000D20002D0000009EE96C
:10F87000000AD44DA01F2002F15E0000D56C0000EC
:10F88000C65E0000D51F2002F10AD44DA0009EE9FB
:10F8900000EFF322F300F300F300F300F300F300B2
:10F8A000F300F319EFC208B43AE000002F1000058E
:10F8B000E00002E50001D70001D80001DA22218F23
:10F8C000FFFF709FFFFF01222D800009B00005F2AD
:10F8D00000007CF8000002F200000E4B9439F13B6E
:10F8E000FFC30000009B000004E100001E50000068
:10F8F000AA000005E10D401E400D408FFFFFFD12E4
:10F90000222E6200000E400CFFFF00E522200F10A7
:10F910000001FFEB3002239F100000D600000D69AC
:10F92000B438F12AEFC400006DFD5008D523201F24
:10F930002000004D6DEA106FC43CA05F3002F02F34
:10F940002002F00AC32BA001AFFA10AFFFFFBA925A
:10F9500022D776003F10000A900001F200007C00E0
:10F96000000E500005E00000C8000003CFEA100EB2
:10F97000812CA02F1005D00E701B9006FFFF203F9A
:10F980005018E06C0000F23F6129E005CFFB200732
:10F99000EFC306E315E198000B87D203FB0AFFD9FA
:10F9A000C000108B00000D70624BD01CFEA1004EF9
:10F9B00002A00000000002A04D004E02A0000000C6
:10F9C0000001804F10D0380000000210004BE1070A
:10F9D000DC5003F8000004BE71000029E2000000C2
:10F9E000003FFFFF3000000000000002EEEEE201E9
:10F9F00011110012000002EB4000005CD60000086C
:10FA0000F2017EB402E92000000000001AEFC309F1
:10FA1000A32AE000003F00000AA00009C00002F194
:10FA20000000010000028000004D00000004BDDD68
:10FA30008100009B30006D3007A08EE8D5D10D0706
:10FA4000D219F3774A0D4000F31B580F2000D30C56
:10FA5000580D4000F31B3A07D21AF5770D008EE8D7
:10FA60005FB006A000000000009B300240000005CF
:10FA7000BDED600000006F30000000DD900000046C
:10FA8000E3F100000B80C700001F206E00008C0017
:10FA90001F5000EFEEEFB006E21114F20C70000000
:10FAA000B9BFFFFB20B7112AD0B70003F0B7000899
:10FAB000C0BFFFFF50B82226F2B70000C7B711152C
:10FAC000F4BFFFFD60003BEFB3005F9338E00E60D2
:10FAD000000004E00000006C00000004E0000000F2
:10FAE0000E600000005F9338E0003BFFB300BFFFF3
:10FAF000EA300B82239F40B700007E0B700000F3BA
:10FB0000B700000E5B700000F3B700007E0B82238D
:10FB10009F40BFFFEB3000BFFFFF3B822220B700BA
:10FB2000000B700000BFFFFA0B822210B700000B21
:10FB3000822220BFFFFF50BFFFFF3B822220B70081
:10FB4000000B700000BFFFFA0B822210B700000B01
:10FB5000700000B7000000003BEFC4005F9438E184
:10FB60000E70000004E00000006C00000824E000BB
:10FB700000E30E60000E305F9337F3003BEFC400EC
:10FB8000B70000B7B70000B7B70000B7B70000B7BD
:10FB9000BFFFFFF7B82222C7B70000B7B70000B712
:10FBA000B70000B7B7B7B7B7B7B7B7B7B704FFFF76
:10FBB00000225F00003F00003F00003F00003F00C8
:10FBC000004E0D52BA05DFB2B70007D1B7005E2074
:10FBD000B704E300B73E4000B9EF2000BF89D00072
:10FBE000BA00CA00B7001E70B70003F3B700000BDD
:10FBF000700000B700000B700000B700000B700031
:10FC000000B700000B822220BFFFFF00B8000001F8
:10FC1000F2BF100009F3BEA0002EF3B7E300B7F364
:10FC2000B67B04D0F3B60D4C50F3B605FC00F3B62A
:10FC300000B300F3B6000000F3B90000B7BF5000F6
:10FC4000B7BCF200B7B7AD00B7B70D90B7B702F5C4
:10FC5000B7B7006FD7B7000AF7B70000D7003BEF80
:10FC6000B40005F9338F600E600005F14E0000000E
:10FC7000D56C000000B74E000000D50E600005F105
:10FC800005F9338F60003BEFB400BFFFD800B82206
:10FC90005D90B70004E0B70003F0B7002CA0BFFFF1
:10FCA000FA10B8220000B7000000B7000000003BC7
:10FCB000EFB40004F9338F600E600005F14E0000D0
:10FCC00000D56C000000B74E000000D60F600005A4
:10FCD000F105F8327F60004CFFC50000000CB02831
:10FCE000000001BFE50000000000BFFFD800B822FF
:10FCF0005D90B70004E0B70003F0B7001BB0BFFF92
:10FD0000FB10B822B900B7001F30B70007D003CFEF
:10FD1000EB31F723744E000001F9200002BFD70039
:10FD20000004CA000004E5B423BB08DFEA10FFFFAB
:10FD3000FFF223F322001F100001F100001F10004A
:10FD400001F100001F100001F100001F1000D6009B
:10FD500000E4D60000E4D60000E4D60000E4D600BB
:10FD600000E4C70000F39A0002F12F835DA004CFE6
:10FD7000E8000C700000D506E00004E000F4000A82
:10FD800080009B001F20002F207B00000C80E400DF
:10FD90000005E5E0000000EE700000008F10007C20
:10FDA0000000E80002F02F1003FD0007A00D60081E
:10FDB0009F200C5008B00E3B701F0003F03E06C0A1
:10FDC0006B0000E58901F1B600009AD400B7F1009C
:10FDD000004FE0006FC000000FA0001F70005F1018
:10FDE00000E50AB009A001E64E10004FE400000D46
:10FDF000E000007DD80002F32F300C8007D08D008A
:10FE000000C90C80000A803F1003E000AA00C60071
:10FE100001F35D000007CE4000000EB0000000B707
:10FE20000000000B70000000B700006FFFFFF5023C
:10FE30002229D000003F300001E600000BA00000A6
:10FE40008D000004F200001E8222217FFFFFF8BF18
:10FE5000CB60B60B60B60B60B60B60B60B60B60B32
:10FE600060BFC03500002E00000D30000880000388
:10FE7000D00000D200008700003C00000E200009E6
:10FE8000700004C00000E10000A6CFB07B06B06B9C
:10FE900006B06B06B06B06B06B06B07BCFB0000748
:10FEA000000005E50000B4B0002C0C2008606800DC
:10FEB000D000D0DDDDDD271005C108DFC300A42997
:10FEC000D000001F108DEEF24E100F24E007F20953
:10FED000ED8F20E400000E400000E400000E7CFCEA
:10FEE00040EF527F2E6000B8E40008AE6000B8EF2B
:10FEF000528F2E6DFC4002BFE800DA24C35D000083
:10FF000007B000005D000000DA24D302BFE8000063
:10FF10000001F1000001F1000001F102BFD6F10E75
:10FF2000923DF15D0004F17B0001F15D0003F10EF3
:10FF3000912DF102BFE6F102BFD500E814E45C00A8
:10FF400006B7FEEEEC5D000000E923A202BFE90067
:10FF500001CF609A110B600DFFF30B6000B6000B30
:10FF60006000B6000B6000B60002BFE6E20EA23CE5
:10FF7000F25D0002F27B0000F25D0002F20EA23D93
:10FF8000F202BFE5F2000002F00C623BA006DFEADD
:10FF900010E400000E400000E400000E7DFC20EEA6
:10FFA00042AC0E6002F0E4000F1E4000F2E4000FCD
:10FFB0002E4000F20D40820000E40E40E40E40E4CA
:10FFC0000E40E4000D50007200000000D4000D400F
:10FFD00000D4000D4000D4000D4000D4000D40229C
:10FFE000F20DF800E400000E400000E400000E40B6
:10FFF0000BA0E40BB00E4BC000EEFD000EC1D9000B
:020000040803EF
:10000000E402F40E4006E1E4E4E4E4E4E4E4E4E4DD
:10001000E4E7DFB29EE80ED32CFB23E5E6004F10A9
:10002000099E4003F0008AE4003F0008AE4003F060
:10003000008AE4003F0008A0E6DFC20EE41AC0E632
:10004000001F0E4000F1E4000F2E4000F2E4000F0C
:100050002002BFE8000EA23E805D0004F07B00019C
:10006000F15D0004F00DA23E8002BFE800E7DFC4AE
:100070000EF416F2E6000A8E40008AE7000B8EF5B9
:1000800028F2E6CFC40E400000E400000E4000005D
:1000900002BFD5F10EA23EF15D0004F17B0001F13B
:1000A0005D0004F10EA23EF102BFD5F1000001F1A6
:1000B000000001F1000001F1E6D8EE61E700E40084
:1000C000E400E400E40009EFC26D22617D20000934
:1000D000FE910002C95622B84CFEA0053000B600C1
:1000E000DFFF30B6000B6000B6000B6000AA110203
:1000F000DF60F3002F0F3002F0F3002F0F3002F01B
:10010000E4004F0AB22CF01BFE6F000D5000980661
:10011000C000F201F206B000A80C50003E3E000004
:100120000DD8000006F200C5003F100786A009F6B2
:1001300000D31F00E7B02D00B54C0E188006A96053
:10014000A6D3001EE104ED0000BB000E80005D00A0
:100150004E10A91E4001ED900008F10002EBA00036
:10016000C70D607C003F200D50009807B000E201F1
:10017000F205C000A70B50004D1E00000EB9000094
:1001800008F3000005D000052C60001CF900007F7A
:10019000FFFB0002F3000C70009C0004E1001E5005
:1001A000008FFFFD00BF04E105C005C005C006C00B
:1001B0004F6008C005C005C005C004E100BFB5B56B
:1001C000B5B5B5B5B5B5B5B5B5B5B5CD100C700906
:1001D000900990099008A003F708B00990099009C8
:1001E000900C80CD200BE80A33918DA00000000018
:1001F0000012000000037CFF000059EFFFFF000E1B
:10020000FFFFFFFF000FFFFD848F000FD720008F3F
:10021000000F8000008F000F8000008F000F800013
:100220007BDF023F8006FFFFAFFF8002EFF9EFFFA9
:100230006000021029A700000000B4DFFFFFFD4BA3
:10024000E8E722227E8EC0C500006C0CFCF611117E
:100250007FCFC0CFFFFFFB0CFCF611117FCFC0C5D5
:1002600000006C0CE8E722227E8EB4DFFFFFFD4B1E
:10027000DFF69FFFFFFDFFF8CFFFFFFFEFF6AFFFB9
:10028000FFFE132003333331FFF7BFFFFFFFFFF8FB
:10029000CFFFFFFFFFF7BFFFFFFF13200333333113
:1002A000EFF6AFFFFFFEFFF8CFFFFFFFDFF6AFFF78
:1002B000FFFD0000000003D4000000003FFE00002E
:1002C0000003FFF44D30003FFF40EFF303FFF40065
:1002D0004FFF6FFF400004FFFFF40000004FFF409E
:1002E00000000003D3000000140000220DF7004FAF
:1002F000F19FF74FFD00AFFFFD1000BFFE10004F54
:10030000FFF7004FFDAFF70EFD10AFF25B10009945
:100310000000000770000000320FF0240005FC0F01
:10032000F0CF501FF40FF05FF17F800FF008F7BFA0
:10033000200FF002FBCF100EE001FCAF40011004D3
:10034000FA5FB000000BF60DFA1001AFD002DFFC2F
:10035000CFFD200008EFFE9100000001100000001A
:10036000001441000000007FF700000343DFFD346C
:10037000300EFFFFFFFFE06FFFFBBFFFF61BFF70BC
:1003800007FFB107FF2002FF701BFF7007FFB16F6F
:10039000FFFBBFFFF60EFFFFFFFFE00342CFFC2392
:1003A0003000007FF7000000000441000000000062
:1003B0007303830000001DFF67F7000003EE5AFE81
:1003C000F700006FD3B57FF70009FB3DFF85FE30D6
:1003D000BF95FFFFFB3EF4766FFFFFFFD2A100CF7A
:1003E000FFFFFFF40000CFFA02FFF40000CFFA0293
:1003F000FFF40000AFF801FFF300000027720000D7
:1004000000007FF7000000008FF8000000008FF868
:10041000000000008FF8000000DFFFFFFD00004F2C
:10042000FFFFF4000004FFFF400023335FF5333289
:10043000FFFFA44AFFFFFFFFFCCFFFFFFFFFFFFF0F
:100440005C8F9AAAAAAAAAA8004FFFFFFFB00001DA
:10045000ED888889F8000AF2000000AF305F700074
:1004600000001ED0EF886000288BF6FFFFF300BF6E
:10047000FFF8FFFFFFFFFFFFF8FFFFFFFFFFFFF7A2
:10048000BFFFFFFFFFFFF40000011000590019EF4C
:10049000FD709F03EFDA9DFEBF0EF600005FFF7F49
:1004A00070003FFFFF6900002AAAA90000000000B9
:1004B00000AAAAA20000A6FFFEF30007F7FFF500BE
:1004C000007FE0FBEFD9ADFE30FA08EFFE9100951A
:1004D000000110000000002A0002EF788EFFFFFFED
:1004E000FFFFFFFFFFFFFFDFFFFF0007FF00007FB1
:1004F00000000100002A0000002EF000788EFF03AB
:100500000FFFFFF0BAFFFFFF03FFFFFFF0AADFFFBF
:10051000FF0400008FF00000008F000000001000BA
:10052000000000000000000000000006D2000000F3
:100530002A00118E100002EF007D2B90788EFF03B1
:100540000AB3F0FFFFFF0BA1F1E3FFFFFF03F0E3AE
:10055000C5FFFFFF0BA1F1E3DFFFFF030AB3F000CC
:1005600007FF007D2B9000007F00119E100000010E
:100570000006D20000000000000000BFFFFFFFFFE8
:10058000FBFD5BFFFFFFFFF501FFFFEFFFFB18FF28
:10059000F61CFFFFFCFF6001DFFF609600008FF993
:1005A000000000008FFC88888888CFBFFFFFFFFF16
:1005B000FB000240000000CF1000002FF700000AEF
:1005C000FFE00004FFFF8000EFFFFF308FFFFFFC24
:1005D0000EFFFFFFF2F9CFFFFF3DC5FFFFF16FA355
:1005E000BFFA008FFFFB00002674000058000035A2
:1005F0009F1005FE9F106FFE9F17FFFE9F9FFFFE3F
:100600009FFFFFFE9FEFFFFE9F2DFFFE9F10CFFE7F
:100610009F100BFE8F00009B0000000046000000B2
:10062000000FFD40000000FFFFA100000FFFFFF7DB
:100630000000FFFFFFFD500FFFFFFFFFB1FFFFFFB7
:10064000FFFF6FFFFFFFFFB1FFFFFFFD400FFFFF49
:10065000F70000FFFFA100000FFD40000000360082
:1006600000000000AFFE30AFFE3FFFF70FFFF7FFC7
:10067000FF80FFFF8FFFF80FFFF8FFFF80FFFF8F66
:10068000FFF80FFFF8FFFF80FFFF8FFFF80FFFF865
:10069000FFFF80FFFF8FFFF70FFFF7489810489884
:1006A0001048888888881FFFFFFFFFF7FFFFFFFFC4
:1006B000FF8FFFFFFFFFF8FFFFFFFFFF8FFFFFFF31
:1006C000FFF8FFFFFFFFFF8FFFFFFFFFF8FFFFFFB8
:1006D000FFFF8FFFFFFFFFF7AFFFFFFFFE3026009A
:1006E00000587FA000BF8FFB00BF8FFFC1BF8FFFEF
:1006F000FDCF8FFFFFFF8FFFFFEF8FFFF4BF8FFF57
:1007000040BF8FE300BF5D2000AE0000000000008E
:100710000370000000003FFA00000002EFFF9000AD
:10072000001EFFFFF80001DFFFFFFF700CFFFFFF5F
:10073000FFF40DFFFFFFFFF50134444444300DFF8B
:10074000FFFFFFF50FFFFFFFFFF80CFFFFFFFFF5B7
:10075000000003100005FB0005FF4005FF4005FFFA
:100760005003FF50000BFC10000BFC10000BFC10A2
:10077000000CFB00000A5003100003FC10000BFCEF
:1007800010000BFC10000BFC10000DFB0005FF50CF
:1007900005FF5005FF5003FF50000A500000000005
:1007A00069100000000DF500000000EF600000007F
:1007B0000EF600005888FFB8881FFFFFFFFFF79B69
:1007C000BBFFDBBB30000EF600000000EF60000056
:1007D000000EF6000000009D20000046666666667A
:1007E0001FFFFFFFFFF7ADDDDDDDDD400003ADFFE7
:1007F000C70000009FE624AFE3000BFF207709FF4E
:10080000407FF900CFA1FFE1EFF67FFFF0EFF78F18
:10081000F93FFFC1FFE10BFF26CA19FF40009FE629
:1008200024AFE30000039DFFC7000032000000007A
:10083000000000DF500000000000001CF84AEFEB51
:10084000500000009FFD525DFC10000005FE4A7044
:10085000CFE1000B802DFFF74FFB002FFB00AFFB1C
:100860002FFF300BFF5007FE7FFB0001DFC0003E73
:10087000FFE100001BFC4201BFA00000005BEFB0E5
:1008800008FC100000000000004FE0000000000025
:100890000002400000000310000000000005FD0001
:1008A0000000000000EFF700000000008FFFF100E3
:1008B0000000002FFDEFA00000000BFB03FF300045
:1008C0000004FFC04FFC000000DFFD05FFF6000044
:1008D0007FFFF8CFFFE1001FFFFC04FFFF900AFF3E
:1008E000FFD27FFFFF20FFFFFFFFFFFFF6047888A6
:1008F0008888888700000000000610000000000FB4
:10090000C1FFF8002EFFFCCDFF62EFDFF9002C4E97
:10091000F90F900002EF900700002EF8880FA0CD8D
:10092000FF80DFDFF9FFF8001EFFFC000000000F72
:10093000C0000000000610000027000000002EF993
:100940000000002EFFF900002EF92EF9002EF9000C
:100950002EF90BF900002EF42700000027002600D6
:100960000000270BF900002EF42EF9002EF9002EBE
:10097000F92EF900002EFFF90000002EF90000000A
:1009800000260000000001000000000000003FC041
:10099000077777720003FFFC2EFFFFF9000FCFCF20
:1009A000A00000E900041E93200000E900000E9062
:1009B000000000E900000E900000B5E997000EC7A6
:1009C0007773BFFFF6000DFFFFFD0BFF7000000007
:1009D000000000A600BFFFF6000000FFFFFF9888A0
:1009E00074FFFFFFFFFFFFFFFFFFFFFFFFFFFFFFA2
:1009F000FFFFFFFFFFFFFFFFFFFFFFFFFFFFFFFF07
:100A0000FFFFFFFFFFBFFFFFFFFFFB000002200013
:100A10000000003EE300000003EFFE3000003EFF58
:100A2000FFE30000EFFFFFFE0000008FF800000072
:100A3000008FF8000000008FF8000023328FF823A9
:100A400032FFFD3993EFFFFFFFC99CFFFFFFFFFF60
:100A5000FF5C8F9AAAAAAAAAA8000000000362005D
:100A600000000000CFFE000000003FFFE00000009B
:100A700009FFFD000000002DFF90000000004FF472
:100A8000000000000CFD0000010009FF40018EE1A4
:100A90001AFF7000EFFFDEFF90000CFFFFFF600009
:100AA000008FFFE91000000276300000000007937D
:100AB0000000220AFFF2008FF5F91F708FF90CFC7D
:100AC000F88FF9001AEFFFF9000000EFFC000007B3
:100AD000BFFFF6000AFFFABFF600F91F70BFF60C61
:100AE000FCF400BFF41AC600005600000344412085
:100AF0000000FFFF5E40241FFFF5EE2FF4FFFFC84C
:100B000082FF4FFFFFFF5FF4FFFFFFF5FF4FFFFF87
:100B1000FF5FF4FFFFFFF5FF4FFFFFFF5FF4FFFFF5
:100B2000FFF4FF934444430FFFFFFF5000688888A1
:100B300071000048888887000FFFFFFFFB00F80066
:100B4000000BFB0F800000BFF3FB77777DFF4FFFAB
:100B5000FFFFFFF4FFFF42DFFF4FFFC008FFF4FF7E
:100B6000FE00AFFF4FFFFCAFFFF4AFFFFFFFFD1034
:100B700000000000000FFFFFFFFFF79AAAAAAAAA31
:100B800040000000000089999999993FFFFFFFFFFD
:100B9000F712222222220000000000009AAAAAAA2C
:100BA000AA4FFFFFFFFFF7000000000000BFFFFF9C
:100BB000FFFFFBFFFFFFFFFFFF4EFFFFFFFFE4C351
:100BC000BFFFFFFB3CFF57FFFF75FFFFF93DD39FC2
:100BD000FFFFFFD55DFFFFFFFFFFFFFFFFBFFFFF31
:100BE000FFFFFB01BBBA10005FFFF10007FFFB0036
:100BF000009FFF60000BFFFFFF60EFFFFFF10EFFA4
:100C0000FFF800000CFE000000FF5000003FC00095
:100C10000007F3000000A900000002000000002A05
:100C20005000000EFF8FFF2000FFF8FFF4000FFFC1
:100C3000EBBB3000FFF49992600FFF5FFF4FA0FF06
:100C4000F5FFF5561FFF5FFFFFF4FFF5FFFFFF4EB7
:100C5000FF5FFFFFF40005FFFFFF40005FFFFFF4B1
:100C60000000444444000000150000000009F100A9
:100C700000002DFFF900000EFFFFF70005FFFFFF4A
:100C8000D0008FFFFFFF000AFFFFFFF200DFFFFF32
:100C9000FF506FFFFFFFFD0EFFFFFFFFF6244444F0
:100CA000444300002FF90000000046000000BFFF91
:100CB000FFFFFFFFF4FC8E8E8E88E8F7F80C0C0B1C
:100CC00000B0F8FFECFCECEECFF8FFA0C0A0772F4F
:100CD000F8FFECFCECEECFF8F80C000000B0F8FCEC
:100CE0008E888888E8F7BFFFFFFFFFFFF400000051
:100CF000000006300000000018EFE000000029FFAF
:100D0000FFB000003AFFFFFF30004CFFFFFFFC0088
:100D10000BFFFFFFFFF5000EFFFFFFFFD0000134C8
:100D200044DFFF6000000000CFFE0000000000CFA5
:100D3000F80000000000CFF10000000000BF9000AC
:100D400000000000260000009BBBB2700FFFFF4FA9
:100D500090FFFFF4FF9FFFFF5444FFFFFFFFFFFFE3
:100D6000FFFFFFFFFFFFFFFFFFFFFFFFFFFFFFFF93
:100D7000FFFFFFFFFFFFFFFFFFFFFFFFFFFF344409
:100D8000444430000000000000000000059BCB95AB
:100D90000000008FFFFFFFFF8003EFFA53235AFF8D
:100DA000E3DFA100000001AFD26005BEFEB5005236
:100DB000001CFFFEFFFC100002EC40004CE20000B3
:100DC0000100010001000000000AFA00000000001C
:100DD00000FFF0000000000006D600000037777723
:100DE000777777750FFFFFFFFFFFFFF3F834444479
:100DF00044444FDF8CFFFFFFFFF2CFF8CFFFFFFF30
:100E0000FF08FF89CCCCCCCCC3FFFB777777777713
:100E10009F9CFFFFFFFFFFFFE100000000000000BC
:100E200000377777777777750FFFFFFFFFFFFFF3C7
:100E3000F834444443004FDF8CFFFFFFC002CFF87B
:100E4000CFFFFFFC0008FF89CCCCCC9003FFFB77E1
:100E5000777777779F9CFFFFFFFFFFFFE1000000A0
:100E60000000000000377777777777750FFFFFFF77
:100E7000FFFFFFF3F834444200004FDF8CFFFF8098
:100E80000002CFF8CFFFF8000008FF89CCCC60004B
:100E900003FFFB77777777779F9CFFFFFFFFFFFFCD
:100EA000E100000000000000003777777777777562
:100EB0000FFFFFFFFFFFFFF3F834410000004FDF9B
:100EC0008CFF40000002CFF8CFF400000008FF893B
:100ED000CC30000003FFFB77777777779F9CFFFF8D
:100EE000FFFFFFFFE1000000000000000037777700
:100EF000777777750FFFFFFFFFFFFFF3F800000024
:100F000000004FDF800000000002CFF8000000006A
:100F10000008FF800000000003FFFB7777777777FA
:100F20009F9CFFFFFFFFFFFFE100000000000000AB
:100F300000000000000000000000000025FB000091
:100F400000000005CBFE00000001000D1042000073
:100F5000009FD1680000006800FFFEEEEDDDDDEFD0
:100F6000C09FD100B3000068000100003B05740081
:100F70000000000009BEFB0000000000002DFB0087
:100F80000000000000000000000000342000006E9F
:100F9000FEFD2004FFF3FFD00CFFF04FF50FD5F25C
:100FA00095F82FF7413CFA3FFF60AFFB3FFE204F23
:100FB000FB2FE29275FA0FEBF149F809FFF09FF26F
:100FC00001DFF9FF900006AB950000048870000B6C
:100FD000CCFFFFDCC5BCCCCCCCCC528888888860E8
:100FE0004FFFFFFFFC04FAAE6F5FC04FAAE6F4FCB0
:100FF00004FAAE6F4FC04FAAE6F4FC04FAAE6F4F8E
:10100000C04FAAE6F5FC03FFFFFFFFB00688888803
:1010100072000000000001710000000001EFD1002B
:101020000000015FFFC0000001EA5FFD000001EF6A
:10103000FA5D100001EFFFF8000001EFFFFE200055
:1010400001EFFFFE200001EFFFFE200000BFFFFECA
:101050002000000DFFFE20000000FFFE2000000029
:10106000066410000000000005EFFFFFFFFF800591
:10107000FFFFFFFFFFFF05FFFF91DD19FFF5FFFFFA
:10108000FD1111DFFFEFFFFFFB00BFFFF5FFFFFDCD
:101090001111DFFF05FFFF91DD19FFF005FFFFFFD5
:1010A000FFFFFF0004EFFFFFFFFF8000178887208E
:1010B0002DFFFFFD2EA0B378FEFA0B378FFFFFFF49
:1010C000FFFFFFFFFFFFFFFFFFFFFFFFFFFFFFFF30
:1010D000FFFFFFFFFFFFFFFFFFFFFFFFFCFFFFFF23
:1010E000FC04444444000000000000020000000032
:1010F0000004F00069000000DF007FC000000DF078
:101100008FFFDDDDDDFF0BFFFFFFFFFFF00BFC00BE
:10111000000000000AC00000000000000000000005
:10112000000000000000000000000000000040037C
:101130000000000000003003030900000E00B004AE
:101140000404000516007008090900003F0070073C
:10115000070D00FE6D00200A0A0900009A004008F1
:10116000090A00FFC700800202040005CB0010043A
:10117000030D01FDDF001004030D00FDF300D0049A
:101180000505000500010007070600021501C00261
:10119000030400FE1B01A004040200021F01C002A0
:1011A0000302000022014004060DFFFF4901000870
:1011B000080900006D017004040900007F01E006C9
:1011C000070900009F01E00607090000BF010008B1
:1011D00008090000E301E0060709000003026007B8
:1011E0000809000027023007070900004702C0076E
:1011F000080900006B026007070900008B02C002AB
:10120000030700009602C002030900FEA4020007C3
:1012100007070001BD02000707050002CF02000713
:1012200007070001E802E006070900000803700C48
:101230000C0C00FD5003D0080A09FF007D031009C3
:1012400008090100A103B00809090000CA03F00958
:1012500009090100F3031008070901001304A0079E
:101260000709010033044009090900005C04C009B2
:10127000080901008004C003020901008904200656
:101280000609FF00A404A00808090100C8042007FB
:1012900007090100E804700B0A0901001505C009DF
:1012A000080901003905100A0A0900006605B0089E
:1012B000080901008A05100A0A0C00FDC605C008CD
:1012C00008090100EA057007070900000A0610076F
:1012D000070900002A068009080901004E06900847
:1012E0000A09FF007B06800D0E090000BA061008EF
:1012F00008090000DE06C0070909FF000707E0072C
:10130000080900002B070004030D01FD3F074004FE
:10131000060DFFFF66070004030D00FD7A070007B6
:10132000070600028F070006060100FF920730073C
:10133000040201089607300707070000AF073008CE
:10134000070A0100D207E00607070000EB07300894
:10135000080A000013086007070700002C08400473
:10136000050A000045084008080A00FD6D0830081D
:10137000070A010090086003030A00009F08700339
:10138000050DFEFDC0086007070A0100E3086003C1
:10139000020A0100ED08B00C0B0701001409300827
:1013A000070701002D09A0070807000049093008B8
:1013B000070A01FD6C093008080A00FD9409F004D1
:1013C00004070100A209000606070000B709F0049F
:1013D00005090000CE09200807070100E709B0064B
:1013E0000807FF00030AD00A0B0700002A0AA0061C
:1013F00007070000430AB006080AFFFD6B0A400613
:1014000006070000800A3004040D00FD9A0A9003CC
:10141000020D01FDA70A3004040D00FDC10A0007FA
:1014200007020004C80A000C0C0D00FE160B000C8D
:101430000C0900004C0B000C0C0B00FF8E0B000C79
:101440000C090000C40B400809090000ED0B000C5A
:101450000C0D00FE3B0C000C0C0D00FE890C800DE9
:101460000E0B00FFD60C000C0C0D00FE240D800DA1
:101470000E090000630D000C0C0D00FEB10D0006FE
:10148000060A00FFCF0D0009090A00FFFC0D800DC0
:101490000E0D00FE570E000C0C0900008D0E4008CA
:1014A000090D00FEC80E800A080C01FEF80E800A25
:1014B0000B0D00FE400F800A0B0B00FF7D0F800A12
:1014C0000B0B00FFBA0F800A080C01FEEA0F800A1E
:1014D0000C0BFFFF2C108007070B00FF5310800739
:1014E000070B00FF7A10800A0B0B00FFB710800A71
:1014F0000B030003C810800D0E0900000711000F38
:10150000100D00FE6F11800D0F0DFFFED111000CAC
:101510000C0B00FF1312800A0B0700013A12800A1D
:101520000B0700016112000F100AFF00B112000C3E
:101530000C090000E712000C0C0D00FE3513000C26
:101540000D0DFFFE8A13800A0B0B00FFC713800AE4
:101550000B0D00FE0F14800A0B0B00FF4C14800AC9
:101560000B0B00FF8914000C0C090000BF1480074E
:10157000090DFFFEFA14800A0B0D00FE4215800AC9
:101580000B0D00FE8A15800D0E090000C915000C18
:101590000E0DFFFE24160009090D00FE5F16000F58
:1015A0000F0C00FFB916000F0F090000FD16000F09
:1015B0000F0900004117000F0F0900008517000FE9
:1015C0000F090000C917000F0F0900000D18000FC8
:1015D000100B00FF6518800A0A0D00FEA618800A8D
:1015E0000B0D00FEEE18000C0D0DFFFE4319000F51
:1015F0000F09000087190009090D00FEC219100C1F
:101600000D090000000007000A000B000C0010008C
:101610001200140018001B002000250026002700DF
:101620003D00420047004A004B004C005000510072
:1016300052005300660067006D006F007000730079
:101640007600770078007A0092009400C300C4000E
:10165000C600C800DF00E600E900F2001B0123011C
:101660005A01EA013F02400241024202430286025D
:101670009202EC0203035905C107A10820000000F3
:101680005F000100000000000000000000000200F8
:1016900001F00000A208600004160308000000002A
:1016A0003C000300000001020003040502060708D5
:1016B000090A090A0B0C000D0E0F101112130C145D
:1016C000140000001516171819161A1B1C1D1D1ED4
:1016D0001F201D1D1621222303241E252526272811
:1016E000292A2B002C002D2E2F303132332D34346B
:1016F00035302D2D2E2E36373839333A3A3B3A3C99
:1017000029000009000000000000000000000000A7
:1017100000000000000000000000000000000000C9
:1017200000000000000000000000000000000000B9
:1017300000000000000000000000000000000000A9
:10174000000001020003040502060708090A090A4D
:101750000B0C0D0E0F10110C1213141515000000B8
:1017600016171819171919191719191A19191919F2
:1017700017191719031B1C1D1D1E1F2021222300D2
:1017800024002526272727002726282926262A2A37
:10179000272A272A2B2C2D2E2E2F2E30000023090E
:1017A0000000000000000000000000000000000039
:1017B0000000000000000000000000000000000029
:1017C0000000000000000000000000000000000019
:1017D0000000000000000000000000000001000008
:1017E00000000000000100000200000000010000F5
:1017F00000000000000000000000000000000100E8
:1018000000000000000000000000000001090005C9
:10181000FC00000000F5F401090403F801090108C7
:10182000020600000000000000000000000C02FFA3
:1018300000000000000000000000000000FA0000AE
:10184000000000FC03040000FE00FF0200FE00FE9A
:10185000FFFC00000000FE0000FEFD0000FE00FC9A
:10186000000000000000000000FEFE0000FB00E998
:101870000000FC0004060000FC02020604FD040057
:1018800000F50000000000000000000000F900006A
:10189000000000000000000000000000FEF700F85B
:1018A000FF00000000000700FAFEFF0100FD00003D
:1018B000FFF20000000000000000000000F1FE0741
:1018C0000000000000000000000000000000000018
:1018D0000000000000000600020000FC0000000004
:1018E00000000000000000000000000000070201EE
:1018F00000000000000000000000000000000000E8
:1019000000000000000000000000000000000000D7
:10191000000000000000F9000000000000000000CE
:1019200000000000000000000000000001040206AA
:10193000FE000004FEFAE601050400FE00070006B2
:10194000000600EE00FE060006FE0402000001FE96
:101950000000FD0F000F000600080203000000F960
:101960000000000001FF0001FDFEFC0100FE000080
:1019700000F80000000000000000000000F400007B
:1019800000000000000000000000000001F500F46D
:1019900000000000FF0013FEFE0202FE00FE020037
:1019A00000F60000000000000000000000ED000252
:1019B000000000000000000000000000000C00001B
:1019C000F9000600F3EDF3FC060000F30002FC0052
:1019D000FD0000000000000000000000000506E916
:1019E00000000000000000000000000000010000F6
:1019F0000000000101FEFC00FFFFFE0000FF0000F0
:101A000000FC00FE00FCFC00FBFAFAFC00FC00FC01
:101A100000000000FE0000020001FE0000000002C5
:101A2000FF000000FF0202FF000000FC00FF0000BA
:101A3000000000010002FF00FE00FD0000FF0006A4
:101A40000000FE0000000000FF01FFFF00FE00FE9E
:101A5000000000000000000000FFFF00FEFE00008C
:101A6000000000010000FF00FEFEFE00000000007C
:101A700000000000FF00000000FFFE0000FAFFFA77
:101A8000040000FC02040500FBFFFE00FFF702FF5C
:101A900001F602000001F600F6FEEFFF00F600047A
:101AA000050002000000000000FDFE00000000FE36
:101AB000000000FE0000000000FFFF00FFFE00002D
:101AC0000000000000FEFE00FFFEFE0000FE000021
:101AD000000000000000000000FEFE0000FF00FC0F
:101AE000020000FE010202000000000000FF0000F2
:101AF000000000010000FE00FEFFFE0000000000EC
:101B000000000200FE00000000FEFD000006FF01D4
:101B1000FA000005F6F6F8FC0200FEF4FD00FD00F8
:101B2000FC03FDF400FB000001FF02FF000200FACD
:101B3000F900F6FBFCFBFAFEFB00FCFB000100FEDB
:101B40000000000100020000000000000000000092
:101B500000FE00FF00FFFE00FDFCFCFF00FA00009D
:101B600000000000FE0000000001FF000002000075
:101B7000000000000000090000000000000100005B
:101B800000FE0000000000000000000000FD000258
:101B9000000000000000000000000000FF00000046
:101BA000FC00000000F6FA000000FDF60000FE0256
:101BB00000FB00000000000000000000FD0000FC31
:101BC00000000000000000000000000000FD000018
:101BD0000000020001FCFC00FEFEFE000000000010
:101BE00000FA00FE00FDFE00FCFBFAFE00FC00FA1D
:101BF000000000000F0000010000FE0000F80000DF
:101C0000000000EEFD0606FEF80002FD00F6FFFEF5
:101C100002F3FE020003F9FDF9FAF80000F4000BEC
:101C20000000FF000000FFFFFEFBFA0000000000C4
:101C300000000000000100000000000000000000A3
:101C4000000000000000FE00FFFEFD0000FC00FEA2
:101C50000000000000000000000000000000FF0085
:101C6000FC000004FF0200FC02FFFFFBFE00FEFE82
:101C7000FF00FDFD0000FEFFFFFDFE0000FE000274
:101C8000FF00FC000000FC00FD00FDFD0000000066
:101C900000000000FC0200FD00FFFEFAFFFFFFFF56
:101CA000FFFEFF0000000000FEFEFE00000000023C
:101CB000FF00FF000000FFFEFFFEFEFE0208FF0027
:101CC000FB00FF0400FEF8FE030000F7FD02FD012B
:101CD00000FFFEFA00FD010000FD0000000202FC12
:101CE000FC00FDFEFDFEFE00FD01FCFD000000000D
:101CF00000000000000200000000000000000000E2
:101D000000000000000000000000000000FD0000D6
:101D100000000000000000000000000000000000C3
:101D200000000000000000000000000000000000B3
:101D30000000000000000000FF00000000000000A4
:101D40000000000000000000000000000000000093
:101D50000000000000FEFE00000000000000000087
:101D6000000000FD0000FE0000FEFE00000000FE7E
:101D700000000000FF0000000000FF000000FD0068
:101D8000FC000000FA0001FC0400FFF70000FCFE6C
:101D900000F8FBFB0000F8FEF8F9F700FB00020D6D
:101DA000FE00FCFEFFFEFDFBFDF9F8FC0000FF005D
:101DB000010000F3FE0604FCF90001FA00F6FFFE44
:101DC00004EEFE010000F4FEF6FEF20000F3000B4C
:101DD0000100FF00000000FFFFF9FF00000000000D
:101DE000FA00FE00FFFBF70000FFFDFAFE00FF0017
:101DF000000000F7FEFAFAFEFDFBFEFD00FCFEFA15
:101E0000FD00FEFCFEFC000100FFFA0000FD0000EA
:101E10000000020001FC0800FEFEFE0000000000C1
:101E200000FA00FE00FDFE00FCFBFAFE00FC0208CA
:101E3000000000000F0000010000FE000000000094
:101E400000000000000000000000FFFC0000000097
:101E500000FF000000FEFE0000FCFE0000FC00038E
:101E6000FF00000000000001000000000402FE006E
:101E7000FAFD0006FAFAFCFC080302EFFF04FE007C
:101E8000FE02FEF900FE02FEFEFAFE00000604005D
:101E9000FB00F5FE06FEF901FEFAFAFE0200FD0067
:101EA000FB000206FCF9F8FB060001F2FE02FDFF52
:101EB000FC00FCF9FDFDFE0000FCFCFE000604FE3B
:101EC000F500F5FD00F9F5FFFAFDFAFB0000FE0054
:101ED000FCFE00FEFD0003FA020000F600FEFCFD21
:101EE000FFFAFBFAFC00FAFEFCFCFAFE0000010916
:101EF000FD00FAFE00FEFCFCFBFBF9FE0400FD0009
:101F0000F6FE0104FAF9FCFA06FE01EEFD04FCFD02
:101F1000F900FAF8FEFEFEFEFCFAFF00000605FFDF
:101F2000F400F4FC05F9F3FCF9F8F6FA00000000FF
:101F3000FE000002FE0401FC040000FAFF00FF00A6
:101F40000101FE000000000000FE0000000002068B
:101F50000000FE00000000FFFFFE00000102000084
:101F600000000200FE000700030101FE0004000063
:101F70000002000000000000000000000006000554
:101F800000000000000000000000000000F400FE5F
:101F900003000600001302FCFC0202FF01F6000031
:101FA00009F40000000000000000000000F3071B1F
:101FB0000000000000000000000000000000000021
:101FC0000000000000000000000000000000000011
:101FD000000000000000FD0000FCFE00000000000A
:101FE00000000000000000000000000000FF00FBF7
:101FF00000000100000219FCFE0605FB02000002C1
:1020000002FE0000000000000000000000E70500E4
:10201000000000000000000000000000000000FBC5
:10202000000000FB00000000FCFF000000FC00FEC0
:1020300000F70000000000000000000000F30000B6
:10204000000001000000000000FE000000FD00FB99
:10205000000000FD02FE0000FBFEFC0000FB00FE95
:1020600000F700FE0000F0FCF8FEF90000F300FBB2
:10207000FF0000000000000000FDFDFE0000000069
:10208000FC00FC02FE0400FFFCFFFDFC00FEFFFF65
:1020900001FBFF000000EFFEFD00FC00FFF7FE006B
:1020A00000FFFE000000000100FFFDFF0000000037
:1020B0000000000000000000000000000000000020
:1020C0000000000000000000000000000000000010
:1020D00000000000000000020000000000FC00FF03
:1020E000000000FC02000000FBFEFC0000FB00FE04
:1020F00000F700000000ED00FCF9F60000F300FF1F
:10210000FD0000000000000000FEFDFF01000003D4
:10211000FE000609FEFEFA02090304FB020802069D
:10212000040500000000000000000000000C09FD94
:10213000FE00FE0F080F0000000200000000FD007E
:102140000000000000000000FF0000000000000090
:10215000000300000000F0FEFEF8F70000F30000AE
:102160000000000000000000000000000000FD0072
:102170000000000000000000FF0000000000000060
:10218000000300000000F0FEFEF8F70000F8000079
:10219000000000000000000000000000000000003F
:1021A000FE000000FC0200FE020302FA0000FE0234
:1021B000000200000000FB00FEFFFC00FEF8000C27
:1021C000FE00FCFF00FFFD00FEFBFCFE0000FD002A
:1021D0000000000000000000FF0000000000000000
:1021E000000300000000F0FEFEF8F70000F300001E
:1021F000000000000A000000000000000000FD00D8
:10220000FAFEFE06FEFEF801FF01FFFB00040002DD
:102210000102FBF8FE00F9FCFBF8F900FDFCFEFEF4
:10222000FEFFFEFF00FFFF030003FF0000000000B1
:102230000000000000000000FFFEFE0000FB00FFA9
:1022400000FD0000000000000000000000F400009D
:10225000000000000000000000FEFE000000000082
:10226000FE0000FDFE0200FDFCFF00FAFFFCFFFE89
:1022700000FD0000000000000000000000F3000668
:102280000000FD00000000FE00FE00000000FF0056
:10229000FC000008FEFAFA01020200FB010301063D
:1022A0000106FFFB0000F80000FAFB0000FC00FE46
:1022B000FD00FD00FD00FF0300FEFAFE0000FE0031
:1022C000FC000002FC0002FE020000FA00FFFF001A
:1022D000FE02FE000000F8FEFC00FA0000F7000716
:1022E000FE00FD000100FE00FEFA00FE00000000FE
:1022F000FF000002FE010000FEFF00FE00000000E3
:1023000000000000000000000000000000F40004D5
:102310000000FE000000000000FEFE00DC170308C5
:10232000A4160308401703083C30000024F70208F5
:10233000241103087C1603081C230308100002283C
:102340001C020020D1530108F55201080C000100C5
:1023500000FF01002C230308000000000000000023
:10236000016200BFE00EFF20EFF20CFF00BFF0099A
:10237000FD007FB005F9003F8001F6000F5000F42A
:10238000000E3000D1000C00001000000000000022
:1023900016200EFF31FFF508FB000A90006B35FF99
:1023A000300EF96FF300FFA4FF200EF92FF000CFDD
:1023B00070FE000AF50EC0008F30CA0006F10A80D8
:1023C000003F00860001D00000006200000700000E
:1023D00000000E200001E000000000F000004C00B2
:1023E0000000003D0000079000000005B0000097CD
:1023F000000000008800000C400002FFFFFFFFFF0C
:10240000FFFF802FFFFFFFFFFFFFF800000F10000E
:1024100003D000000001F000005B000000003D0060
:1024200000079000000005B0000097000000007950
:1024300000000C5000000009700000E300004FFF96
:10244000FFFFFFFFFFF704FFFFFFFFFFFFFF60003D
:1024500001F000005B000000003D0000079000005C
:102460000005A00000A6000000008800000C40004D
:1024700000000A500000F100000000D300001F001F
:1024800000000000000F0000000000000F0000002E
:102490000000000F00000000005BEFEC7000001B6C
:1024A000F72F12BE2000AF300F006FD004FA000FDC
:1024B000002FF507F7000F000DF809F7000F0001D6
:1024C0006107FB000F00000004FF500F0000000038
:1024D000CFF80F000000002DFFEF3000000001BF1B
:1024E000FFFB2000000003BFFFF6000000000F9F6D
:1024F000FF700000000F02DFF20000000F001EF965
:102500000000000F0007FB0650000F0005FC3FF322
:10251000000F0006F90EF7000F000AF507FB000F89
:10252000003FA0009F510F28FA100003ADEFD940E3
:10253000000000000F0000000000000F000000007D
:1025400000000F000000000000070000000003650D
:1025500010000000000000000000009D68E3000083
:102560000000000690000008F2008F10000000003C
:102570002E2000000EC0002F8000000000C60000CA
:10258000005F70000EE000000007B00000008F50F8
:10259000000CF10000002E100000009F50000BF214
:1025A000000000D5000000009F40000BF200000872
:1025B000A0000000008F50000CF000003E10000052
:1025C00000006F60000DE00000D40008CB70002F09
:1025D000A0001FB000099001CB01DA000AE0005F03
:1025E00030004D0008F1003F5002E901E90001E32D
:1025F000000EB0000EC00019CB60000A80004F90A2
:10260000000BF100000000005C00006F700009F397
:102610000000000001E200007F600009F4000000FB
:10262000000B7000007F600009F5000000006C00E6
:1026300000006F700009F400000002E20000004F8B
:1026400080000BF10000000C600000000FB0000DD6
:10265000D00000007B0000000008F0002F600000A8
:1026600002E10000000001DA00BC0000000C500094
:10267000000000001ACC90000000050000000000DF
:1026800000000000000000004664000000000000A0
:1026900000006EC78DE400000000000005F9000096
:1026A000CF2000000000000EF000004F800000006E
:1026B00000001FC000002FB000000000002FE0004D
:1026C000004F9000000000000FF100009F4000004C
:1026D0000000000BFA0003F900000000000003FFF7
:1026E000503E80000000000000007FF8C300004D55
:1026F000FFFFD100000DFF300000000BA000000420
:10270000D6CFE20000000D6000007F401DFD1000EC
:10271000001F200006F70002EFC000006C00001F41
:10272000E000003FFB0000B600007FA0000005FFB6
:10273000B003E00000AF900000007FFA0B600000E3
:10274000AFB000000008FFBB0000007FE000000009
:1027500000AFF90000002FF9000000002FFF70000B
:102760000007FF90000006D4CFF60000008FFEA700
:102770007AEC201DFF732000029CEFDA4000008DF0
:10278000FEC10A905FF36FF34FF22FF00FE00EC01F
:102790000CA00A80086000000006000000079000FE
:1027A0000005E1000003F5000000DB0000006F30D1
:1027B00000000EC0000008F5000000DE0000002F41
:1027C000B0000007F7000000CF3000000EF100005D
:1027D00000FF0000001FF0000003FE0000002FE0DB
:1027E000000001FF0000000FF0000000EF100000EB
:1027F0000BF40000006F80000001FC0000000CF0F2
:102800000000006F70000000DD00000004F5000013
:10281000000BD00000001E700000003E20000000F1
:102820005B00000000300600000000A7000000016F
:10283000E400000006F20000000CC00000004F5051
:10284000000000DE00000006F70000000FC00000DE
:1028500000CF10000008F60000004FB0000002FD9D
:102860000000001FF0000000FF0000000EF200005A
:1028700000FF2000000FF0000001FE0000002FD03C
:10288000000005FA0000008F5000000CF10000016C
:10289000FB0000007F5000000EC0000005F30000A8
:1028A00000DA0000008D1000002E2000000C400017
:1028B0000000300000000000008D0000000000005B
:1028C000CF300000000000BF1000000000009F009B
:1028D00000002DB4006C0019E72FFFB34919FFF871
:1028E0000157ADCDDB8620000000AB3000000000BA
:1028F0000B93F300000000BF20BE3000000AF90077
:102900003FE200002FF1000AF800000730000182CA
:102910000000000004100000000000000F60000034
:10292000000000000F600000000000000F600000C9
:10293000000000000F600000000000000F600000B9
:10294000000000000F600000000000000F600000A9
:1029500000DFFFFFFFFFFFFFF43333333F833333E9
:10296000310000000F600000000000000F60000058
:10297000000000000F600000000000000F60000079
:10298000000000000F600000000000000F60000069
:10299000000000000B40000000004DD300CFF90004
:1029A0009FFA0009F80000E50005D0005E300AC279
:1029B00000030000688888880BFFFFFFF02980CFA4
:1029C000F9DFFA5ED2000000002F2000000007D0DF
:1029D00000000000C8000000001F3000000006E0FA
:1029E00000000000BA000000000F5000000004F0DA
:1029F000000000009B000000000E6000000003F1DA
:102A0000000000008C000000000D7000000002F3C8
:102A1000000000007E000000000C9000000001F4A7
:102A2000000000006F000000000BA000000000F597
:102A3000000000004F1000000009C000000000E787
:102A4000000000003F2000000008D000000000D877
:102A5000000000002F3000000007E00000000055DB
:102A600000000000000000026751000000001BFA97
:102A70008CF70000001DF30007F900000BF60000C2
:102A80000BF50004FE0000004FE000AF90000000D6
:102A9000EF400FF50000000AFA02FF300000008F3F
:102AA000D05FF100000006FF07FF000000004FF2BA
:102AB0008FF000000004FF39FE000000003FF38F9C
:102AC000E000000003FF37FF000000004FF26FF04E
:102AD00000000005FF14FF200000007FE01FF4004D
:102AE000000009FC00CF70000000CF7007FC000060
:102AF000001FF2000EF2000007FA00005FB00001B4
:102B0000FE1000007FA103DE300000003AEFD81075
:102B10000000000000200000037BFF0000AFEBDF9F
:102B2000F000031009FE000000009FE00000000913
:102B3000FE000000009FD000000009FD0000000022
:102B40009FD000000009FD000000009FD0000000A1
:102B500009FD000000009FD000000009FD000000FA
:102B6000009FD000000009FD000000009FE0000071
:102B70000009FE000000009FE000000009FE0000C8
:102B80000000AFE00000013BFF3100AFFFFFFFFF9F
:102B9000B00000046752000000007C979DFC3000EC
:102BA00000AF200008FF30007FE000000CFC000DAB
:102BB000F90000005FF200CE30000003FF4000008B
:102BC0000000002FF6000000000004FF30000000AD
:102BD00000008FE000000000000EF6000000000082
:102BE00007FD000000000002FE200000000000CFF2
:102BF0004000000000009F5000000000005F6000E7
:102C0000000000003F7000000000001E8000000077
:102C100000000CA000000000000AB000000000004E
:102C200008C0000000000005E2111111111100FFA1
:102C3000FFFFFFFFFFF51FFFFFFFFFFFFF5000003B
:102C40001567420000001BC979DFB20001DF2000D8
:102C500009FE1008FC000000DFB00BF40000008F3C
:102C6000F000000000006FF100000000009FF00085
:102C700000000000DF900000000008FD00000000E0
:102C800003BF900000008EFFC2000000000136BFAD
:102C9000C2000000000005FF4000000000009FE0AF
:102CA00000000000001FF700000000000EF9000007
:102CB0000000000CFC04100000000EFB7FC00000B0
:102CC000001FF83FF20000008FF20CF6000003FF37
:102CD0005000CC30038FE6000005BDFDB8100000A9
:102CE00000000009F60000000000003FF6000000B0
:102CF000000000CEF60000000000078DF600000086
:102D000000002D0DF60000000000B40DF6000000DC
:102D10000006A00DF6000000001D100DF6000000DA
:102D200000A6000DF600000004C0000DF600000033
:102D30000D20000DF60000008800000DF6000003D5
:102D4000D000000DF600000C4000000DF600007AE7
:102D50000000000DF60000FFFFFFFFFFFFFFF0BBCC
:102D6000BBBBBBBFFDBBB0000000000DF600000008
:102D70000000000DF60000000000000DF60000004D
:102D80000000000DF60000000000000DF60000003D
:102D90000000000DF60000004FFFFFFFFFF70005E9
:102DA000FFFFFFFFFF70006B111111111000089061
:102DB000000000000000980000000000000A700001
:102DC0000000000000B60000000000000C500000F1
:102DD00000000000D9AEFEC93000000BB6436AFF08
:102DE000A1000000000003EFA0000000000006FFAB
:102DF0005000000000000EFA000000000000CFD0DC
:102E000000000000000AFF000000000000AFF00317
:102E1000000000000CFD08FB00000000FF905FF1C7
:102E20000000007FE100DF5000003FF50001DB20E3
:102E3000038FD40000006CDFEC7000000000000085
:102E4000000000000000000017BC6000000001AF9F
:102E5000920000000006FD200000000009FB0000B9
:102E60000000000AF9000000000007FD000000005B
:102E70000003FF300000000000BF900000000000D1
:102E80002FF2000000000008FC04AEFD920000DFFD
:102E90009AB536BFF5001FFE4000008FF102FF50CB
:102EA000000000EF904FF400000008FF04FF500006
:102EB00000006FF12FF600000004FF30FF700000EB
:102EC000004FF20DFA00000006FF007FF000000046
:102ED0009FC000EF4000000EF40007FD000008FA5C
:102EE000000008FC3028F900000003AEFEB400002A
:102EF0005FFFFFFFFFFFFA5FFFFFFFFFFFF801111A
:102F000011111112E3000000000005D000000000C4
:102F1000000D7000000000004F100000000000BB1A
:102F2000000000000002F4000000000009E00000C2
:102F30000000001F8000000000008F200000000043
:102F400000EC000000000006F600000000000DF19B
:102F500000000000005FA00000000000CF40000063
:102F6000000003FE00000000000AF800000000005E
:102F70002FF200000000009FC00000000001FF6071
:102F80000000000007FF000000000000035752008F
:102F90000000004CEA8BFC3000004FB10003EF2032
:102FA000001FF1000006FB0005FB0000000FF00011
:102FB0009F90000000FF2009FB0000000FF0006F51
:102FC000F2000003FA0000FFC00000BE200006FF70
:102FD000C2007E20000007FFF9880000000003CF38
:102FE000FFA2000000006A4AFFF7000001CA0003C8
:102FF000DFF80001EC000001CFF400AF4000000159
:10300000EFC01FF000000008FF03FF000000005F9A
:10301000F02FF100000005FD00FF400000009F9030
:1030200007FD0000002FE10009FD41016ED2000004
:10303000029CEEDA50000000000257510000000030
:103040004DE98CFA1000008FC10007FD10003FF120
:10305000000009FB000DF80000001FF302FF400014
:103060000000CF905FF200000009FC06FF10000096
:10307000007FE03FF400000006FF11FF6000000049
:103080005FF20CFD00000006FF102FF8000000BFEB
:10309000F0006FFA3025CDFD00002BEFFE91FF9080
:1030A00000000011004FF3000000000009FC0000C8
:1030B00000000003FF400000000000DF900000005F
:1030C00000009FB00000000000AFB0000000000151
:1030D000CF800000000018FC30000000009FA4001A
:1030E00000000000040000000000005ED2DFFACF04
:1030F000F92980000000000000000000000000002E
:103100000000002980CFF9DFFA5ED2005ED200DF36
:10311000FA00CFF900298000000000000000000044
:10312000000000000000000000000000000000009F
:103130002AA200BFF800BFFA001CF90000D6000365
:10314000E0002D5007E40006100000000000000021
:10315000190000000000007FD20000000005DE60C2
:10316000000000003CF800000000019FA2000000E9
:103170000007FC30000000005DE60000000001BF19
:103180008000000000001FC300000000000019FACA
:1031900010000000000003CF700000000000005D80
:1031A000E500000000000007FC3000000000000106
:1031B000AFA10000000000003CF80000000000008B
:1031C00005E2000000000000000000000000000018
:1031D0000000DFFFFFFFFFFFFFF4333333333333F0
:1031E000333100000000000000000000000000007B
:1031F00000000000000000000000000000000000CF
:1032000000000000000000000000DFFFFFFFFFFFE4
:10321000FFF43333333333333331064000000000DF
:1032200000009FB20000000000003CF81000000009
:10323000000005DE600000000000007FD4000000F8
:1032400000000019FA20000000000002BF8000000A
:10325000000000004DE40000000000008F7000003E
:10326000000006ED40000000004DE60000000002F6
:10327000BF910000000018FB20000000006ED50088
:1032800000000004DF700000000000B91000000022
:103290000000000000000000000000000000003EF0
:1032A000E93000007FFFFA20001AEFFFF300000072
:1032B000257D2000000007B000000002F0000000A3
:1032C00001F200000005F10000003EE0000029FFCF
:1032D00060001AFFF70000EFF9200004FC10000066
:1032E00002F500000000E300000000A30000000061
:1032F000000000000000000000000000000000636B
:103300000000000CFF6000000EFF80000005EC10C4
:103310000000000000000049CDFEDA50000000006F
:103320000000008EB6310026BE6000000000005E86
:10333000910000000003DA0000000007E300000035
:103340000000000BA00000009D2000000000000015
:1033500000D6000006E100000000000000004E0062
:10336000002F40000002AEE90650000C5000B900EA
:1033700000007FB44BEF500007A003F2000007F7F6
:103380000000EF200003E00AA000003FA00000FFC3
:10339000000001F00F500000BF100002FC00000010
:1033A000F13F100003FA000005F9000000F07D0075
:1033B000000BF4000008F6000002F09B00000FF183
:1033C00000000BF3000005B0AA00002FE000000E83
:1033D000F000000A70B900003FE000001FD00000BC
:1033E0001F10AA00001FF000006FA00000A8008CB2
:1033F00000000FF70006AFA00007C0006F00000735
:10340000FFA7C90DE303AB00001F4000007DFC5087
:1034100002BFEB5000000CB00000000000000000F4
:1034200000000004F40000000000000000000000A4
:1034300000BE1000000000000000000000000DD2DF
:10344000000000000000000000000001BF6000005C
:1034500000000200000000000006EE84100236CAE0
:1034600010000000000000049CDFDCA6100000003B
:10347000000000000005FA0000000000000000004D
:103480000AFF0000000000000000000FFF500000D5
:103490000000000000005DEFB00000000000000030
:1034A00000A89FF00000000000000000F34FF500AE
:1034B00000000000000005E00EFB0000000000001E
:1034C000000A8009FF100000000000000F3004FF18
:1034D000600000000000005E0000FFB0000000007F
:1034E0000000A90000AFF1000000000000F400009F
:1034F0005FF6000000000005F000000FFB00000078
:1035000000000AA000000AFF10000000000FFFFFEB
:10351000FFFFFF60000000005F00000000FFB00040
:10352000000000AA00000000AFF100000000F5005C
:103530000000004FF600000004F0000000000EFB49
:103540000000000AA00000000009FF1000001F504A
:103550000000000005FF70009FFFFFE100006EFF0C
:10356000FFFFE45FFFFFFFFFDC9300000006FF604A
:103570000137EFB0000004FF6000000DFB00000405
:10358000FF60000004FF400004FF60000001FF70C6
:103590000004FF50000000FF800004FF5000000303
:1035A000FF500004FF50000008FD000004FF500021
:1035B000004FE3000004FF50014AE910000004FF3F
:1035C000FEFFFC5100000004FF500125CFB20000B7
:1035D00004FF50000005FF500004FF500000009F52
:1035E000F20004FF500000003FF80004FF5000000C
:1035F000000FFB0004FF500000000FFA0004FF5012
:103600000000003FF70004FF600000009FF200048C
:10361000FF60000006FF700016FF600025CFF60077
:103620006FFFFFFFFFEDA6000000000000146764BD
:10363000200000000004CFFBAABFD60000001CFD44
:1036400050000007FD00002EFA000000001FE000FF
:103650001DFB0000000000DE000AFF10000000005B
:103660000AE002FF8000000000006D009FF20000F1
:1036700000000000000DFE0000000000000001FF3F
:10368000B0000000000000003FF900000000000052
:103690000004FF80000000000000004FF90000005F
:1036A0000000000002FFA0000000000000000FFC6E
:1036B0000000000000000000CFF00000000000004B
:1036C0000007FF40000000000015101FFB00000075
:1036D000000005F3007FF500000000008F2000AF20
:1036E000E2000000000BF200009FE400000000EF89
:1036F0002000005DFC621126CFA0000000049DEFB9
:10370000ECA710005FFFFFFFFFEDA6100000000018
:103710006FF6000148FF9100000004FF6000000107
:10372000BFD20000004FF600000000AFE10000042F
:10373000FF6000000001EFB000004FF60000000045
:1037400007FF400004FF60000000001FFA00004F68
:10375000F60000000000DFE00004FF600000000051
:1037600009FF20004FF600000000008FF40004FF66
:10377000500000000007FF50004FF500000000005F
:103780007FF50004FF500000000008FF40004FF5E7
:103790000000000000AFF20004FF50000000000D28
:1037A000FE00004FF50000000002FF900004FF60E3
:1037B000000000008FF200004FF6000000002FF91B
:1037C000000004FF600000000CFC0000004FF60049
:1037D00000002DFB10000016FF600025AFE6000082
:1037E00006FFFFFFFFFEC9500000005FFFFFFFFF65
:1037F000FFFFFF800006FF600000005F900004FFF5
:10380000600000001F900004FF600000000EA00098
:1038100004FF600000000BB00004FF600000000324
:10382000300004FF5000000000000004FF500000C2
:10383000F100000004FF500001F100000004FF50FF
:103840000003F100000004FFFFFFFFF1000000048F
:10385000FF500004F100000004FF500002F10000DE
:103860000004FF500000F100000004FF5000003091
:1038700000000004FF5000000000000004FF600092
:10388000000000A20004FF6000000003F30004FF3A
:103890006000000006F20004FF6000000009F20072
:1038A00016FF600000000CF16FFFFFFFFFFFFFFF3E
:1038B000F15FFFFFFFFFFFFFFF90006FF6000000CA
:1038C00004FA0004FF600000000FB0004FF6000093
:1038D0000000DB0004FF600000000AC0004FF6009B
:1038E000000000240004FF500000000000004FF51D
:1038F00000000E20000004FF500001F20000004F05
:10390000F500003F20000004FFFFFFFFF200000071
:103910004FF500003F20000004FF500001F20000BE
:10392000004FF500000F20000004FF500000510080
:1039300000004FF500000000000004FF60000000E0
:103940000000004FF600000000000004FF600000CF
:10395000000000004FF600000000000016FF82008B
:1039600000000006FFFFFFFFC00000000000000095
:1039700004677630000000000004BFFBAABEE81018
:103980000000001BFE50000005FF3000002EFB0071
:103990000000000CF400001DFB00000000008F4040
:1039A000000AFF100000000005F40002FF90000074
:1039B0000000002F40009FF2000000000000000007
:1039C0000EFE000000000000000001FFB00000003B
:1039D00000000000003FF9000000000000000004AB
:1039E000FF8000000000000000004FF90000000010
:1039F0006CCCCCCCB2FFA000000000245FFC310FE7
:103A0000FC000000000000FFA000CFF0000000005C
:103A1000000FFA0006FF500000000000FFA0000E9B
:103A2000FC00000000000EFA00006FF5000000002E
:103A300000EFA000009FF3000000000EF90000005E
:103A40008FF500000000EF900000004DFC73113670
:103A5000BFA200000000049CEFECA71000005FFF75
:103A6000FFFFF70000DFFFFFFFF00006FF70000020
:103A700000001DFF10000004FF60000000000CFEAD
:103A800000000004FF60000000000CFE00000004C5
:103A9000FF60000000000CFE00000004FF6000005A
:103AA00000000CFE00000004FF60000000000CFE9F
:103AB00000000004FF60000000000CFE0000000495
:103AC000FF60000000000BFE00000004FF5000003B
:103AD00000000BFE00000004FFFFFFFFFFFFFFFDE3
:103AE00000000004FF50000000000BFD0000000477
:103AF000FF50000000000BFE00000004FF5000001B
:103B000000000BFE00000004FF50000000000BFE50
:103B100000000004FF50000000000BFE0000000445
:103B2000FF60000000000CFE00000004FF600000C9
:103B300000000CFE00000004FF60000000000CFE0E
:103B400000000004FF60000000000CFE00000016F2
:103B5000FF71000000001DFF20006FFFFFFFF70056
:103B600000DFFFFFFFF05FFFFFFFF80006FF8100AF
:103B70000004FF60000004FF60000004FF6000001C
:103B800004FF60000004FF60000004FF6000000408
:103B9000FF60000004FF60000004FF50000004FF0D
:103BA00050000004FF60000004FF60000004FF609C
:103BB000000004FF60000004FF60000004FF6000DC
:103BC0000004FF60000004FF60000016FF81005F3A
:103BD000FFFFFFF8004FFFFFFFFE000001DFE100E5
:103BE000000000DFD000000000DFD000000000CFA8
:103BF000D000000000CFD000000000CFD0000000B7
:103C000000CFC000000000CFC000000000BFC00017
:103C1000000000BFC000000000BFC000000000BFE7
:103C2000C000000000BFC000000000BFC0000000D6
:103C300000BFC000000000BFC000000000BFC00007
:103C4000000000CFB000000000CFA000000000EF97
:103C50007000000000FF4000000003FE000006733B
:103C600008F500004FFF7E8000001AEEA50000005E
:103C70005FFFFFFFF7005FFFFFFF10006FF6000020
:103C800000018E31000004FF400000003F300000C2
:103C9000004FF40000001E6000000004FF40000020
:103CA0000C80000000004FF4000009B0000000008C
:103CB00004FF400006D000000000004FF40003E2C3
:103CC000000000000004FF4001E8000000000000C8
:103CD0004FF400CFF1000000000004FF40AAFF9065
:103CE00000000000004FF47B09FF200000000004EA
:103CF000FF9D101FFB00000000004FFF20008FF40D
:103D00000000000004FF600000EFD0000000004F42
:103D1000F4000006FF6000000004FF4000000DFEFC
:103D2000000000004FF40000004FF800000004FF06
:103D300040000000BFF10000004FF400000003FF4E
:103D400090000016FF610000000BFF3005FFFFFF31
:103D5000FF5002FFFFFFFE6FFFFFFFF900000000B2
:103D6000006FF710000000000004FF60000000007A
:103D700000004FF600000000000004FF600000009B
:103D80000000004FF600000000000004FF5000009B
:103D9000000000004FF500000000000004FF50008C
:103DA00000000000004FF500000000000004FF507C
:103DB0000000000000004FF500000000000004FFBC
:103DC000500000000000004FF5000000000000045B
:103DD000FF500000000000004FF500000000000050
:103DE00004FF600000000A90004FF600000000E9A8
:103DF0000004FF600000001F90004FF60000000468
:103E0000F80016FF600000007F86FFFFFFFFFFFF46
:103E1000FFF7BFFFFF200000000000006FFFFF90D2
:103E200001CFF90000000000000DFF9100000BEF32
:103E3000F0000000000003EFF8000000B8FF600091
:103E40000000000098FF8000000B4DFC0000000007
:103E5000000F2FF8000000B47FF30000000006B050
:103E6000FF8000000B51FF9000000000C50FF8001C
:103E70000000B50AFF000000003E00FF8000000BBC
:103E8000504FF600000009801FF8000000B600DF68
:103E9000D0000000F201FF8000000B6007FF30003F
:103EA000006C001FF8000000B6001FFA00000C5064
:103EB00001FF8000000B6000AFF10002E0001FF87E
:103EC000000000B60003FF7000990001FF800000B1
:103ED0000B60000DFD000E20001FF8000000C60062
:103EE000006FF305C00001FF8000000C600000FFC0
:103EF000A0C600001FF8000000C6000009FF3F0038
:103F00000001FF8000000C6000003FFE9000001FD9
:103F1000F8000000C6000000CFF3000001FF8000A1
:103F2000002D81000006FC0000003FFA100BFFFF8F
:103F3000FF80000E60002FFFFFFFFABFFFFD0000B3
:103F40000000EFFFFFFA000CFF900000000017C216
:103F500000000CFFF30000000005C000000C7FFD16
:103F60000000000005C000000C56FF900000000596
:103F7000C000000C50BFF400000005C000000C5051
:103F80001FFD00000005C000000C5006FF9000005F
:103F900005C000000C5000BFF4000005C000000C7C
:103FA00050001EFE000005C000000C500005FF90F0
:103FB0000005C000000C500000AFF40005C0000078
:103FC0000C5000001EFE0005C000000C5000000454
:103FD000FF9005C000000C500000009FF404C000DA
:103FE000000C500000000EFE14C000000C50000039
:103FF0000004FFA4C000000C50000000009FF9C0A6
:1040000000000C50000000000DFFC000000C50002C
:1040100000000003FFC000002D8200000000008FA0
:10402000C000AFFFFFFF000000000DC00000000057
:104030000046764000000000000019FEB9BEF910ED
:10404000000000004FF6000006FF500000005FF384
:1040500000000003FF6000002FF60000000006FFD4
:1040600030000CFE00000000000EFC0004FF800089
:10407000000000008FF400AFF1000000000002FF1C
:10408000A00EFE0000000000000EFE01FFC00000B8
:1040900000000000CFF13FFA0000000000000BFF1D
:1040A00034FF900000000000009FF44FF900000072
:1040B0000000000AFF32FFB0000000000000BFF265
:1040C0000FFD0000000000000DFF00CFF000000019
:1040D000000000FFC008FF4000000000004FF70094
:1040E0001FFB00000000000BFF10008FF10000001C
:1040F0000002FF800000CFB000000000BFC0000041
:1041000001CF90000000AFC1000000009FD6202624
:10411000DF80000000000027CEFEC7100000005F17
:10412000FFFFFFFFEC9300000006FF600136EFB1D8
:10413000000004FF6000000CFD000004FF600000B0
:1041400002FF700004FF60000000BFC00004FF60B9
:104150000000009FF00004FF600000007FF10004F9
:10416000FF60000000AFF00004FF60000000DFC04F
:104170000004FF60000005FF400004FF5000004EF7
:10418000F9000004FF50035AFF60000004FFFFFE27
:10419000DA6000000004FF5000000000000004FF8F
:1041A0006000000000000004FF600000000000004C
:1041B00004FF6000000000000004FF600000000039
:1041C000000004FF6000000000000004FF60000029
:1041D0000000000016FF8100000000005FFFFFFFED
:1041E000FC000000000000000046764000000000D7
:1041F000000019FEB9BEF910000000004FF60000E3
:1042000006FF500000005FF300000003FF600000A5
:104210002FF60000000006FF20000CFE000000004A
:10422000000EFC0004FF8000000000008FF400AFCF
:10423000F2000000000002FFA00EFE0000000000DF
:10424000000EFE01FFC0000000000000CFF13FFAA9
:104250000000000000000BFF34FF90000000000091
:10426000009FF44FF90000000000000AFF33FFB088
:10427000000000000000BFF21FFD00000000000071
:104280000DFF00DFF0000000000000FFC008FF404D
:1042900000000000004FF7001FFA00000000000AB5
:1042A000FF10009FF10000000001FF800000DFA070
:1042B00000000000AFD0000001DF800000008FD1BF
:1042C00000000001AFC41015CF90000000000039BD
:1042D000DFFFD92000000000000000CFA000000098
:1042E00000000000000AFC000000000000000000C8
:1042F0006FF2000000000000000000DFA0000000DE
:10430000000000000003DFC30145000000000000C2
:10431000019FFFFC500000000000000001100000A1
:104320005FFFFFFFFFECB60000000006FF60002407
:10433000AFE600000004FF60000005FF500000042D
:10434000FF50000000AFE0000004FF500000006FCD
:10435000F3000004FF500000004FF3000004FF5082
:104360000000007FF1000004FF50000000DFA0000B
:104370000004FF50000009FE10000004FF5000255B
:10438000DF9000000004FFFFFFFF71000000000449
:10439000FF50014DF90000000004FF500002FF70C3
:1043A00000000004FF5000009FF000000004FF50D8
:1043B00000004FF400000004FF5000000FF900005F
:1043C0000004FF5000000BFE00000004FF5000003E
:1043D00006FF20000004FF60000002FF70000004E0
:1043E000FF60000000DFB0000027FF821000008F98
:1043F000F2106FFFFFFFF8000009EFFF0000024618
:1044000074200000003BFDBABFD500005FD400005F
:104410001CF7002FE20000007F7009FA0000000482
:10442000F700CF700000001F600DF900000000527F
:1044300000AFE1000000000005FFC1000000000027
:104440000BFFE600000000000BFFFE8100000000F3
:1044500007EFFFFA10000000007DFFFE40000000A3
:104460000004CFFF5000000000006FFE00000000BD
:1044700000007FF5010000000000FF74F100000063
:10448000000DF74F5000000000FF55F8000000003D
:104490004FE06FB00000002EF302CFB531249FD45F
:1044A000000028BEFECA5000001FFFFFFFFFFFFFF5
:1044B000FFFFE02FB000008FF400000EF03F8000FF
:1044C000007FF300000CF03F5000007FF300000974
:1044D000F04F2000007FF3000006F13B0000007F5A
:1044E000F3000002B1000000007FF30000000000B4
:1044F0000000007FF300000000000000006FF300E8
:10450000000000000000006FF30000000000000049
:10451000006FF300000000000000006FF3000000D7
:1045200000000000006FF300000000000000006FBA
:10453000F300000000000000007FF3000000000016
:104540000000007FF300000000000000007FF30087
:10455000000000000000007FF300000000000000E9
:10456000007FF300000000000000007FF300000067
:1045700000000000018FF51000000000000DFFFF9B
:10458000FFFFA000009FFFFFFFF30000FFFFFFFA07
:10459000001CFF100000000018C100000CFE00000D
:1045A00000000006C000000CFE000000000006C075
:1045B00000000CFE000000000006B000000CFE0031
:1045C0000000000006B000000BFE00000000000626
:1045D000B000000BFE000000000006B000000BFE63
:1045E000000000000006B000000BFE00000000000C
:1045F00006B000000BFE000000000006B000000B3B
:10460000FE000000000006B000000BFE00000000ED
:104610000006B000000BFE000000000007A0000034
:104620000AFF00000000000890000009FF200000C1
:1046300000000A80000005FF50000000000E40004E
:104640000001FFB0000000004F00000000AFF500C7
:10465000000000D9000000001EFF8000003CD000D8
:1046600000000002DFFFCACEFC10000000000005C1
:104670009CEFEA50000000CFFFFFFFD00002FFFFD9
:10468000FFF2002FFB10000000002F6000000CFF65
:1046900000000000004F00000006FF500000000076
:1046A0009A00000001FFA000000000E500000000EB
:1046B000BFF000000004F0000000006FF5000000F3
:1046C00009A0000000000FFA0000000E50000000DA
:1046D000000AFF0000003F000000000005FF50003E
:1046E000008A000000000000FFA00000E5000000BC
:1046F000000000AFF00003F00000000000004FF5E4
:104700000008A00000000000000EFA000D400000AC
:104710000000000009FF002F00000000000000035F
:10472000FF507A0000000000000000DFA0D400006D
:104730000000000000008FF3F00000000000000007
:10474000002FFCA000000000000000000DFF400052
:104750000000000000000007FE0000000000000054
:10476000000002F900000000009FFFFFFFC0008F63
:10477000FFFFFFB000EFFFFFF5001DFD1000000080
:104780001BFA100000002F61000009FF100000005C
:104790000EFD000000003F00000004FF500000007C
:1047A0003FFF200000007B00000000FFA000000091
:1047B00088FF70000000B700000000BFE0000000AC
:1047C000D3BFC0000000F3000000007FF200000231
:1047D000E06FF1000004E0000000002FF60000068A
:1047E000901FF5000008A0000000000EFB00000B69
:1047F000500CFA00000C500000000009FF00000FF0
:104800000008FE00001F100000000005FF30005BE4
:104810000003FF30005D000000000001FF800096F3
:104820000000EF800098000000000000CFC000E210
:1048300000009FD000D40000000000007FF003D0F3
:1048400000004FF201F00000000000003FF408807B
:1048500000000FF606B00000000000000EF90C305A
:1048600000000BFB0A700000000000000AFD1E00A3
:10487000000006FF0E2000000000000005FF8A0077
:10488000000001FF8E0000000000000001FFF500A5
:10489000000000CFFA0000000000000000CFF1008F
:1048A0000000007FF500000000000000008FC00045
:1048B0000000003FF100000000000000003F700019
:1048C0000000000ED0000000002FFFFFFFF6004F99
:1048D000FFFFFF00007FF9100000018E20000000A4
:1048E000DFF10000000E4000000004FFA0000008FF
:1048F000A0000000000AFF300002E10000000000FC
:104900001FFC0000B60000000000007FF6005C0005
:10491000000000000000DFE10D20000000000000AA
:1049200004FF9880000000000000000BFFD0000092
:104930000000000000002FFC00000000000000004C
:1049400000DFF500000000000000007BEFE0000049
:1049500000000000002E15FF800000000000000B8A
:10496000700CFF20000000000005D0002FFB0000AD
:1049700000000001E300009FF40000000000A90017
:104980000001EFD0000000004E10000006FF700094
:1049900000000D600000000CFF10000019E2000094
:1049A00000005FFA1007FFFFFFB0002FFFFFFFF7C7
:1049B0002FFFFFFFF3000FFFFFFF1001CFF40000F8
:1049C00000002F61000004FF9000000007C00000FD
:1049D000000CFF10000000E4000000005FF8000081
:1049E000006D0000000000DFF100000D500000002D
:1049F0000005FF800005D000000000000DFE000053
:104A0000D50000000000005FF7004D00000000002E
:104A10000000DFE00C5000000000000005FF63D044
:104A2000000000000000000DFEB6000000000000C5
:104A300000005FFE000000000000000000FFA0007A
:104A4000000000000000000FFA000000000000005D
:104A50000000FFA000000000000000000FFA0000AE
:104A600000000000000000FFA000000000000000A7
:104A7000000FFA000000000000000000FFA000008E
:104A80000000000000002FFB100000000000007F6D
:104A9000FFFFFFFF20000007FFFFFFFFFFFFFFB04A
:104AA00008F60000000008FF6009F3000000002F76
:104AB000FB000AF000000000CFF2000AD000000066
:104AC00006FF700008700000002FFC0000000000CE
:104AD0000000BFF200000000000006FF70000000B0
:104AE0000000001EFD00000000000000AFF3000009
:104AF0000000000005FF800000000000001EFD0017
:104B0000000000000000AFF400000000000004FFFF
:104B1000900000000000000EFE00000000000000F9
:104B20009FF400000000000004FFA000000000D37C
:104B3000000DFE1000000004F3008FF500000000DF
:104B400007F203FFB0000000000BF20DFF20000091
:104B500000000EF12FFFFFFFFFFFFFFFF1CFFFFF70
:104B60001CF92100CF60000CF60000BF60000BF6BE
:104B70000000BF60000BF50000BF50000AF5000008
:104B8000AF50000AF50000AF50000AF50000AF502A
:104B9000000AF50000AF50000AF50000AF50000B0E
:104BA000F50000BF50000BF60000BF60000BF600E0
:104BB00000CF60000CF60000CF60000CFDA98067FC
:104BC0007777009B0000000004F1000000000F5008
:104BD00000000000BA0000000006F0000000001F06
:104BE0004000000000C90000000007E000000000D5
:104BF0002F3000000000D70000000008C0000000B7
:104C0000004F1000000000E6000000000AB00000A5
:104C100000005F0000000000F5000000000BA00095
:104C20000000006E0000000001F3000000000C8096
:104C3000000000008D0000000003F2000000000EE4
:104C400070000000009C0000000004F10000000063
:104C50000F6000000000AB0000000005F000000045
:104C6000001710CFFFFF10125FF00001FF00001FC0
:104C7000F00001FF00001FF00001FF00001FF00026
:104C800000FF00000FF00000FF00000FF00000FF29
:104C900000000FF00000FF00000FF00000FF000018
:104CA0000FF00000FF00000FF00001FF00001FF0F8
:104CB0000001FF00001FF00001FF00001FF00001D5
:104CC000FF059ACFF167777700000003F900000035
:104CD0000000DDF4000000007F1AD00000001F601B
:104CE0001E8000000AC0005F200004F30000BC002A
:104CF00000D8000002F6008E00000007F11F5000EF
:104D000000000C902000000000100222222222222B
:104D100022222202FFFFFFFFFFFFFFFFF0044444B7
:104D2000444444444444000DA00000FF900004FFAC
:104D3000300003ED000002E8000002D20000010094
:104D400000029CEFD9100000008F51006FF30000AB
:104D500006FE000008FC00000DFA000003FF100032
:104D600008C3000002FF30000000000001FF400007
:104D7000000000015AFF4000000028DB73FF4000E4
:104D8000003CE71001FF400005FD200001FF40004E
:104D90001FF4000001FF40005FF0000001FF400031
:104DA0005FF1000006FF50002FF7000099EF600050
:104DB0000AFFB78E809FD5A2007DFEA3001BFC508A
:104DC0000258B300000000000CFFFF40000000008C
:104DD00000002FF400000000000002FF400000006F
:104DE0000000002FF300000000000002FF30000070
:104DF000000000002FF300000000000002FF300060
:104E000000000000002FF300000000000002FF304F
:104E10004AEFD91000002FF4AD97AEFE300002FF2C
:104E2000D500001CFF20002FF50000001FFA000233
:104E3000FF400000008FF2002FF400000003FF503D
:104E400002FF400000001FF8002FF400000000FFE8
:104E5000A002FF400000000FF9002FF40000000046
:104E6000FF7002FF400000003FF5002FF40000003B
:104E700009FF1003FF50000001FF80003FFD5000BC
:104E800002CFE00369FF2CD98AFFE200BFFFF006E2
:104E9000CFFD700000000017CEFD91000006FF72EC
:104EA000029F40006FD200003FF202FF3000000E70
:104EB000FA0CFB00000005D62FF600000000006F82
:104EC000F300000000008FF100000000008FF200EE
:104ED000000000007FF400000000004FF700000019
:104EE00000000EFE000000000006FF80000000052C
:104EF00000BFF9000002C50009FFEB89CF50000098
:104F00003ADFED82000000000000258B3000000039
:104F100000000CFFFF5000000000000001FF5000E7
:104F2000000000000001FF4000000000000001FF41
:104F30004000000000000001FF40000000000000F1
:104F400001FF4000000000000001FF4000000000E1
:104F5000000001FF400000004AEFD811FF400000B0
:104F60000BFFB87BE4FF400000BFE400002CFF40D3
:104F70000004FF40000002FF40000DFC00000002A2
:104F8000FF40003FF600000002FF40006FF300000A
:104F90000002FF40008FF100000002FF40008FF18F
:104FA00000000002FF40005FF300000002FF40002D
:104FB0003FF500000002FF40000EF900000002FF74
:104FC000400007FF10000002FF400000DFB00000BB
:104FD0000BFF4000001CFD5237C5FF511000007C44
:104FE000FFD811FFFFF1000029DFEB700000008FF8
:104FF000C4016FC200008FB000003FD0003FF1003D
:105000000000BF700DF900000007FC03FF50000016
:10501000006FF06FF20000000AFF08FFFEEEEEEFF7
:10502000FFD08FF2000000000007FF4000000000EA
:10503000004FF6000000000000EFD000000000006C
:1050400005FF6000000006000BFF8000001B8000D1
:1050500009FFEB89BF800000039BEFD9200000000F
:10506000000059B9500000002CA6FFF7000002EA2A
:10507000004DE400000CF100000000004FA0000013
:105080000000009F700000000000DF5000000000E2
:1050900000FF400000000001FF400000000DEFFF96
:1050A000FFFFF0000114FF611110000002FF50002B
:1050B00000000002FF500000000002FF500000004E
:1050C0000002FF500000000002FF5000000000023C
:1050D000FF500000000002FF500000000002FF50DF
:1050E0000000000002FF500000000002FF5000001E
:1050F000000003FF500000000003FF50000000000C
:1051000004FF700000000DFFFFFFF6000000019C8F
:10511000EEB70038C1005FE4006FEEFFF202FF203F
:105120000006FD10000AFA000000EF50000DF60026
:105130000000BF80000FF50000009FA0000EF600E9
:105140000000BF80000AFA000000EF500003FF20BB
:105150000006FC0000006FE4017FD20000001B9DF0
:10516000EDB600000001E300000000000008F000C0
:1051700000000000000AFA42222210000005FFFF92
:10518000FFFFFFA200004FEFFFFFFFFF2002D6004E
:10519000000027FFA01E90000000007FD08F50006D
:1051A0000000003FE0BF20000000005FB09F500003
:1051B000000000AF405FD000000009F70008FD6369
:1051C0001248EE50000029CEFEDA500000000030F8
:1051D00000000000000059DFF5000000000000673B
:1051E0009FF4000000000000002FF4000000000009
:1051F00000002FF4000000000000002FF30000006A
:10520000000000002FF3000000000000002FF3005A
:105210000000000000002FF3000000000000002F3D
:10522000F3004BEFC50000002FF31AFBBEFF600038
:10523000002FF5C80000CFE000002FFD3000004F28
:10524000F300002FF50000001FF500002FF4000010
:10525000000FF700002FF40000000FF700002FF4FC
:105260000000000FF700002FF40000000FF700000F
:105270002FF40000000FF800002FF40000000FF8DA
:1052800000002FF50000000FF800003FF5000000BF
:105290000FF800003FF50000000FF800003FF60097
:1052A00000000FF900AFFFFFF8006EFFFFFC004D9C
:1052B000C20000CFF800009FF500000320000000AE
:1052C000000000000000000000000037A400AFFF55
:1052D000F600235FF500002FF500002FF500001FFA
:1052E000F500001FF500001FF500001FF500001F6E
:1052F000F500001FF500001FF500002FF500002F3E
:10530000F500003FF6009FFFFFF9000000041000C9
:105310000000BFF4000000EFF70000006DB10000D6
:10532000000000000000000000000000000000007D
:1053300000100000159DF40000DDEFF40000005F98
:10534000F30000004FF30000004FF30000004FF2A5
:105350000000004FF20000004FF20000003FF2009A
:1053600000003FF20000003FF20000003FF20000AA
:10537000004FF20000004FF20000004FF20000006A
:105380004FF20000004FF10000005FF00000006FDE
:10539000D00000008FA0000000BF40058301FB008B
:1053A0003FFF7CD10009EFC7000000003000000083
:1053B00000000059DFF6000000000000679FF500C4
:1053C0000000000000002FF5000000000000002F8A
:1053D000F5000000000000002FF4000000000000B5
:1053E000002FF4000000000000002FF40000000077
:1053F0000000002FF4000000000000002FF4000F58
:10540000FFFFFF50002FF4000019E31000002FF4FD
:1054100000005E200000002FF40005E20000000004
:105420002FF4005E20000000002FF404F7000000BD
:1054300000002FF43FFE10000000002FF8D5FF9071
:10544000000000002FFE209FF2000000002FF5005A
:105450001EFB000000002FF40006FF400000002F9C
:10546000F50000DFD00000003FF500004FF600001F
:10547000003FF500000BFE0000004FF6000002FFA9
:105480008000BFFFFFFB00009FFFE1000030000530
:105490009DFF6000679FF5000002FF5000002FF5A0
:1054A000000002FF4000002FF4000002FF40000057
:1054B0002FF4000002FF4000002FF4000002FF4024
:1054C00000002FF4000002FF4000002FF400000253
:1054D000FF4000002FF4000002FF4000002FF40006
:1054E0000002FF4000002FF5000003FF5000003FC6
:1054F000F5000004FF6000DFFFFFFE000159D1004E
:105500005CEEB200028DFD900000BFFFF21CEBBF0D
:10551000FE106FDACFFD0000225FF5D70003FF8792
:10552000C30006FF5000003FFE300000AFFA00004D
:1055300000DFA000003FF40000007FF0000000AF9B
:10554000C000003FF40000005FF00000009FD000AA
:10555000003FF40000005FF00000008FE000003F1B
:10556000F40000005FF00000008FE000002FF40066
:1055700000005FF00000008FE000003FF40000003A
:105580005FF00000008FE000003FF40000005FF0DB
:105590000000008FE000003FF40000005FF1000019
:1055A000008FE000003FF40000006FF10000009F5A
:1055B000E000003FF40000006FF10000009FE000F9
:1055C000004FF50000006FF20000009FF000AFFFF9
:1055D000FFF800CFFFFFE500EFFFFFE30159D10027
:1055E0004BEFC40000BFFFF21BFBBEFF5000225F69
:1055F000F4D80000CFD000003FFD3000004FF30092
:10560000003FF40000001FF400003FF40000000F12
:10561000F600003FF40000000FF600003FF4000029
:10562000000FF600002FF40000000FF600003FF41A
:105630000000000FF700003FF40000000FF700002B
:105640003FF40000000FF700003FF40000000FF7E8
:1056500000003FF40000000FF700004FF5000000CD
:105660001FF800AFFFFFF8007FFFFFFB000029DFFE
:10567000FD8100000009FC4115DE5000009FB000D4
:10568000001DF60003FF10000004FF200DFA0000CB
:105690000000DFB03FF6000000009FF16FF4000053
:1056A00000007FF48FF2000000005FF58FF2000031
:1056B00000005FF56FF4000000007FF43FF600008B
:1056C00000009FF10EFA00000000DFB004FF1000A0
:1056D0000004FF2000AFA000001CF7000007FB4003
:1056E00014DF6000000029DFEB8100000159D104C4
:1056F000AEFD91000CFFFF3AD979EFE300115FFC9A
:10570000500001CFF20003FF60000001FFA0002F56
:10571000F500000008FF2002FF500000004FF500D8
:105720002FF500000002FF7002FF500000000FF98B
:10573000002FF500000000FF9002FF500000001F46
:10574000F6002FF500000003FF4002FF50000000AC
:105750009FF1002FF50000001FF70002FFD30000AB
:105760002DFE00002FF6DC98AFFE200002FF407CEB
:10577000FFC70000002FF400000000000002FF40FF
:105780000000000000002FF400000000000002FFF5
:10579000400000000000003FF40000000000000393
:1057A000FF400000000000005FF610000000000B4A
:1057B000FFFFFFF30000000000004AEFD910054092
:1057C0000000BFFB77BE33F60000BFE400002CEF03
:1057D00050004FF40000002FF5000DFC0000000108
:1057E000FF4003FF600000001FF4006FF4000000A2
:1057F00001FF4008FF200000001FF4008FF10000AF
:105800000001FF4005FF300000001FF4003FF500DD
:10581000000001FF4000FFA00000001FF40007FF90
:1058200030000002FF40000EFE300003CFF4000005
:105830001CFFB89CD2FF40000007CFFC700FF400A3
:10584000000000000001FF400000000000001FF405
:1058500000000000000001FF500000000000001FD9
:10586000F500000000000001FF50000000000000F3
:105870001FF500000000000003FF700000000000A2
:10588000FFFFFFFE0159D1007DEB1CFFFF20CDFF84
:10589000F9225FF2AA04EE4003FF7B000000003F04
:1058A000FE1000000003FF90000000003FF4000025
:1058B000000003FF40000000002FF4000000000380
:1058C000FF40000000003FF40000000003FF400024
:1058D0000000003FF40000000003FF400000000053
:1058E0004FF60000000AFFFFFFE200000005BDFDCB
:1058F000B50000CF62026EE009F500000AF00FF17A
:10590000000007F01FF3000002700EFD20000000F1
:1059100006FFFA400000007FFFFE810000018EFFBD
:10592000FF500000004AFFF3000000003FFA4A0069
:10593000000009FC5F20000008F95F5000000DF333
:105940005FB30014CF60028BDFEC810000005700D2
:105950000000000DF000000000FF000000003FE02C
:1059600000000006FE000007DFFFFFFFF3111AFE34
:10597000111100009FD000000009FD000000009FF1
:10598000D000000009FD000000009FD000000009C9
:10599000FD000000009FD000000009FD0000000095
:1059A0009FD000000009FD000000008FE000000013
:1059B00006FF200000001EFD66B500002BEEB500BE
:1059C00000001200000000020000CDFFF000009D6A
:1059D000FFF100024BFF00000139FF1000008FE0D3
:1059E0000000006FF1000008FE00000006FF00004C
:1059F000008FD00000006FF0000008FD00000006DE
:105A0000FF0000009FD00000006FF0000009FD00C3
:105A1000000006FF0000009FD00000006FF00000B3
:105A200009FD00000006FF0000009FE00000006F7D
:105A3000F0000008FF00000007FF0000005FF40016
:105A40000003EFF0000000FFC10007D7FF000000D7
:105A500007FFFCCFC15FF640000005CFEB5005FF0C
:105A6000FF403FFFFFFF2008FFFFF4002FFB000077
:105A70000002F300000BFF00000006B0000004FF6E
:105A80006000000B50000000EFC000001F0000008D
:105A9000008FF100006A000000002FF70000C40032
:105AA0000000000BFD0001E00000000005FF3007D2
:105AB000800000000000EF900C2000000000008F2C
:105AC000E02C0000000000002FF477000000000030
:105AD000000CFAC100000000000006FFB00000004A
:105AE00000000000FF50000000000000009F0000C8
:105AF00000002FFFFFFF102FFFFFF800FFFFFE0049
:105B00001FF90000001FF50000007C10000BFD00D5
:105B100000004FF9000000A7000005FF20000099D9
:105B2000FE000000F2000000FF700000E1EF400006
:105B300004C0000000AFC00004A09F9000097000E6
:105B400000005FF1000A503FE0000D200000000F50
:105B5000F6000E000EF4002D000000000AFB005AB3
:105B60000009FA00780000000004FF00A40003FF11
:105B700000C20000000000FF50E00000EF51D00024
:105B800000000000AFA59000008FA580000000007D
:105B9000004FFB3000003FFB3000000000000EFE15
:105BA0000000000EFD00000000000009F8000000E9
:105BB00008F800000000000004F300000003F300F8
:105BC00000006FFFFFF9007FFFFF3003FFA0000020
:105BD00007E2000008FF400001E40000000DFE00A5
:105BE00000B8000000003FF9006C00000000008FCA
:105BF000F41E100000000000DFEC50000000000068
:105C000003FFC00000000000000DFF400000000086
:105C100000098DFE100000000004C03FFA000000E3
:105C20000001E2008FF400000000C70000DFE10087
:105C300000008C000003FFA000004F30000009FFAF
:105C40005009FFFFF200BFFFFFF93FFFFFFE2007F3
:105C5000FFFFF8002FFA00000000D600000BFE0046
:105C6000000002F0000004FF500000079000000058
:105C7000EFB000000C400000008FF100002E00008B
:105C800000002FF6000078000000000BFC0000D29E
:105C90000000000005FF2002C00000000000EF80AF
:105CA000086000000000008FD00D10000000000010
:105CB0002FF33B0000000000000CF99500000000ED
:105CC000000005FED000000000000000EF90000082
:105CD00000000000009F30000000000000003D00B8
:105CE000000000000000006700000000000000004D
:105CF000D10000000000000005900000000000003E
:105D0000000D100000000008C800B50000000000F1
:105D10002FFFCC90000000000007CFC5000000005E
:105D200000006FFEEEEEEFFF807F40000008FF20D6
:105D30008F0000003FF6009D000000DFB00067000C
:105D40000008FF20000000003FF60000000000DF18
:105D5000B00000000009FF20000000004FF6000026
:105D6000000000DFB00000000009FF10000010007C
:105D70004FF6000005F000EFB0000009E009FF1049
:105D800000000DD04FF60000001FC0BFFFEEEEEE8A
:105D9000FFB0000029DEF40005FE6300000FF200F2
:105DA00000003FD00000004FC00000002FD00000D6
:105DB000000EF00000000AF300000004F7000000ED
:105DC00000FA00000000CC00000000DA000000042F
:105DD000F50000038F800000BFC3000000039F7028
:105DE00000000004F400000000DA00000000CC0015
:105DF000000000FB00000004F700000009F40000B0
:105E0000000EF00000002FD00000004FC000000086
:105E10003FC00000000FF100000005FD5100000030
:105E200029CEF40730F70F70F70F70F70F70F70FE8
:105E300070F70F70F70F70F70F70F70F70F70F70A4
:105E4000F70F70F70F70F70F70F70F70F70F70F70D
:105E50000F70F70F700FFDB400000025CF80000019
:105E6000000DF300000009F600000008F700000034
:105E70000AF50000000CF20000000FD00000004FF7
:105E8000800000007F300000009F000000007F00C5
:105E90000000002F7000000005FA400000001AFE0C
:105EA000000004FA4100001F700000007F000000A5
:105EB000009F000000007F300000004F80000000C5
:105EC0000FD00000000DF20000000AF500000008ED
:105ED000F700000009F60000000DF3000014BF8079
:105EE000000FFDA40000000000000000000006EF0D
:105EF000D80000007807F747ED30000D70E600018C
:105F0000BF8218F12F1000006EFFE40000000000B7
:105F10000120000000000000000000000000000060
:105F2000000000000000000000000000000000274A
:105F3000CFF4000000000000000000000049EFFF67
:105F4000FFC00000000000000000026BFFFFFFFF29
:105F5000FD00000000000000038DFFFFFFFFFFFFBA
:105F6000D0000000000015AEFFFFFFFFFFFFFFFDA8
:105F70000000000007CFFFFFFFFFFFFFFFFFFFD084
:105F800000000008FFFFFFFFFFFFFFFFFFFFFD0016
:105F9000000000AFFFFFFFFFFFFFFFFFFFFFD0008C
:105FA00000000AFFFFFFFFFFFFFFFC72EFFD000094
:105FB0000000AFFFFFFFFFFFEA51000EFFD000001F
:105FC000000AFFFFFFFFC830000000EFFD000000E7
:105FD00000AFFFFFA610000000000EFFD000000081
:105FE0000AFFF500000000000000EFFD00000000C7
:105FF000AFFF100000000000000EFFD00000000AFC
:10600000FFF100000000000000EFFD00000000AF05
:10601000FF100000000000000EFFD00000000AFF8B
:10602000F100000000000000EFFD00000000AFFFE5
:10603000100000000000000EFFD00000000AFFF179
:1060400000000000003553EFFD00000000AFFF101E
:1060500000000007EFFFFFFFD00000000AFFF10083
:1060600000000AFFFFFFFFFD00000000AFFF10006F
:106070000004FFFFFFFFFFD00016998CFFF1000026
:10608000006FFFFFFFFFFC008FFFFFFFFF1000000E
:1060900002FFFFFFFFFF809FFFFFFFFFF1000000F7
:1060A00006FFFFFFFFC01FFFFFFFFFFF1000000004
:1060B00003AEFFFC6001FFFFFFFFFFF000000000E8
:1060C00000011000000CFFFFFFFFFA0000000000BD
:1060D00000000000001CFFFFFFFB000000000000AC
:1060E000000000000004ACDC940000000000000090
:1060F00000000000260001888888888888888888B1
:10610000400062EE0004FFFFFFFFFFFFFFFFFF8084
:1061100000EEFFBAADFFFFFFFFFFFFFFFFFFEAAAA0
:10612000FFFFFFFFFFD555555555555AFFFFFFFFA0
:10613000FF5448FF90000000000004FFB444FFFE3D
:106140000003FF90000000000004FF8000EFFE004D
:1061500003FF90000000000004FF8000EFFF100527
:10616000FF90000000000004FFA000FFFFFFFFFF02
:1061700090000000000004FFFFFFFFFFEEEFFF9024
:10618000000000000005FFFEEEFFFE0004FFFAAA7B
:10619000AAAAAAAAADFF9000EFFE0003FFFFFFFF2F
:1061A000FFFFFFFFFF8000EFFE0003FFFFFFFFFF89
:1061B000FFFFFFFF8000EFFF766AFFC2222222224C
:1061C0002228FFC666FFFFFFFFFF900000000000CF
:1061D00004FFFFFFFFFF988BFF900000000000040A
:1061E000FFD888FFFE0003FF90000000000004FFBE
:1061F0008000EFFE0003FF90000000000004FF801D
:1062000000EFFE0004FF90000000000004FF80008B
:10621000EFFFCCCEFF90000000000005FFFCCCFF9C
:10622000FFFFFFFFFDDDDDDDDDDDDFFFFFFFFFFF4A
:106230003227FFFFFFFFFFFFFFFFFFB222FF9D009E
:1062400003FFFFFFFFFFFFFFFFFF8000D9267777E7
:10625000760004777777777777777762EFFFFFFFBE
:10626000904FFFFFFFFFFFFFFFFFFEFFFFFFFFB0AD
:106270006FFFFFFFFFFFFFFFFFFFFFFFFFFFB06F9D
:10628000FFFFFFFFFFFFFFFFFFFFFFFFFFB06FFFFD
:10629000FFFFFFFFFFFFFFFFFFFFFFFFB06FFFFFED
:1062A000FFFFFFFFFFFFFFFFFFFFFFB06FFFFFFFDD
:1062B000FFFFFFFFFFFF9FFFFFFF501EFFFFFFFFDE
:1062C000FFFFFFFFF90000000000000000000000D9
:1062D00000000000000000000000000000000000BE
:1062E0000000009FFFFFFF501DFFFFFFFFFFFFFFAC
:1062F000FFF9FFFFFFFFB06FFFFFFFFFFFFFFFFF93
:10630000FFFFFFFFFFB06FFFFFFFFFFFFFFFFFFF7C
:10631000FFFFFFFFB06FFFFFFFFFFFFFFFFFFFFF6C
:10632000FFFFFFB06FFFFFFFFFFFFFFFFFFFFFFF5C
:10633000FFFFB06FFFFFFFFFFFFFFFFFFFEFFFFF5C
:10634000FF904FFFFFFFFFFFFFFFFFFE27888887BB
:106350001005888888888888888872000000000076
:106360000000000000000000000038888887100648
:10637000888888888888888883EFFFFFFFA04FFF80
:10638000FFFFFFFFFFFFFFFEFFFFFFFFB06FFFFFFD
:10639000FFFFFFFFFFFFFFFFFFFFFFB06FFFFFFFEC
:1063A000FFFFFFFFFFFFFFFFFFFFB06FFFFFFFFFDC
:1063B000FFFFFFFFFFFFFFFFFFB06FFFFFFFFFFFCC
:1063C000FFFFFFFFFFFFFFFFB05FFFFFFFFFFFFFCC
:1063D000FFFFFF8FFFFFFE401CFFFFFFFFFFFFFFE0
:1063E000FFF8000000000000000000000000026054
:1063F000000000000000000000000000003FFD1051
:10640000000000000000000000000003FFFFD100BA
:10641000000000000000000000003FFFFFFC000043
:10642000000000000000000003FFFFFFFE0000006E
:10643000000000000000003FFFFFFFF5000000002B
:10644000000000000003FFFFFFFF500000000000FD
:10645000000000003FFFFFFFF500006E900000000D
:10646000000003FFFFFFFF500006FFFA00000000DE
:10647000003FFFFFFFF500006FFFFFA000000003DB
:10648000FFFFFFFF500000FFFFFFFA0000003FFF8B
:10649000FFFFF5000000BFFFFFFFA00003FFFFFFAD
:1064A000FF500000000CFFFFFFFA003FFFFFFFF569
:1064B0000000000000CFFFFFFFA3FFFFFFFF500021
:1064C000000000000CFFFFFFFFFFFFFFF5000000D2
:1064D00000000000CFFFFFFFFFFFFF5000000000A3
:1064E0000000000CFFFFFFFFFFF5000000000000B0
:1064F000000000CFFFFFFFFF500000000000000081
:1065000000000BFFFFFFF50000000000000000008E
:106510000000BFFFFF40000000000000000000007E
:10652000000BFFF40000000000000000000000006D
:1065300000AD4000000000000000000067100000F7
:10654000000000383000BFFD10000000005FFF5069
:106550009FFFFD100000005FFFFF3FFFFFFD1000E9
:10656000005FFFFFF9BFFFFFFD10005FFFFFFF515E
:10657000CFFFFFFD105FFFFFFF7001CFFFFFFD7F2B
:10658000FFFFFF700001CFFFFFFFFFFFFF70000064
:1065900001CFFFFFFFFFFF7000000001CFFFFFFFF3
:1065A000FF700000000001DFFFFFFF80000000001F
:1065B000005FFFFFFFFD10000000005FFFFFFFFF17
:1065C000FD100000005FFFFFFFFFFFFD1000005FF8
:1065D000FFFFFFEFFFFFFD10005FFFFFFF71CFFF29
:1065E000FFFD105FFFFFFF7001CFFFFFFD1EFFFFEC
:1065F000FF700001CFFFFFF8DFFFFF70000001CF49
:10660000FFFF73FFFF7000000001CFFFC004EF70B9
:106610000000000001BFB00000000000000000000A
:106620000000000000000000002210000000000038
:10663000000000000000000DFFF40000000000005A
:106640000000000000001FFFF80000000000000034
:1066500000002610002FFFF9000045000000000098
:1066600005FFB0002FFFF90005FFB1000000006F2B
:10667000FFF5002FFFF9000DFFFC00000004FFFFF5
:10668000FA002FFFF9003FFFFFB000001EFFFFF4EC
:10669000002FFFF9000DFFFFF70000AFFFFF4000E4
:1066A0002FFFF90001CFFFFF1002FFFFF500002FC1
:1066B000FFF900000DFFFF9008FFFFA000002FFF73
:1066C000F9000003FFFFF10EFFFF1000002FFFF99C
:1066D000000000AFFFF52FFFFB0000002FFFF900C7
:1066E00000003FFFF95FFFF60000002FFFF90000F8
:1066F000000FFFFC7FFFF30000002FFFF9000000F8
:106700000CFFFE8FFFF20000002FFFF90000000BCE
:10671000FFFF7FFFF30000001FFFF80000000CFFE9
:10672000FE6FFFF500000006BBA10000000EFFFD9C
:106730003FFFFA0000000000000000003FFFFB0FD9
:10674000FFFE0000000000000000008FFFF70AFFBE
:10675000FF800000000000000001FFFFF204FFFFC7
:10676000F3000000000000000BFFFFB000CFFFFEB1
:1067700020000000000000AFFFFF30002FFFFFF4FB
:1067800000000000001BFFFFFA000007FFFFFFB33F
:1067900000000017FFFFFFD00000009FFFFFFFEB8E
:1067A00099ADFFFFFFFE1000000008FFFFFFFFFF95
:1067B000FFFFFFFFD200000000005EFFFFFFFFFFB2
:1067C000FFFFFA000000000000018FFFFFFFFFFF46
:1067D000FC4000000000000000005AEFFFFFC8303E
:1067E0000000000000000000000000121000000087
:1067F0000000000000000000000000000000000099
:1068000000000000000000038BCCB8300000000046
:106810000000000000000BFFFFFFC00000000000B0
:1068200000000000000BFFFFFFC0000000000000A0
:10683000000000000BFFFFFFC00000000000000090
:106840002100018FFFFFFFF810001200000002FF7F
:10685000706FFFFFFFFFFFF607FF3000000DFFFF27
:10686000FFFFFFFFFFFFFFFFFFE000008FFFFFFFC5
:10687000FFFFFFFFFFFFFFFFF90001FFFFFFFFFF2B
:10688000FFFFFFFFFFFFFFFF2008FFFFFFFFFFFFEE
:10689000FFFFFFFFFFFFFF800DFFFFFFFFFFC511A1
:1068A0005CFFFFFFFFFFD003DFFFFFFFFA000000E8
:1068B000AFFFFFFFFD300007FFFFFFE00000000D0E
:1068C000FFFFFF70000002FFFFFF8000000007FFD6
:1068D000FFFF20000003FFFFFF5000000005FFFF47
:1068E000FF30000002FFFFFF6000000006FFFFFF17
:1068F00030000002FFFFFFA00000000AFFFFFF20A2
:1069000000005EFFFFFFF40000003FFFFFFFE50017
:106910000AFFFFFFFFFF500004EFFFFFFFFFB00B78
:10692000FFFFFFFFFFFD99DFFFFFFFFFFFB005FF48
:10693000FFFFFFFFFFFFFFFFFFFFFFFF5000DFFF35
:10694000FFFFFFFFFFFFFFFFFFFFFD00004FFFFF07
:10695000FFFFFFFFFFFFFFFFFFF4000008FFE7DF7F
:10696000FFFFFFFFFFFD7EFF90000000991008FF72
:10697000FFFFFFFF80008A000000000000000DFF05
:10698000FFFFD1000000000000000000000BFFFF2F
:10699000FFC0000000000000000000000BFFFFFF30
:1069A000C00000000000000000000009FFFFFF9091
:1069B0000000000000000000000000034430000060
:1069C0000000000000000000000000003200000095
:1069D0003444100000000000000000003DFFB10042
:1069E00001FFFF80000000000000000005FFFFFD28
:1069F0002001FFFF9000000000000000008FFFFF5B
:106A0000FFF401FFFF90000000000000000BFFFFFB
:106A1000FFFFFF71FFFF9000000000000002DFFF9A
:106A2000FC24EFFFFBFFFF900000000000004EFF82
:106A3000FFA0002DFFFFFFFF90000000000007FFF8
:106A4000FFF7007500BFFFFFFF9000000000009FF0
:106A5000FFFF501BFF8008FFFFFF90000000001C9D
:106A6000FFFFE302DFFFFB005FFFFFB0000000035A
:106A7000EFFFFC104FFFFFFFD203EFFFFB00000012
:106A80005FFFFFA007FFFFFFFFFE401CFFFFD200DC
:106A900008FFFFF7009FFFFFFFFFFFF600AFFFFFBC
:106AA00040AFFFFF401CFFFFFFFFFFFFFF9007FF0E
:106AB000FFF6CFFFD202EFFFFFFFFFFFFFFFFB104C
:106AC0005FFFF81EFB105FFFFFFFFFFFFFFFFFFFF1
:106AD000D202EFC0037004FFFFFFFFFFFFFFFFFFC5
:106AE000FFFF101810000006FFFFFFFFFFFFFFFF72
:106AF000FFFFFF200000000006FFFFFFFFFFFFFF7A
:106B0000FFFFFFFF200000000006FFFFFFFFA77749
:106B10007DFFFFFFFF200000000006FFFFFFFF10CA
:106B20000005FFFFFFFF200000000006FFFFFFFF42
:106B3000100005FFFFFFFF200000000006FFFFFF21
:106B4000FF100005FFFFFFFF200000000006FFFF11
:106B5000FFFF100005FFFFFFFF200000000006FF01
:106B6000FFFFFF100005FFFFFFFF200000000006F1
:106B7000FFFFFFFF100005FFFFFFFF2000000000E8
:106B800003EFFFFFFC000002EFFFFFFD000000002D
:106B900000000000000111100000000000000000D3
:106BA00000000006FFFFFF60000000000000000082
:106BB00000000BFFFFFFB00000000000000000001D
:106BC000000CFFFFFFC000000000000000000000FC
:106BD0000CFFFFFFC0000000000000000000000CE0
:106BE000FFFFFFC0000000000000000000000CFFDD
:106BF000FFFFC0000000000000000000000CFFFFCD
:106C0000FFC0000000000000000000000CFFFFFFBC
:106C1000C0000000000000000000000CFFFFFFC0EB
:106C2000000000000000000000000CFFFFFFC0009B
:106C30000000000000000000000CFFFFFFC000008B
:106C4000000000000008CDDDDFFFFFFFFDDDDC8080
:106C5000000000000FFFFFFFFFFFFFFFFFFFF0003E
:106C600000000006FFFFFFFFFFFFFFFFFF600000C7
:106C70000000005FFFFFFFFFFFFFFFF600000000C6
:106C8000000005FFFFFFFFFFFFFF500000000000B6
:106C900000005FFFFFFFFFFFF500000000000000A5
:106CA0000005FFFFFFFFFF50000000000000000094
:106CB000005FFFFFFFF50000000000000000000083
:106CC00005FFFFFF50000000000026777777771060
:106CD0004FFFF5017777777762DFFFFFFFFFD20481
:106CE000FF402EFFFFFFFFFDFFFFFFFFFFFE202203
:106CF00002EFFFFFFFFFFFFFFFFFFFFFFFE5005E6B
:106D0000FFFFFFFFFFFFFFFFFFFFFFFFFFFFFFFF93
:106D1000FFFFFFFFFFFFFFFFFFFFFFFFFFFFFFFF83
:106D2000FFFFFFFFFFFFFFFFFFFFFFFFFFFF908F52
:106D300060BFFFFFFFFFFFFFFFFFFFFFFF908F60C0
:106D4000BFFFFFFFFFFFFFFFFFFFFFFFFFFFFFFF93
:106D5000FF5ABBBBBBBBBBBBBBBBBBBBBBBBBBA5B6
:106D6000000000029BBBBBBBBBBBBBBBB8100000A1
:106D7000000000004FFFFFFFFFFFFFFFFFFFE100EC
:106D80000000000000EFFFFFFFFFFFFFFFFFFFFB22
:106D9000000000000009FFFFFFFFFFFFFFFFFFFFF4
:106DA000FF50000000004FFFF30000000000000053
:106DB0007FFFE100000000EFFF8000000000000006
:106DC000000CFFFA00000009FFFD000000000000B9
:106DD000000002FFFF5000004FFFF4000000000021
:106DE000000000008FFFE10000DFFF9000000000C6
:106DF00000000000000DFFFA0009FFFE1000000077
:106E000000000000000003FFFF503FFFF5000000FE
:106E100000000000000000009FFFE1CFFFD44444C9
:106E20004300000000003444444FFFF8FFFFFFFF21
:106E3000FFFF1000000005FFFFFFFFFFFBFFFFFF4C
:106E4000FFFFFF900000000DFFFFFFFFFFFCFFFFB3
:106E5000FFFFFFFFF10000005FFFFFFFFFFFFCFFF0
:106E6000FFFFFFFFFFFB888888DFFFFFFFFFFFFCBE
:106E7000FFFFFFFFFFFFFFFFFFFFFFFFFFFFFFFF22
:106E8000FCFFFFFFFFFFFFFFFFFFFFFFFFFFFFFF15
:106E9000FFFCFFFFFFFFFFFFFFFFFFFFFFFFFFFF05
:106EA000FFFFFCFFFFFFFFFFFFFFFFFFFFFFFFFFF5
:106EB000FFFFFFFCEFFFFFFFFFFFFFFFFFFFFFFFF5
:106EC000FFFFFFFFFA9FFFFFFFFFFFFFFFFFFFFF37
:106ED000FFFFFFFFFFF509FFFFFFFFFFFFFFFFFFC2
:106EE000FFFFFFFFFFFE7000000000000000000039
:106EF000000000002331000000000026ABDDB84098
:106F0000000001FFFF000000004BFFFFFFFFFE92AB
:106F10000001FFFF0000001BFFFFFFFFFFFFFF90CE
:106F200000FFFF000004EFFFFFFFFFFFFFFFFD304A
:106F3000FFFF00004FFFFFFFB8668CFFFFFFF5FF6C
:106F4000FF0003FFFFFF810000002AFFFFFFFFFF9C
:106F5000000DFFFFD200000000003DFFFFFFFF001B
:106F60009FFFFC10000000000000CFFFFFFF01FFAB
:106F7000FFD0000000000222100DFFFFFF08FFFFFE
:106F800030000000001FFFFFFFFFFFFF0DFFFA00B2
:106F9000000000002FFFFFFFFFFFFF2FFFF40000A6
:106FA0000000002FFFFFFFFFFFFF2EFFD0000000BB
:106FB00000000DFFFFFFFFFFFC00000000000000CD
:106FC00000000000000000000000000000000000C1
:106FD00000000000000000000000000000000000B1
:106FE00000000000000012222222222210000000D5
:106FF0000000012210EFFFFFFFFFFFF10000000083
:10700000001FFFF3FFFFFFFFFFFFF2000000000083
:107010006FFFF0FFFFFFFFFFFFF20000000000DF47
:10702000FFB0FFFFFFECCDEFE00000000007FFFF27
:1070300050FFFFFFF2000000000000005FFFFD00B6
:10704000FFFFFFFE40000000000006FFFFF500FF0D
:10705000FFFFFFF91000000001AFFFFF9000FFFFEE
:10706000CFFFFFFA5100149FFFFFFC0000FFFF0B52
:10707000FFFFFFFFFFFFFFFFFFB00000FFFF006FFC
:10708000FFFFFFFFFFFFFFF8000000FFFF10019F61
:10709000FFFFFFFFFFFC30000000FFFF1000016B4F
:1070A000FFFFFFD93000000000DFFE1000000002EB
:1070B0004321000000000000000000000000283014
:1070C00000000000002EFE00000000002EFFF00077
:1070D0000000002EFFFF000000002EFFFFF0000068
:1070E000002EFFFFFF8EFFFFFFFFFFFFFFFFFFFFF1
:1070F000FFFFFFFFFFFFFFFFFFFFFFFFFFFFFFFFA0
:10710000FFFFFFFFFFFFFFFFFFFFFFFFFFFFFFFF8F
:10711000FFFFFFFFFFFFFFFFFFFFFFFFFFFFFFFF7F
:10712000FFFFFFFFFFFFFFFFFFFFFFFFFFFFFFFF6F
:10713000CFFFFFFFFFFFFFF04444447FFFFFFF004E
:107140000000006FFFFFF0000000006FFFFF000075
:107150000000006FFFF000000000006FFF00000063
:107160000000006D70000000000000000000000042
:10717000000028300000000000000000002EFE008B
:1071800000000000000000002EFFF00000000000E2
:107190000000002EFFFF00000000000000002EFF96
:1071A000FFF0000000000000002EFFFFFF000000C5
:1071B000008EFFFFFFFFFFFFF00000000FFFFFFF4B
:1071C000FFFFFFFF0009C400FFFFFFFFFFFFFFF00D
:1071D00002FFF40FFFFFFFFFFFFFFF000BFFE0FFC9
:1071E000FFFFFFFFFFFFF0000AFF5FFFFFFFFFFF52
:1071F000FFFF00004FF8FFFFFFFFFFFFFFF000055C
:10720000FF7FFFFFFFFFFFFFFF0002EFF3FFFFFF26
:10721000FFFFFFFFF001EFFB0FFFFFFFFFFFFFFF8F
:10722000001FFD10CFFFFFFFFFFFFFF00036000043
:107230004444447FFFFFFF00000000000000006F97
:10724000FFFFF000000000000000006FFFFF0000E3
:10725000000000000000006FFFF0000000000000D0
:107260000000006FFF000000000000000000006D43
:10727000700000000000000000000000000000009E
:1072800000000000000000000000000004000000FA
:1072900000000000000000000000000000CFD2004D
:1072A0000000000000000000000000000000DFFF00
:1072B0004000000000000000002830000000002D09
:1072C000FFF50000000000000002EFE000000000F9
:1072D00000AFFF200000000000002EFFF0000004BF
:1072E00092000BFFD0000000000002EFFFF0000052
:1072F0000FFF5000DFF700000000002EFFFFF0003E
:10730000000CFFF5003FFF1000000002EFFFFFF050
:10731000000000AFFF2009FF708EFFFFFFFFFFFF9F
:10732000F00000000AFFC002FFD0FFFFFFFFFFFFD9
:10733000FFF000AD4000EFF400CFF2FFFFFFFFFFD2
:10734000FFFFF002FFF5006FF9007FF6FFFFFFFF80
:10735000FFFFFFF000AFFF000FFE004FF9FFFFFF40
:10736000FFFFFFFFF0000AFF600CFF002FFAFFFF96
:10737000FFFFFFFFFFF00004FF800BFF101FFBFF6C
:10738000FFFFFFFFFFFFF00006FF700CFF102FFB59
:10739000FFFFFFFFFFFFFFF0003EFF300EFF003F4B
:1073A000FAFFFFFFFFFFFFFFF001FFFB003FFC00C4
:1073B0006FF7FFFFFFFFFFFFFFF001FFC100AFF717
:1073C00000AFF4CFFFFFFFFFFFFFF000350004FF29
:1073D000F100EFF004444447FFFFFFF00000003FDE
:1073E000FF7006FFB0000000006FFFFFF000000616
:1073F000FFFC000DFF400000000006FFFFF0000052
:107400000FFFC1008FFC0000000000006FFFF000C4
:10741000000CF90004FFF300000000000006FFF07C
:1074200000000010003FFF80000000000000006D21
:10743000700000000005FFFB0000000000000000DD
:107440000000000000008FFFC000000000000000EE
:1074500000000000000000EFFA0000000000000043
:1074600000000000000000005C60000000004555C6
:107470005555555555555555555554003EFFFFFF2B
:10748000FFFFFFFFFFFFFFFFFFFFE3CFFFFFFFFF58
:10749000FFFFFFFFFFFFFFFFFFFCFFFFFFFFFFFFFF
:1074A000FFFFFFFFFFFFFFFFFFFFFFB202AFFFFF86
:1074B000FFFFFFFFFFFFFFFFFFFC00000BFFFFFFD1
:1074C000FFFFFFFFFFFFFFFFF6000004FFFFFFFFCE
:1074D000FFFFFFFFFFFFFFF5000003FFFFFFFFFFC0
:1074E0006DFFFFFFFFFFFA000008FFFFFFFFF30142
:1074F000DFFFFFFFFFFF70005FFFFFFFFF30001D9A
:10750000FFFFFFFFFFFDBDFFFFFFFFF3000001DFF7
:10751000FFFFFFFFFFFFFFFFFFFF300000001DFF29
:10752000FFFFFFFFFA1CFFFFF30000000001EFFF69
:10753000FFFFFFA000CFFF300000000000CFFFFFE3
:10754000FFFA00000CF3000000000000CFFFFFFF77
:10755000A000000030000000000000CFFFFFFD0091
:1075600000000000000000000000CFFFFFFC000052
:10757000000000000000000000CFFFFFFC00000042
:107580000000000000000000CFFFFFFFCCCCCCCCFF
:10759000CCCCCCCCCCCCCCFFFFFFFFFFFFFFFFFF60
:1075A000FFFFFFFFFFFFFFFFAFFFFFFFFFFFFFFF3B
:1075B000FFFFFFFFFFFFF90AFFFFFFFFFFFFFFFFD6
:1075C000FFFFFFFFFF9000000000013000000000FF
:1075D0000000000001EFC000000000000000008F6C
:1075E000FF40000000000000000DFFFA0000000056
:1075F00000000003FFFFF000000000000000AFFFEC
:10760000FF700000000000002FFFFFFE00000000E0
:1076100000000AFFFFFFF7000000000003FFFFFF6C
:10762000FFE10000000000CFFFFFFFFF900000001F
:10763000007FFFFFFFFFFF400000003FFFFFFFFF55
:10764000FFFE1000000DFFFFFFFFFFFFFB00000922
:10765000FFFFFFFFFFFFFFF60003FFFFFFFFFFFF3E
:10766000FFFFF100CFFFFFFFFFFFFFFFFF803FFFA6
:10767000FFFFFFFFFFFFFFFF08FFFFFFFFFFFFFF11
:10768000FFFFF4CFFFFFFFFFFFFFFFFFFF8EFFF9BC
:10769000CFFFFFFFFFFFFFFAFFFC03FFFFFFFFFF2E
:1076A000FFFFBEFFD01FFFFFFFFFFFFFFACFFF105E
:1076B000BFFFFFFFFFFFFF87FFF802EFFFFFFFFFA6
:1076C000FFF32FFFF402AFFFFFFFFFFE009FFFF469
:1076D0000002DFFFFFFF5001EFFFFB410CFFFFFF48
:1076E000B00002EFFFFFFFFFFFFFD0000002DFFF4F
:1076F000FFFFFFFFB0000000008FFFFFFFFE6000F4
:1077000000000000059ABA84000000000444300024
:107710000000000004103FFFF00000000001DFF255
:107720004FFFF0000000002EFFF74FFFF0000000B9
:1077300003EFFFF84FFFF00000004FFFFFF84FFF8F
:10774000F0000005FFFFFFF84FFFF000006FFFFFA4
:10775000FFF84FFFF00007FFFFFFFFF84FFFF000BB
:107760008FFFFFFFFFF84FFFF009FFFFFFFFFFF85C
:107770004FFFF0AFFFFFFFFFFFF84FFFFBFFFFFFE3
:10778000FFFFFFF84FFFFFFFFFFFFFFFFFF84FFF77
:10779000FFFFFFFFFFFFFFF84FFFFFFFFFFFFFFFB0
:1077A000FFF84FFFFFFFFFFFFFFFFFF84FFFF7FF5F
:1077B000FFFFFFFFFFF84FFFF06FFFFFFFFFFFF836
:1077C0004FFFF005FFFFFFFFFFF84FFFF0004FFFF7
:1077D000FFFFFFF84FFFF00003EFFFFFFFF84FFF41
:1077E000F000002EFFFFFFF84FFFF0000001DFFF69
:1077F000FFF84FFFF00000001CFFFFF84FFFF00004
:10780000000000BFFFF84FFFF0000000000AFFF685
:107810002EFFC000000000008FB00000000000003C
:107820000000000000320000000000000000000026
:107830000003EFFA1000000000000000000000CF7D
:10784000FFFF700000000000000000000FFFFFFFBE
:10785000D4000000000000000000FFFFFFFFFB203D
:10786000000000000000000FFFFFFFFFFF8000008E
:107870000000000000FFFFFFFFFFFFE50000000029
:1078800000000FFFFFFFFFFFFFFC300000000000C3
:10789000FFFFFFFFFFFFFFFF91000000000FFFFF52
:1078A000FFFFFFFFFFFFE600000000FFFFFFFFFFFD
:1078B000FFFFFFFFFC3000000FFFFFFFFFFFFFFF98
:1078C000FFFFFFA10000FFFFFFFFFFFFFFFFFFFF24
:1078D000FFF7000FFFFFFFFFFFFFFFFFFFFFFFFDB1
:1078E00020FFFFFFFFFFFFFFFFFFFFFFFFFE0FFF78
:1078F000FFFFFFFFFFFFFFFFFFFFFFF3FFFFFFFFA4
:10790000FFFFFFFFFFFFFFFFFF2FFFFFFFFFFFFF57
:10791000FFFFFFFFFFFF90FFFFFFFFFFFFFFFFFFE6
:10792000FFFFFE500FFFFFFFFFFFFFFFFFFFFFF80E
:107930000000FFFFFFFFFFFFFFFFFFFFB200000F90
:10794000FFFFFFFFFFFFFFFFFD50000000FFFFFFF5
:10795000FFFFFFFFFFF7000000000FFFFFFFFFFF2B
:10796000FFFFA10000000000FFFFFFFFFFFFFD4041
:1079700000000000000FFFFFFFFFFFF70000000006
:10798000000000FFFFFFFFFFA1000000000000005B
:107990000FFFFFFFFC300000000000000000EFFFC1
:1079A000FFE600000000000000000008FFFF91005B
:1079B00000000000000000000005BA2000000000E8
:1079C00000000000000000000000000000000000B7
:1079D00000000000003444444100000003444444DB
:1079E0001002EFFFFFFFF500002EFFFFFFFF50CF5B
:1079F000FFFFFFFFF0000CFFFFFFFFFF0FFFFFFF88
:107A0000FFFF3000FFFFFFFFFFF3FFFFFFFFFFF46B
:107A1000000FFFFFFFFFFF4FFFFFFFFFFF4000FFD3
:107A2000FFFFFFFFF4FFFFFFFFFFF4000FFFFFFF6B
:107A3000FFFF4FFFFFFFFFFF4000FFFFFFFFFFF4CF
:107A4000FFFFFFFFFFF4000FFFFFFFFFFF4FFFFFF0
:107A5000FFFFFF4000FFFFFFFFFFF4FFFFFFFFFFFF
:107A6000F4000FFFFFFFFFFF4FFFFFFFFFFF40008E
:107A7000FFFFFFFFFFF4FFFFFFFFFFF4000FFFFF1B
:107A8000FFFFFF4FFFFFFFFFFF4000FFFFFFFFFF74
:107A9000F4FFFFFFFFFFF4000FFFFFFFFFFF4FFFAB
:107AA000FFFFFFFF4000FFFFFFFFFFF4FFFFFFFFAF
:107AB000FFF4000FFFFFFFFFFF4FFFFFFFFFFF403F
:107AC00000FFFFFFFFFFF4FFFFFFFFFFF4000FFFCA
:107AD000FFFFFFFF4FFFFFFFFFFF4000FFFFFFFF24
:107AE000FFF4FFFFFFFFFFF4000FFFFFFFFFFF4F5B
:107AF000FFFFFFFFFF4000FFFFFFFFFFF4FFFFFF5F
:107B0000FFFFF4000FFFFFFFFFFF4FFFFFFFFFFF2F
:107B10004000FFFFFFFFFFF4EFFFFFFFFFF2000E4B
:107B2000FFFFFFFFFF29FFFFFFFFFD00009FFFFF9B
:107B3000FFFFD009EFFFFFEB2000009EFFFFFEB22A
:107B4000000034444444444444444444441002EF58
:107B5000FFFFFFFFFFFFFFFFFFFFFF50CFFFFFFF14
:107B6000FFFFFFFFFFFFFFFFFF0FFFFFFFFFFFFF15
:107B7000FFFFFFFFFFFFF3FFFFFFFFFFFFFFFFFF21
:107B8000FFFFFFFF4FFFFFFFFFFFFFFFFFFFFFFFB5
:107B9000FFF4FFFFFFFFFFFFFFFFFFFFFFFFFF4FB0
:107BA000FFFFFFFFFFFFFFFFFFFFFFFFF4FFFFFFF0
:107BB000FFFFFFFFFFFFFFFFFFFF4FFFFFFFFFFF85
:107BC000FFFFFFFFFFFFFFF4FFFFFFFFFFFFFFFFD0
:107BD000FFFFFFFFFF4FFFFFFFFFFFFFFFFFFFFF65
:107BE000FFFFF4FFFFFFFFFFFFFFFFFFFFFFFFFFB0
:107BF0004FFFFFFFFFFFFFFFFFFFFFFFFFF4FFFF50
:107C0000FFFFFFFFFFFFFFFFFFFFFF4FFFFFFFFF34
:107C1000FFFFFFFFFFFFFFFFF4FFFFFFFFFFFFFF7F
:107C2000FFFFFFFFFFFF4FFFFFFFFFFFFFFFFFFF14
:107C3000FFFFFFF4FFFFFFFFFFFFFFFFFFFFFFFF5F
:107C4000FF4FFFFFFFFFFFFFFFFFFFFFFFFFF4FFFF
:107C5000FFFFFFFFFFFFFFFFFFFFFFFF4FFFFFFFE4
:107C6000FFFFFFFFFFFFFFFFFFF4FFFFFFFFFFFF2F
:107C7000FFFFFFFFFFFFFF4FFFFFFFFFFFFFFFFFC4
:107C8000FFFFFFFFF4EFFFFFFFFFFFFFFFFFFFFF1F
:107C9000FFFF29FFFFFFFFFFFFFFFFFFFFFFFFD0F9
:107CA00009EFFFFFFFFFFFFFFFFFFFFEB2000140F4
:107CB00000000000000244402EFD20000000000EE5
:107CC000FFF46FFFE3000000000EFFF47FFFFF40B2
:107CD0000000000EFFF47FFFFFF50000000EFFF430
:107CE0007FFFFFFF6000000EFFF47FFFFFFFF70044
:107CF000000EFFF47FFFFFFFFF80000EFFF47FFF09
:107D0000FFFFFFF9000EFFF47FFFFFFFFFFFB00E44
:107D1000FFF47FFFFFFFFFFFFC0EFFF47FFFFFFF7D
:107D2000FFFFFFDFFFF47FFFFFFFFFFFFFFFFFF419
:107D30007FFFFFFFFFFFFFFFFFF47FFFFFFFFFFF5E
:107D4000FFFFFFF47FFFFFFFFFFFFFFFFFF47FFF59
:107D5000FFFFFFFFFF7EFFF47FFFFFFFFFFFF60E39
:107D6000FFF47FFFFFFFFFFF500EFFF47FFFFFFFD9
:107D7000FFF4000EFFF47FFFFFFFFE30000EFFF464
:107D80007FFFFFFFE200000EFFF47FFFFFFD10000A
:107D9000000EFFF47FFFFFC10000000EFFF47FFF25
:107DA000FC000000000EFFF46FFFB0000000000EAA
:107DB000FFF40AF900000000000CFFE200000000E0
:107DC00000000000000000000000000000100000A3
:107DD000000000000000000000008FFB1000000009
:107DE0000000000000000009FFFFC00000000000CC
:107DF00000000000008FFFFFFB00000000000000FB
:107E0000000006FFFFFFFFA00000000000000000D0
:107E10005FFFFFFFFFF90000000000000004FFFF0C
:107E2000FFFFFFFF700000000000003FFFFFFFFFAB
:107E3000FFFFF6000000000002EFFFFFFFFFFFFF63
:107E4000FF50000000001EFFFFFFFFFFFFFFFFF4D9
:107E500000000001DFFFFFFFFFFFFFFFFFFF30001B
:107E6000000CFFFFFFFFFFFFFFFFFFFFE20000BF6F
:107E7000FFFFFFFFFFFFFFFFFFFFFE1008FFFFFFF9
:107E8000FFFFFFFFFFFFFFFFFFC00FFFFFFFFFFF31
:107E9000FFFFFFFFFFFFFFF30EFFFFFFFFFFFFFFEF
:107EA000FFFFFFFFFFF207FFFFFFFFFFFFFFFFFFE7
:107EB000FFFFFFB0006ABBBBBBBBBBBBBBBBBBBB5D
:107EC000B8000000000000000000000000000000FA
:107ED00001788888888888888888888888200BFF27
:107EE000FFFFFFFFFFFFFFFFFFFFFFE10FFFFFFFB0
:107EF000FFFFFFFFFFFFFFFFFFF30FFFFFFFFFFF8E
:107F0000FFFFFFFFFFFFFFF40FFFFFFFFFFFFFFF7C
:107F1000FFFFFFFFFFF40FFFFFFFFFFFFFFFFFFF6C
:107F2000FFFFFFF40EFFFFFFFFFFFFFFFFFFFFFF5D
:107F3000FFF204DFFFFFFFFFFFFFFFFFFFFFFE7009
:107F400000000000000000000000000000000AF730
:107F50000000000000000AFFF800000000000AFF17
:107F6000FFF1000000000AFFFFFD000000000AFF13
:107F7000FFFD100000000AFFFFFD100000000AFFD7
:107F8000FFFD100000000AFFFFFD100000000AFFC7
:107F9000FFFD100000000AFFFFFD100000000AFFB7
:107FA000FFFD100000000AFFFFFD1000000005FFAC
:107FB000FFFE10000000002FFFFFF6000000000091
:107FC0003FFFFFF600000000003FFFFFF60000004B
:107FD00000003FFFFFF600000000003FFFFFF6003B
:107FE000000000003FFFFFF600000000003FFFFF21
:107FF000F600000000003FFFFFF600000000003F19
:10800000FFFFF600000000003FFFFFF1000000004E
:10801000003FFFFD0000000000003FFE20000000C8
:108020000000002710000000000000000000000B0E
:10803000F60000000000000BFFF700000000000544
:10804000FFFFF700000000002FFFFFF70000000017
:10805000003FFFFFF700000000003FFFFFF70000B8
:108060000000003FFFFFF700000000003FFFFFF7A8
:1080700000000000003FFFFFF700000000003FFF8E
:10808000FFF700000000003FFFFFF70000000000C6
:108090003FFFFFF700000000003FFFFFF10000007E
:1080A000000AFFFFFD000000000AFFFFFD100000B6
:1080B000000AFFFFFD100000000AFFFFFD10000096
:1080C000000AFFFFFD100000000AFFFFFD10000086
:1080D000000AFFFFFD100000000AFFFFFD10000076
:1080E000000AFFFFFD1000000005FFFFFD1000006B
:1080F00000002FFFFD1000000000004FFD100000E9
:108100000000000037100000000000000000000028
:10811000000356400000000000000000000005FFC2
:10812000FF9000000000000000000000AFFFFE0014
:108130000000000000000000000BFFFFF000000046
:1081400000000000000000BFFFFF00000000000072
:10815000000000000BFFFFF0000000000000000026
:108160000000BFFFFF000000000000000000000B47
:10817000FFFFF000000000000000000000BFFFFF54
:10818000000000000000000000000BFFFFF00000F6
:108190000000000011111111BFFFFF11111111009A
:1081A00006FFFFFFFFFFFFFFFFFFFFFFFF90EFFF57
:1081B000FFFFFFFFFFFFFFFFFFFFFF2FFFFFFFFF9F
:1081C000FFFFFFFFFFFFFFFFF4FFFFFFFFFFFFFFCA
:1081D000FFFFFFFFFFFF3CFFFFFFFFFFFFFFFFFF72
:1081E000FFFFFFE11799999999DFFFFF99999999F5
:1081F0008200000000000BFFFFF000000000000004
:1082000000000000BFFFFF000000000000000000B1
:10821000000BFFFFF000000000000000000000BFA6
:10822000FFFF000000000000000000000BFFFFF057
:1082300000000000000000000000BFFFFF00000081
:10824000000000000000000BFFFFF0000000000035
:108250000000000000BFFFFF000000000000000061
:10826000000009FFFFD00000000000000000000037
:108270001BDEC30000000000000000000000000042
:1082800000000000000005FFFFFFFFFFFFFFFFFFF2
:10829000FFFFFF90EFFFFFFFFFFFFFFFFFFFFFFF6D
:1082A000FF2FFFFFFFFFFFFFFFFFFFFFFFFFF4FFB9
:1082B000FFFFFFFFFFFFFFFFFFFFFFFF3CFFFFFF91
:1082C000FFFFFFFFFFFFFFFFFFF1179999999999B2
:1082D00099999999999982000000000000001589E8
:1082E000AA874100000000000000000000017DFF9F
:1082F000FFFFFFFFC60000000000000000019FFF1D
:10830000FFFFFFFFFFFFE7000000000000005FFF2E
:10831000FFFD842349EFFFFFD300000000000AFFA8
:10832000FFFF6000000008FFFFFF7000000000BFBB
:10833000FFFFE200000000005FFFFFF80000000CFC
:10834000FFFFFF300005DD930006FFFFFF900000F8
:10835000AFFFFFF8000002FFFF8000CFFFFFF60035
:1083600006FFFFFFF0000002FFFFF6004FFFFFFFD8
:10837000301FFFFFFFB0000009FFFFFF100FFFFFDE
:10838000FFC0AFFFFFFF8005449FFFFFFF500CFFC2
:10839000FFFFF6FFFFFFFF700BFFFFFFFFFF700BFC
:1083A000FFFFFFFBCFFFFFFF800BFFFFFFFFFF6023
:1083B0000CFFFFFFF83FFFFFFFA007FFFFFFFFFFDE
:1083C000200EFFFFFFE109FFFFFFE001EFFFFFFFCE
:1083D000FB002FFFFFFF6000DFFFFFF5004FFFFFF7
:1083E000FFE1009FFFFFFA00002EFFFFFD0003DF0B
:1083F000FFFB1003FFFFFFD0000003FFFFFFB000F3
:10840000025510001EFFFFFD100000002DFFFFFCB5
:108410001000000003EFFFFFC10000000000AFFFED
:10842000FFF8200003AFFFFFF80000000000000588
:10843000DFFFFFFFDDFFFFFFFC300000000000005A
:108440000005CFFFFFFFFFFFFB5000000000000012
:10845000000000027ADEFFEC96100000000000032E
:1084600040000000000000000000000000000000CC
:1084700000002FF9000000000000000000000000D4
:108480000000000000DFFFC100000000000000004D
:108490000000000000000000CFFFFE4000000000D0
:1084A00000000000000000000000000AFFFFF700CD
:1084B00000000479A9873000000000000000006F70
:1084C000FFFFB1028CFFFFFFFFFFB50000000000BF
:1084D000000003EFFFFDAFFFFFFFFFFFFFFFE50021
:1084E0000000000000001BFFFFFFFFFE942359FF68
:1084F000FFFFC2000000000000008FFFFFFF6000D0
:1085000000001AFFFFFF5000000000000004FFFF02
:10851000FC10000000007FFFFFF6000000000000DC
:10852000002DFFFFE306DC920009FFFFFF60000063
:108530000000200000AFFFFF54FFFF6000EFFFFFCF
:10854000F400000006F5000006FFFFFCFFFFF50049
:108550006FFFFFFE1000002FFF9000003EFFFFFFA7
:10856000FFFE001FFFFFFFA00000BFFFFC20000177
:10857000BFFFFFFFFF300EFFFFFFF40001FFFFFF13
:10858000E4000008FFFFFFFF500DFFFFFFF90000B0
:10859000EFFFFFFF5000004FFFFFFF400EFFFFFF08
:1085A000F600006FFFFFFF90000002DFFFFF400FAB
:1085B000FFFFFFD000000CFFFFFFD00000000AFF0C
:1085C000FFF65FFFFFFF30000002EFFFFFF4000047
:1085D00000006FFFFFFFFFFFF7000000004FFFFFED
:1085E000FC0000000003EFFFFFFFFFA00000000001
:1085F00005FFFFFFA0000000001BFFFFFFFB0000C6
:10860000000000004FFFFFFB10000000008FFFFF85
:10861000E000000000000002CFFFFFE710000000B4
:1086200004FFFFFB1000000000000007EFFFFFFE4B
:10863000DEC100002DFFFFE3000000000000001776
:10864000DFFFFFFFFE400000AFFFFF7000000000F3
:10865000000000037BDEFFEC80000006FFFFFA0055
:108660000000000000000000000000000000003ECC
:10867000FFFFD2000000000000000000000000002A
:10868000000001BFFFF60000000000000000000035
:1086900000000000000008FFD00000000000000003
:1086A000000000000000000000004A200000000060
:1086B0000000000003200000000000000000000097
:1086C000000000000002DFFB0000000000000000CE
:1086D000000000000000000CFFFF80000000000010
:1086E0000000000000000000005FFFFFF20000003B
:1086F0000000000000000000000000EFFFFFFB0092
:1087000000000000000000000000000008FFFFFF64
:10871000FF400000000000000000000000001FFFFC
:10872000FFFFFFD00000000000000000000000007C
:10873000AFFFFFFFFFF60000000000000000000098
:108740000003FFFFFFFFFFFE10000000000000001D
:108750000000000CFFFFFFFFFFFF90000000000083
:1087600000000000006FFFFFFFFFFFFFF2000000AE
:1087700000000000000000EFFFF71111BFFFFB0039
:10878000000000000000000008FFFFF500009FFF50
:10879000FF4000000000000000002FFFFFF6000077
:1087A000AFFFFFD00000000000000000AFFFFFF7A8
:1087B0000000BFFFFFF70000000000000004FFFF03
:1087C000FFF80000CFFFFFFF100000000000000DC9
:1087D000FFFFFFF90000DFFFFFFF90000000000037
:1087E000006FFFFFFFFA0000EFFFFFFFF200000045
:1087F000000001EFFFFFFFFB0000FFFFFFFFFB009A
:108800000000000008FFFFFFFFFC0000FFFFFFFF6C
:10881000FF50000000002FFFFFFFFFFFDCCDFFFF38
:10882000FFFFFFD000000000BFFFFFFFFFFFB56D9F
:10883000FFFFFFFFFFF700000004FFFFFFFFFFFB4C
:108840000001EFFFFFFFFFFF1000000DFFFFFFFF24
:10885000FFF400008FFFFFFFFFFF9000007FFFFF8E
:10886000FFFFFFF400007FFFFFFFFFFFF30001EFBA
:10887000FFFFFFFFFFF90000CFFFFFFFFFFFFC003E
:1088800009FFFFFFFFFFFFFF812AFFFFFFFFFFFF41
:10889000FF500FFFFFFFFFFFFFFFFFFFFFFFFFFF87
:1088A000FFFFFFB00FFFFFFFFFFFFFFFFFFFFFFF17
:1088B000FFFFFFFFFFA008FFFFFFFFFFFFFFFFFF1E
:1088C000FFFFFFFFFFFFFF40007CDDDDDDDDDDDDC5
:1088D000DDDDDDDDDDDDDDDDC500000000000000EB
:1088E0000000000000033000000000000000000055
:1088F000000000005FF60000000000000000000023
:108900000000007FFF600000000000000000000089
:1089100000008FFFF6008AAAAAA700000000005AF4
:10892000AADFFFFF60FFFFFFFF9000000005FFFFD1
:10893000FFFFFFF6FFFFFFFFF80000004FFFFFFF04
:10894000FFFFFFFFFFFFFFFF700003FFFFFFFFFFC1
:10895000FFFBEFFFFFFFFFF6003FFFFFFFFFFFFF03
:10896000C0000001DFFFF502EFFFFF408FFFFC00BA
:108970000000001EFF701EFFFFF4008FFFC000000C
:10898000000002E801DFFFFF50007FFC0000000054
:108990000000101DFFFFF600001A9000000000000C
:1089A0000000CFFFFF70000000000000000000008A
:1089B0000BFFFFF80000000330000000000000AFD4
:1089C000FFFF901A10005FF600000000000AFFFF92
:1089D000FA00CFD1007FFF60000000009FFFFFB0D2
:1089E0000BFFFC008FFFF6008AAAABFFFFFB005FC6
:1089F000FFFFCADFFFFF60FFFFFFFFFFC00009FFAF
:108A0000FFFFFFFFFFF6FFFFFFFFFD100000AFFFBE
:108A1000FFFFFFFFFFFFFFFFFFD10000000BFFFF85
:108A2000FFFFFFFBEFFFFFFD2000000000BFFFFF87
:108A3000FFFFC000000000000000000000008FFFEA
:108A4000FC0000000000000000000000008FFFC0DC
:108A50000000000000000000000000007FFC00009B
:108A600000000000000000000000001A900000005C
:108A700000000000000000000000000000000000F6
:108A800000000000000000000000000000000000E6
:108A900001DE30000000000000000000001DFFF3B8
:108AA00000000000000000000001DFFFFF300000B8
:108AB0000000000000001DFFFFFFF30000000000A9
:108AC000000001DFFFFFFFFF300000000000001D7D
:108AD000FFFFFFFFFFF3000000000001DFFFFFA624
:108AE000FFFFFF30000000001DFFFFFA006FFFFFD7
:108AF000F300000001DFFFFFA00006FFFFFF3000D2
:108B0000001DFFFFFA0000006FFFFFF30001DFFF11
:108B1000FFA000000006FFFFFF301DFFFFFA00006E
:108B20000000006FFFFFF39FFFFFA00000000000A8
:108B300006FFFFFD6FFFFA000000000000006FFF5E
:108B4000FA08FFA00000000000000006FFB0005679
:108B500000000000000000000046000000000000CF
:108B6000000000000000000002DE300000000000F5
:108B7000000001CE401EFFF3000000000000001DB9
:108B8000FFF49FFFFF30000000000001DFFFFD5FEA
:108B9000FFFFF300000000001DFFFFF907FFFFFFCC
:108BA0003000000001DFFFFFA0007FFFFFF30000A7
:108BB000001DFFFFFA000007FFFFFF300001DFFF8D
:108BC000FFA00000007FFFFFF3001DFFFFFA000081
:108BD000000007FFFFFF31DFFFFFA00000000000E3
:108BE0007FFFFFFDFFFFFA00000000000007FFFF0E
:108BF000FFFFFFA0000000000000007FFFFFFFFA62
:108C0000000000000000000007FFFFFFA0000000C0
:108C10000000000000007FFFFA00000000000000DC
:108C200000000007FFA0000000000000000000009E
:108C300000560000000000000000002A7000000044
:108C40000000000000000000000000000003EFF939
:108C50000000000000000000000000000000000014
:108C60003EFFFF900005ABBBBBBBBBBBBBB5000071
:108C7000000003EFFFFFF9000FFFFFFFFFFFFFFF03
:108C8000FF000000003FFFFFFFFF900BFFFFFFFF13
:108C9000FFFFFFFF10000003FFFFFFFFFFF900BF12
:108CA000FFFFFFFFFFFFFF1000003FFFFEFFFEFF83
:108CB000FF90000000000000AFFF1000008FFFE4F5
:108CC000FFF99FFFF0000000000000AFFF10000060
:108CD0003FFE22FFF90AFF90000000000000AFFFF6
:108CE000100000038202FFF900760000000000007F
:108CF00000AFFF100000000002FFF90000000000BC
:108D000000000000AFFF100000000002FFF90000AB
:108D100000000000000000AFFF100000000002FF94
:108D2000F9000000000000000000AFFF100000008C
:108D30000002FFF9000000000000001100AFFF106A
:108D40000200000002FFF900000000000006FF40E2
:108D5000AFFF10CFB0000002FFF9000000000000DC
:108D60000FFFF3AFFF1CFFF7000002FFF900000048
:108D70000000000DFFFFDFFFCFFFF4000002FFFE49
:108D8000BBBBBBBBBBB502EFFFFFFFFFFF7000002B
:108D900002FFFFFFFFFFFFFFFF602EFFFFFFFFF758
:108DA00000000002FFFFFFFFFFFFFFFFE002EFFFF9
:108DB000FFFF6000000000CFFFFFFFFFFFFFFF800D
:108DC000002EFFFFF6000000000000000000000081
:108DD0000000000001DFFF60000000000000000054
:108DE00000000000000000001DF600000000000070
:108DF0000000000000000000000000000000000073
:108E00000268888888883000000000000000004F59
:108E1000FFFFFFFFFFF30000000000000000DFFF86
:108E2000FFFFFFFFFF3000000000000000FFFFFF1A
:108E3000FFFFFFFFF300000000000000FFFFFFFF47
:108E4000FFFFFFFFCCCCCCCCCCCA50FFFFFFFFFF15
:108E5000FFFFFFFFFFFFFFFFFFF7FFFFFFFFFFFF2A
:108E6000FFFFFFFFFFFFFFFFFEFFFFFFFFFFFFFF13
:108E7000FFFFFFFFFFFFFFFFFFFFFFFFFFFFFFFF02
:108E8000FFFFFFFFFFFFFFFFFFFFFFFFFFFFFFFFF2
:108E9000FFFFFFFFFFFFFFFFFFFFFFFFFFFFFFFFE2
:108EA000FFFFFFFFFFFFFFFFFFFFFFFFFFFFFFFFD2
:108EB000FFFFFFFFFFFFFFFFFFFFFFFFFFFFFFFFC2
:108EC000FFFFFFFFFFFFFFFFFFFFFFFFFFFFFFFFB2
:108ED000FFFFFFFFFFFFFFFFFFFFFFFFFFFFFFFFA2
:108EE000FFFFFFFFFFFFFFFFFFFFFFFFFFFFFFFF92
:108EF000FFFFFFFFFFFFFFFFFFFFFFFFFFFFFFFF82
:108F0000FFFFFFFFFFFFFFFFFFFFFFFFFFFFFFFF71
:108F1000FFFFFFFFFFFFFFFFFFFFFFFFFFFFFFFF61
:108F2000FFFFFFFFFFFFFFFFFFFFFFFFFFFFFFFF51
:108F3000FFFFFFFFFFFFFFFFFFFFFEAFFFFFFFFF92
:108F4000FFFFFFFFFFFFFFFFFFF90AFFFFFFFFFF2C
:108F5000FFFFFFFFFFFFFFFF900000000000000089
:108F6000000000000000000000000000000003EC12
:108F7000100000000000000000000000003FFFC1E2
:108F8000000000000000000000000003FFFFFC10D4
:108F9000000000000000000000003FFFFFFFC100D4
:108FA000000000000000000003FFFFFFFFFC1000B6
:108FB000000000000000003FFFFFFFFFFFC10000B6
:108FC000000000000003FFFFFFFFFFFFFC10000098
:108FD000000000003FFFFFFFFFFFFFFFC100000098
:108FE000000003FFFFFFFFFFFFFFFFFC100000007A
:108FF000001FFFFFFFFFFFFFFFFFFFB000000000AB
:109000001FFFFFFFFFFFFFFFFFFFA00000000001A9
:1090100033333EFFFFFFA3333200000000000000A7
:10902000000EFFFFFF9000000000000000000000A5
:109030000EFFFFFF90000000000000000000000E87
:10904000FFFFFF90000000000000000000000EFF86
:10905000FFFF90000000000000000000000EFFFF76
:10906000FF90000000000000000000000EFFFFFF66
:1090700090000000000000000000000EFFFFFF90C5
:10908000000000000000000000000EFFFFFF900045
:109090000000000026777777720EFFFFFF9027779A
:1090A000777762DFFFFFFFF70BFFFFFF607FFFFFB8
:1090B000FFFDFFFFFFFFFD0045555300DFFFFFFFF2
:1090C000FFFFFFFFFFFFB20000002CFFFFFFFFFFCD
:1090D000FFFFFFFFFFFFFFFFFFFFFFFFFFFFFFFFA0
:1090E000FFFFFFFFFFFFFFFFFFFFFFFFFFFFFFFF90
:1090F000FFFFFFFFFFFFFFFF908F60BFFFFFFFFF3E
:10910000FFFFFFFFFFFFFF908F60BFFFFFFFFFFF2D
:10911000FFFFFFFFFFFFFFFFFFFFFF5ABBBBBBBB14
:10912000BBBBBBBBBBBBBBBBBBA500000000000007
:10913000000000000003000000000000000000002C
:10914000000000000BFFC8510000000000000000FC
:1091500000000002FFFFFFFD7000000000000000A3
:109160000000009FFFFFFFFF000000000000000064
:1091700000001FFFFFFFFFF00000000000000000E4
:109180000007FFFFFFFFFE000000000000000000DE
:1091900000EFFFFFFFFFD000000000000000000014
:1091A0005FFFFFFFFFFB0000000000000000000A5F
:1091B000FFFFFFFFFF900000000000000000006FB5
:1091C000FFFFFFFFF5000000000000000000005F4F
:1091D000FFFFFFFF20000000000000000000003E35
:1091E000FFFFFFE000000000000000000000001E84
:1091F000FFFFF8000000000000000000000001FF79
:10920000FFFF200000000000000000000000AFFF92
:10921000FFC000000000000000000000004FFFFF42
:10922000F400000000000000000000001EFFFFFC32
:1092300000000000000000000000000BFFFFFF30F6
:10924000000000000000000000000AFFFFFF800097
:10925000000000017DD10000000AFFFFFFC00000F8
:10926000000029FFFFC000001CFFFFFFE20000001C
:1092700005BFFFFFFFA0005EFFFFFFF30000000B34
:10928000FFFFFFFFFF73BFFFFFFFF400000000EFD1
:10929000FFFFFFFFFFFFFFFFFFF4000000000BFFD9
:1092A000FFFFFFFFFFFFFFFFE300000000007FFF65
:1092B000FFFFFFFFFFFFFFC1000000000004FFFFF2
:1092C000FFFFFFFFFFFF700000000000000FFFFF27
:1092D000FFFFFFFFFA2000000000000000CFFFFFAB
:1092E000FFFFFFA2000000000000000008FFFFFFDA
:1092F000FEB6000000000000000000002ABA9852EC
:10930000000000000000000000000000027983005F
:1093100000000000000000000009FFFFFC1000003A
:109320000000028A83000BFFFFFFFD100000000712
:10933000FFFFF905FFFFFFFFF900000008FFFFFF37
:10934000F2CFFFA37FFFF0000008FFFFFFF50FFF44
:10935000E000AFFF200008FFFFFFF500FFFD000960
:10936000FFF30007FFFFFFF5000DFFF502FFFF1001
:1093700007FFFFFFF500007FFFFEFFFFF207FFFF83
:10938000FFF5000000DFFFFFFFFFE8FFFFFFF60033
:10939000000002DFFFFFFFFFFFFFFFF600000000FD
:1093A000007BDEFFFFFFFFFFF60000000000000073
:1093B0001CFFFFFFFFF600000000000000001EFF82
:1093C000FFFFF8000000000000000009FFFFFFFFA2
:1093D000E3000000000000279BFFFFFFFFFFE3000A
:1093E000000000009FFFFFFFFFFFFFFFE200000003
:1093F00000BFFFFFFFFFFCFFFFFFE20000005FFF79
:10940000FFFFFFF50BFFFFFFE200000CFFFA37FF45
:10941000FF000BFFFFFFE20000FFFE000AFFF2006B
:109420000BFFFFFFE2000FFFD0009FFF30000BFF9C
:10943000FFFFE200DFFF502FFFF100000CFFFFFFF6
:10944000E207FFFFEFFFFB0000000CFFFFFFE10D55
:10945000FFFFFFFF200000000CFFFFFD102DFFFFAE
:10946000FF400000000007CED8000007BDC8100074
:1094700000000000000000000000000000000000EC
:109480000000000000000000001DFFFFFFFFFE08BD
:10949000C1000000000005FFFFFFFFFFE08FD100CB
:1094A000000000005FFFFFFFFFFE08FFD10000008B
:1094B0000005FFFFFFFFFFE08FFFD1000000005F0E
:1094C000FFFFFFFFFE08FFFFD016666405FFFFFFEA
:1094D000FFFFE05999990DFFFFA05FFFFFFFFFFF1E
:1094E00020000000FFFFFA05FFFFFFFFFFFFDDDDAB
:1094F000DD1FFFFFA05FFFFFFFFFFFFFFFFFF1FF8B
:10950000FFFA05FFFFFFFFFFFFFFFFFF1FFFFFA0A9
:109510005FFFFFFFFFFFFFFFFFF1FFFFFA05FFFF08
:10952000FFFFFFFFFFFFFF1FFFFFA05FFFFFFFFF2A
:10953000FFFFFFFFF1FFFFFA05FFFFFFFFFFFFFF48
:10954000FFFF1FFFFFA05FFFFFFFFFFFFFFFFFF118
:10955000FFFFFA05FFFFFFFFFFFFFFFFFF1FFFFFFA
:10956000A05FFFFFFFFFFFFFFFFFF1FFFFFA05FF17
:10957000FFFFFFFFFFFFFFFF1FFFFFA05FFFFFFFDA
:10958000FFFFFFFFFFF1FFFFFA05FFFFFFFFFFFFF8
:10959000FFFFFF1FFFFFA05FFFFFFFFFFFFFFFFFBA
:1095A000F1FFFFFA05FFFFFFFFFFFFFFFFFF1FFFB8
:1095B000FFA05FFFFFFFFFFFFFFFFFF1FFFFFC01C9
:1095C000DFFFFFFFFFFFFFFFFB0FFFFFF3000000C8
:1095D00000000000000000FFFFFFE6100000000098
:1095E000000000000FFFFFFFFFFFFFFFFFFE000076
:1095F0000000FFFFFFFFFFFFFFFFFFE00000000F85
:10960000FFFFFFFFFFFFFFFFFE000000005BCCCC71
:10961000CCCCCCCCCCCB40000000000389999999EC
:10962000999999999600000005FFFFFFFFFFFFFF42
:10963000FFFFFD100000DFFFFFFFFFFFFFFFFFFF49
:10964000FD10000FFFFFFFFFFFFFFFFFFFFFFD10FB
:1096500000FFFE322222222222227FFFFD100FFF76
:10966000C000000000000001FFFFFD10FFFC000033
:1096700000000000001FFFFFFC0FFFC00000000003
:10968000000001FFFFFFF4FFFC00000000000000ED
:109690001FFFFFFF6FFFC000000000000001FFFF81
:1096A000FFF6FFFC000000000000001FFFFFFF6F3F
:1096B000FFD100000000000004FFFFFFF6FFFFFFE6
:1096C000FFFFFFFFFFFFFFFFFFFF6FFFFFFFFFFF3A
:1096D000FFFFFFFFFFFFFFF6FFFFFFFFFFFFFFFFA3
:1096E000FFFFFFFFFF6FFFFFFFFFFFFCBEFFFFFF5E
:1096F000FFFFF6FFFFFFFFFFC10007FFFFFFFFFFB8
:109700006FFFFFFFFFE0000008FFFFFFFFF6FFFF16
:10971000FFFFF80000001FFFFFFFFF6FFFFFFFFFCD
:1097200060000000FFFFFFFFF6FFFFFFFFF80000F3
:10973000001FFFFFFFFF6FFFFFFFFFE1000009FFBA
:10974000FFFFFFF6FFFFFFFFFFD30008FFFFFFFF54
:10975000FF6FFFFFFFFFFFFDDFFFFFFFFFFFF6EFE4
:10976000FFFFFFFFFFFFFFFFFFFFFFFF59FFFFFFAF
:10977000FFFFFFFFFFFFFFFFFFE109EFFFFFFFFF1D
:10978000FFFFFFFFFFFFC300CFFFFFFFFFFFFFFF54
:10979000FFFFFFFFFE1FFFFFFFFFFFFFFFFFFFFFBA
:1097A000FFFFF4FFFFFFFFFFFFFFFFFFFFFFFFFFD4
:1097B0004FFFFFFFFFFFFFFFFFFFFFFFFFF324440B
:1097C00044444444444444444444430000000000AE
:1097D0000000000000000000000000000000000089
:1097E0000000000000000000000000000000000079
:1097F0000000000000000000000000000000000069
:10980000000244444444444444444444444430FFF7
:10981000FFFFFFFFFFFFFFFFFFFFFFFF3FFFFFFF18
:10982000FFFFFFFFFFFFFFFFFFF4FFFFFFFFFFFF53
:10983000FFFFFFFFFFFFFF4CFFFFFFFFFFFFFFFFEB
:10984000FFFFFFFFE100000000000000000000003B
:109850000000000000000000000000000000000008
:1098600000000000000000000000000000000000F8
:1098700000000000000000000000000000000000E8
:1098800000000000000000000CFFFFFFFFFFFFFFD3
:10989000FFFFFFFFFFE1FFFFFFFFFFFFFFFFFFFFF6
:1098A000FFFFFF4FFFFFFFFFFFFFFFFFFFFFFFFF78
:1098B000F4EFFFFFFFFFFFFFFFFFFFFFFFFF21337D
:1098C000333333333333333333333320003444448B
:1098D00044444444444444444443002DFFFFFFFFB8
:1098E000FFFFFFFFFFFFFFFFFFD2CFFFFFFFFFFFE5
:1098F000FFFFFFFFFFFFFFFFFCFFFFFFFFFFFFFF7B
:10990000FFFFFFFFFFFFFFFFFFFFFFFFFFFFFFFF67
:10991000FFFFFFFFFFFFFFAFFFFFFFFFFFFFFFFFA7
:10992000FFFFFFFFFFFA07FFFFFFFFFFFFFFFFFF44
:10993000FFFFFFFF70004EFFFFFFFFFFFFFFFFFF76
:10994000FFFFE400C301BFFFFFFFFFFFFFFFFFFFBB
:10995000FB105FFF7007FFFFFFFFFFFFFFFFFF70C0
:1099600009FFFFFB103EFFFFFFFFFFFFFFE302DFEA
:10997000FFFFFFE401BFFFFFFFFFFFFB106FFFFFD3
:10998000FFFFFF9006FFFFFFFFFF601AFFFFFFFFD3
:10999000FFFFFD202DFFFFFFD203EFFFFFFFFFFFC3
:1099A000FFFFF7009FFFF9008FFFFFFFFFFFFFFFA3
:1099B000FFFFA00399301BFFFFFFFFFFFFFFFFFF2B
:1099C000FFFE500005EFFFFFFFFFFFFFFFFFFFFF60
:1099D000FFFEBBEFFFFFFFFFFFFFFFFFFFFFFFFFEC
:1099E000FFFFFFFFFFFFFFFFFFFFFFFFFFFFFFFF87
:1099F000FFFFFFFFFFFFFFFFFFFFFFFFFFFFFFFF77
:109A0000FFFFFFFFFFFFFEAFFFFFFFFFFFFFFFFFB7
:109A1000FFFFFFFFFFF91AFFFFFFFFFFFFFFFFFF41
:109A2000FFFFFFFF900000000000000000000000AA
:109A30000BFFFFFFFFFB000000002FFFFFFFFFFFFA
:109A4000000000004FFFFFFFFFFC000000006FFF61
:109A5000FFFFFFF7000000009FFFFFFFFFF2000085
:109A60000000BFFFFFFFFFD000000000DFFFFFFF8F
:109A7000FF8000000000FFFFFFFFFF30000000013B
:109A8000FFFFFFFFFD0000000003FFFFFFFFFEAA36
:109A9000AAAA9205FFFFFFFFFFFFFFFFFB08FFFFE2
:109AA000FFFFFFFFFFFFF80AFFFFFFFFFFFFFFFFC2
:109AB000E00CFFFFFFFFFFFFFFFF600EFFFFFFFF58
:109AC000FFFFFFFC000FFFFFFFFFFFFFFFF300069C
:109AD000CDDDDDDFFFFFFFA000000000000CFFFF79
:109AE000FF1000000000000FFFFFF7000000000063
:109AF000004FFFFFE00000000000007FFFFF50006C
:109B00000000000000BFFFFC00000000000000FF9C
:109B1000FFF200000000000003FFFF9000000000C3
:109B2000000007FFFE100000000000000AFFF60022
:109B30000000000000000EFFD00000000000000048
:109B40002FFF40000000000000005FFB000000004D
:109B5000000000001CD10000000000000000001305
:109B6000100000000000000000000001BFFFA00086
:109B7000000000000000156666CFFFFFB6666510A6
:109B80000000000DFFFFFFF829FFFFFFFC000000B1
:109B900000FFFFFFFF001FFFFFFFE00000000FFFBF
:109BA000FFFFF829FFFFFFFE00000000FFFFFFFF9F
:109BB000FFFFFFFFFFE00000000FFFFFFFFFFFFFC1
:109BC000FFFFFE00000000FFFFFFFFF95444444484
:109BD000300000000FFFFFFFF50000000000000054
:109BE0000000FFFFFFFB01DFFFFFFFE08B00000F26
:109BF000FFFFFF806FFFFFFFFE08FC0000FFFFFF7D
:109C0000F807FFFFFFFFE08FFC000FFFFFFF807FE3
:109C1000FFFFFFFE08FFFC00FFFFFFF807FFFFFF4D
:109C2000FFE08FFFFC0FFFFFFF807FFFFFFFFE05C0
:109C3000AAAAA0FFFFFFF807FFFFFFFFF000000048
:109C40000FFFFFFF807FFFFFFFFF82222220FFFF29
:109C5000FFF807FFFFFFFFFFFFFFFF1FFFFFFF8072
:109C60007FFFFFFFFFFFFFFFF1FFFFFFF807FFFF91
:109C7000FFFFFFFFFFFF1FFFFFFF807FFFFFFFFFD3
:109C8000FFFFFFF1FFFFFFF807FFFFFFFFFFFFFFF1
:109C9000FF1FFFFFFF807FFFFFFFFFFFFFFFF1DFE1
:109CA000FFFFF807FFFFFFFFFFFFFFFF11555555AF
:109CB000207FFFFFFFFFFFFFFFF10000000007FF15
:109CC000FFFFFFFFFFFFFF10000000007FFFFFFF0F
:109CD000FFFFFFFFF10000000007FFFFFFFFFFFF96
:109CE000FFFF10000000006FFFFFFFFFFFFFFFF00E
:109CF0000000000001DFFFFFFFFFFFFFF900000091
:109D00000000000012000000000000000000000041
:109D1000005FF800000000000000000000000BFFE2
:109D2000F00000000000000000000000CFFF000075
:109D3000000000000000000029EFFFFFA30000006A
:109D400000000000007FFFFFFFFFFA00000000009E
:109D500000009FFFFFFFFFFFFC1000000000007FDE
:109D6000FFFFFFFFFFFFFB00000000002FFFFFFFD2
:109D7000FFFFFFFFF50000000009FFFFFFFFFFFFEF
:109D8000FFFFC000000000EFFFFFFFFFFFFFFFFF2E
:109D9000200000002FFFFFFFFFFFFFFFFFF5000087
:109DA0000003FFFFFFFFFFFFFFFFFF700000004FFA
:109DB000FFFFFFFFFFFFFFFFF800000005FFFFFFB1
:109DC000FFFFFFFFFFFF900000007FFFFFFFFFFF8F
:109DD000FFFFFFFA0000000AFFFFFFFFFFFFFFFF8A
:109DE000FFE0000000DFFFFFFFFFFFFFFFFFFF10AE
:109DF00000002FFFFFFFFFFFFFFFFFFFF60000093E
:109E0000FFFFFFFFFFFFFFFFFFFFD00003FFFFFF8C
:109E1000FFFFFFFFFFFFFFFF7002EFFFFFFFFFFFEE
:109E2000FFFFFFFFFFFF50CFFFFFFFFFFFFFFFFF21
:109E3000FFFFFFFF1EFFFFFFFFFFFFFFFFFFFFFF13
:109E4000FFF36FFFFFFFFFFFFFFFFFFFFFFFFB00C1
:109E5000122222222222222222222221000000007B
:109E60000000000000000000000000000000009F53
:109E7000FFFFFD00000000000000000004FFFFFFE6
:109E8000800000000000000000000AFFFFD1000079
:109E9000000000000000000005AB700000000000A2
:109EA0000005ABBBBBBBBBBBBBBBBBBBBBBBBBBB83
:109EB000B9306FFFFFFFFFFFFFFFFFFFFFFFFFFF57
:109EC000FFFFF3EFFFFFFFFFFFFFFFFFFFFFFFFFBE
:109ED000FFFFFFFAFFFFFFFFFFFFFFFFFFFFFFFF97
:109EE000FFFFFFFFFBFFFD101DF5001FF2004FE11C
:109EF00001EF4002FFFCFFFC000BF2000EF0001F20
:109F0000C000CF1000FFFCFFFC000BF2000EF000C1
:109F10001FC000CF1000FFFCFFFD000DF4001FF27A
:109F2000003FE000EF3002FFFCFFFFFFFFFFFFFFFD
:109F3000FFFFFFFFFFFFFFFFFFFCFFFFFFFEEEFF46
:109F4000FEEFFFEEEFFFEEEFFFFFFCFFFFFFA000D5
:109F5000DF2001FF0006F6000DFFFFFCFFFFFF9072
:109F600000CF1000FF0005F5000DFFFFFCFFFFFF15
:109F70009000CF1000FF0005F5000DFFFFFCFFFF74
:109F8000FFB223EF5224FF3229F9223EFFFFFCFFEC
:109F9000FFFFFFFFFFFFFFFFFFFFFFFFFFFFFFFCD4
:109FA000FFFFBBBFFDBBBBBBBBBBBBBCFFDBBDFF88
:109FB000FCFFFC000BF200000000000000DF1000BE
:109FC000FFFCFFFC000BF200000000000000CF10BF
:109FD00000FFFCFFFC000BF200000000000000DFAF
:109FE0001000FFFCFFFFCCCFFDCCCCCCCCCCCCCC3C
:109FF000FFDCCDFFFCEFFFFFFFFFFFFFFFFFFFFFD9
:10A00000FFFFFFFFFFFA9FFFFFFFFFFFFFFFFFFFC5
:10A01000FFFFFFFFFFFFF509FFFFFFFFFFFFFFFF50
:10A02000FFFFFFFFFFFFFE700000000000000000C8
:10A0300000000000000220000000000000000000FE
:10A040000000000004BFFC10000000000000000041
:10A0500000000005DFFFFFA000000000000000007E
:10A06000000007EFFFFFFFF000000000000000000D
:10A070000018FFFFFFFFFFC000000000000000000D
:10A0800029FFFFFFFFFFFF60000000000000003B12
:10A09000FFFFFFFFFFFFFE000000000000005CFF6D
:10A0A000FFFFFFFFFFFFF70000000000006DFFFF54
:10A0B000FFFFFFFFFFFFF000000000017EFFFFFF3A
:10A0C000FFFFFFFFFFFF80000000029FFFFFFFFF79
:10A0D000FFFFFFFFFFFF10000003AFFFFFFFFFFFC9
:10A0E000FFFFFFFFFFFA000001BFFFFFFFFFFFFFC1
:10A0F000FFFFFFFFFFF200000AFFFFFFFFFFFFFF70
:10A10000FFFFFFFFFFB000000FFFFFFFFFFFFFFF9C
:10A11000FFFFFFFFFF4000000EFFFFFFFFFFFFFFFD
:10A12000FFFFFFFFFC00000007FFFFFFFFFFFFFF37
:10A13000FFFFFFFFF50000000059AAAAAAAAAAFF84
:10A14000FFFFFFFFD000000000000000000000EF54
:10A15000FFFFFFFF6000000000000000000000EFB4
:10A16000FFFFFFFE0000000000000000000000EF05
:10A17000FFFFFFF70000000000000000000000EFFC
:10A18000FFFFFFF10000000000000000000000EFF2
:10A19000FFFFFF900000000000000000000000EF43
:10A1A000FFFFFF200000000000000000000000EFA3
:10A1B000FFFFFA000000000000000000000000EFB8
:10A1C000FFFFF3000000000000000000000000EFAF
:10A1D000FFFFB0000000000000000000000000DFF2
:10A1E000FFFF40000000000000000000000000CF62
:10A1F000FFFD000000000000000000000000005F04
:10A20000FFF4000000000000000000000000000457
:10A21000AA30000000000000267777777777700675
:10A220000000000EFFFFFFFFFFFF20FC100000FFFB
:10A23000FFFFFFFFFFF20FFC10000FFFFFFFFFFF0C
:10A24000FF20FFFC1000FFFFFFFFFFFFF20FFFFCEE
:10A25000100FFFFFFFFFFFFF20FFFFFC10FFFFFFBE
:10A26000FFFFFFF20FFFFFFC0FFFFFFFFFFFFF20CD
:10A27000FFFFFFF7FFFFFFFFFFFFF2000000000FEF
:10A28000FFFFFFFFFFFF8000000000FFFFFFFFFF59
:10A29000FFFFFFFFFFFF7FFFFFFFFFFFFFFFFFFF4E
:10A2A000FFF8FFFFFFFFFFFFFFFFFFFFFF8FFFFF35
:10A2B000FFFFFFFFFFFFFFFFF8FFFFFFFFFFFFFFB5
:10A2C000FFFFFFFF8FFFFFFFFFFFFFFFFFFFFFF815
:10A2D000FFFFFFFFFFFFFFFFFFFFFF8FFFFFFFFFFE
:10A2E000FFFFFFFFFFFFF8FFFFFFFFFFFFFFFFFF85
:10A2F000FFFF8FFFFFFFFFFFFFFFFFFFFFF8FFFFE5
:10A30000FFFFFFFFFFFFFFFFFF8FFFFFFFFFFFFFCD
:10A31000FFFFFFFFF8FFFFFFFFFFFFFFFFFFFFFF54
:10A320008FFFFFFFFFFFFFFFFFFFFFF8FFFFFFFFB4
:10A33000FFFFFFFFFFFFFF8FFFFFFFFFFFFFFFFF9D
:10A34000FFFFF8FFFFFFFFFFFFFFFFFFFFFF8FFF94
:10A35000FFFFFFFFFFFFFFFFFFF8FFFFFFFFFFFF14
:10A36000FFFFFFFFFF8FFFFFFFFFFFFFFFFFFFFF6D
:10A37000F74AAAAAAAAAAAAAAAAAAAA900000000F9
:10A3800000000000000000000000000000000000CD
:10A3900000000000000000034565431000000000BD
:10A3A000000000000000000016ADFFFFFFFFFEC828
:10A3B000300000000000000000006CFFFFFFFFFF06
:10A3C000FFFFFFFE92000000000000007EFFFFFF85
:10A3D000FFFFFFFFFFFFFFFFB300000000005EFF75
:10A3E000FFFFFFFFFFFFFFFFFFFFFFFFA1000000D8
:10A3F0001BFFFFFFFFFEB86555679CFFFFFFFFFED9
:10A40000500003EFFFFFFFD720000000000005AF62
:10A41000FFFFFFF9005FFFFFFFB400000000000036
:10A420000000017FFFFFFFB1FFFFFFD4000000002D
:10A43000000000000000019FFFFFF76FFFF9000020
:10A440000000000000000000000004EFFFC106FF54
:10A4500060000000038BDFFFEC96100000001CFC86
:10A4600010004300000018EFFFFFFFFFFFFB40005C
:10A47000000061000000000007FFFFFFFFFFFFFF7B
:10A48000FFFC200000000000000002CFFFFFFFFFE4
:10A49000FFFFFFFFFFF7000000000000002EFFFF9E
:10A4A000FFFFECBCDFFFFFFFFF900000000000009B
:10A4B0004FFFFFFC6100000048FFFFFFC0000000ED
:10A4C00000000008FFFD40000000000018FFFE1023
:10A4D000000000000000007F90000000000000006D
:10A4E0003ED100000000000000000100000000005C
:10A4F000000000000000000000000000000000005C
:10A50000000698300000000000000000000000007D
:10A5100000000001DFFFF600000000000000000066
:10A520000000000000000AFFFFFF20000000000004
:10A530000000000000000000000EFFFFFF600000B0
:10A540000000000000000000000000000FFFFFFFFF
:10A550007000000000000000000000000000000B80
:10A56000FFFFFF30000000000000000000000000BE
:10A57000000003FFFFFA00000000000000000000E0
:10A580000000000000002ADC700000000000000055
:10A590000005ABBBBBBBBBBBBBBBBBBBBBBBBBBB8C
:10A5A000BBB930006FFFFFFFFFFFFFFFFFFFFFFFA3
:10A5B000FFFFFFFFFFF300EFFFFFFFFFFFFFFFFFC6
:10A5C000FFFFFFFFFFFFFFFFFA00FFFFFFFFFFFF9F
:10A5D000FFFFFFFFFFFFFFFFFFFFFFFC00FFFC008F
:10A5E00000000000000000000000000000FFFFE489
:10A5F000FFFC000000000000000000000000000060
:10A60000FFFFFAFFFC06FFFFFFFFFFFFFFFFFFFF5B
:10A61000FFFF00FFFFFAFFFC06FFFFFFFFFFFFFF4A
:10A62000FFFFFFFFFF00CDFFFAFFFC06FFFFFFFF6C
:10A63000FFFFFFFFFFFFFFFF0001FFFAFFFC06FF28
:10A64000FFFFFFFFFFFFFFFFFFFFFF0001FFFAFF1C
:10A65000FC06FFFFFFFFFFFFFFFFFFFFFFFF000103
:10A66000FFFAFFFC06FFFFFFFFFFFFFFFFFFFFFFFB
:10A67000FF0067FFFAFFFC06FFFFFFFFFFFFFFFF82
:10A68000FFFFFFFF00FFFFFAFFFC03888888888830
:10A690008888888888888800FFFFFAFFFC0000000F
:10A6A0000000000000000000000000FFFFF7FFFEB8
:10A6B000BBBBBBBBBBBBBBBBBBBBBBBBBBBBFFFD64
:10A6C00030FFFFFFFFFFFFFFFFFFFFFFFFFFFFFF69
:10A6D000FFFFFB00AFFFFFFFFFFFFFFFFFFFFFFFDD
:10A6E000FFFFFFFFFFF7001AFFFFFFFFFFFFFFFF66
:10A6F000FFFFFFFFFFFFFFFF8000000000000000E2
:10A700000000000000000000000000000005ABBBDE
:10A71000BBBBBBBBBBBBBBBBBBBBBBBBBBB93000D1
:10A720006FFFFFFFFFFFFFFFFFFFFFFFFFFFFFFFC9
:10A73000FFF300EFFFFFFFFFFFFFFFFFFFFFFFFF44
:10A74000FFFFFFFFFA00FFFFFFFFFFFFFFFFFFFF1D
:10A75000FFFFFFFFFFFFFFFC00FFFC000000000009
:10A76000000000000000000000FFFFE4FFFC00000C
:10A77000000000000000000000000000FFFFFAFFE2
:10A78000FC02FFFFFFFFFFFFFFFFFF90000000FF45
:10A79000FFFAFFFC02FFFFFFFFFFFFFFFFFF90003C
:10A7A0000000CDFFFAFFFC02FFFFFFFFFFFFFFFFEE
:10A7B000FF9000000001FFFAFFFC02FFFFFFFFFF18
:10A7C000FFFFFFFF9000000001FFFAFFFC02FFFF08
:10A7D000FFFFFFFFFFFFFF9000000001FFFAFFFCFB
:10A7E00002FFFFFFFFFFFFFFFFFF9000000067FF7A
:10A7F000FAFFFC02FFFFFFFFFFFFFFFFFF900000DB
:10A8000000FFFFFAFFFC018888888888888888888C
:10A8100040000000FFFFFAFFFC0000000000000005
:10A8200000000000000000FFFFF7FFFEBBBBBBBB4A
:10A83000BBBBBBBBBBBBBBBBBBBBFFFD30FFFFFFA1
:10A84000FFFFFFFFFFFFFFFFFFFFFFFFFFFFFB001B
:10A85000AFFFFFFFFFFFFFFFFFFFFFFFFFFFFFFF58
:10A86000FFF7001AFFFFFFFFFFFFFFFFFFFFFFFFE4
:10A87000FFFFFFFF8000000000000000000000005C
:10A8800000000000000000000005ABBBBBBBBBBB71
:10A89000BBBBBBBBBBBBBBBBBBB930006FFFFFFFD0
:10A8A000FFFFFFFFFFFFFFFFFFFFFFFFFFF300EFD3
:10A8B000FFFFFFFFFFFFFFFFFFFFFFFFFFFFFFFFA8
:10A8C000FA00FFFFFFFFFFFFFFFFFFFFFFFFFFFF9C
:10A8D000FFFFFFFC00FFFC00000000000000000084
:10A8E0000000000000FFFFE4FFFC0000000000008B
:10A8F0000000000000000000FFFFFAFFFC03FFFF64
:10A90000FFFFFFFFE0000000000000FFFFFAFFFC78
:10A9100003FFFFFFFFFFFFE0000000000000CDFF8E
:10A92000FAFFFC03FFFFFFFFFFFFE0000000000055
:10A930000001FFFAFFFC03FFFFFFFFFFFFE0000045
:10A940000000000001FFFAFFFC03FFFFFFFFFFFF15
:10A95000E000000000000001FFFAFFFC03FFFFFF22
:10A96000FFFFFFE000000000000067FFFAFFFC03AC
:10A97000FFFFFFFFFFFFE0000000000000FFFFFA05
:10A98000FFFC01888888888888700000000000002B
:10A99000FFFFFAFFFC0000000000000000000000C4
:10A9A000000000FFFFF7FFFEBBBBBBBBBBBBBBBBDD
:10A9B000BBBBBBBBBBBBFFFD30FFFFFFFFFFFFFF10
:10A9C000FFFFFFFFFFFFFFFFFFFFFB00AFFFFFFFEA
:10A9D000FFFFFFFFFFFFFFFFFFFFFFFFFFF7001A73
:10A9E000FFFFFFFFFFFFFFFFFFFFFFFFFFFFFFFF77
:10A9F00080000000000000000000000000000000D7
:10AA0000000000000005ABBBBBBBBBBBBBBBBBBB03
:10AA1000BBBBBBBBBBB930006FFFFFFFFFFFFFFF3E
:10AA2000FFFFFFFFFFFFFFFFFFF300EFFFFFFFFF51
:10AA3000FFFFFFFFFFFFFFFFFFFFFFFFFA00FFFF2A
:10AA4000FFFFFFFFFFFFFFFFFFFFFFFFFFFFFFFC19
:10AA500000FFFC00000000000000000000000000FB
:10AA600000FFFFE4FFFC0000000000000000000009
:10AA700000000000FFFFFAFFFC06FFFFFFF10000EF
:10AA800000000000000000FFFFFAFFFC06FFFFFFD0
:10AA9000F1000000000000000000CDFFFAFFFC06FE
:10AAA000FFFFFFF100000000000000000001FFFABE
:10AAB000FFFC06FFFFFFF1000000000000000000A7
:10AAC00001FFFAFFFC06FFFFFFF10000000000009D
:10AAD00000000001FFFAFFFC06FFFFFFF10000008D
:10AAE00000000000000067FFFAFFFC06FFFFFFF117
:10AAF000000000000000000000FFFFFAFFFC0388D8
:10AB0000888880000000000000000000FFFFFAFFBE
:10AB1000FC0000000000000000000000000000FF3A
:10AB2000FFF7FFFEBBBBBBBBBBBBBBBBBBBBBBBB6E
:10AB3000BBBBFFFD30FFFFFFFFFFFFFFFFFFFFFF7E
:10AB4000FFFFFFFFFFFFFB00AFFFFFFFFFFFFFFF68
:10AB5000FFFFFFFFFFFFFFFFFFF7001AFFFFFFFFF1
:10AB6000FFFFFFFFFFFFFFFFFFFFFFFF8000000071
:10AB700000000000000000000000000000000000D5
:10AB80000005ABBBBBBBBBBBBBBBBBBBBBBBBBBB96
:10AB9000BBB930006FFFFFFFFFFFFFFFFFFFFFFFAD
:10ABA000FFFFFFFFFFF300EFFFFFFFFFFFFFFFFFD0
:10ABB000FFFFFFFFFFFFFFFFFA00FFFFFFFFFFFFA9
:10ABC000FFFFFFFFFFFFFFFFFFFFFFFC00FFFC0099
:10ABD00000000000000000000000000000FFFFE493
:10ABE000FFFC00000000000000000000000000006A
:10ABF000FFFFFAFFFC000000000000000000000062
:10AC0000000000FFFFFAFFFC000000000000000051
:10AC1000000000000000CDFFFAFFFC000000000073
:10AC200000000000000000000001FFFAFFFC00002F
:10AC300000000000000000000000000001FFFAFF1B
:10AC4000FC00000000000000000000000000000107
:10AC5000FFFAFFFC00000000000000000000000000
:10AC6000000067FFFAFFFC00000000000000000089
:10AC70000000000000FFFFFAFFFC000000000000E1
:10AC80000000000000000000FFFFFAFFFC000000D1
:10AC90000000000000000000000000FFFFF7FFFEC2
:10ACA000BBBBBBBBBBBBBBBBBBBBBBBBBBBBFFFD6E
:10ACB00030FFFFFFFFFFFFFFFFFFFFFFFFFFFFFF73
:10ACC000FFFFFB00AFFFFFFFFFFFFFFFFFFFFFFFE7
:10ACD000FFFFFFFFFFF7001AFFFFFFFFFFFFFFFF70
:10ACE000FFFFFFFFFFFFFFFF8000000000000000EC
:10ACF0000000000000000000000000000000000054
:10AD0000000000000000007CC50000000000000002
:10AD100000000000000000000009FFFF60000000CC
:10AD20000000000000000000000003ACCFFFFFE0C7
:10AD3000000000000000000000000000005FFFFFB6
:10AD4000FFFFF00000000000000000000000000114
:10AD5000FFA55EFFFFC00000000000000000000033
:10AD6000000009FC0003FFFE2000000000000000BE
:10AD700000000000001FF30000155000000000005C
:10AD800000000002300000008FB000000000000052
:10AD9000000000000004DFFF700000EF4000000032
:10ADA00000000000066000003FFFFFF80007FD0004
:10ADB000000000000000000BFC3000BFFFFFFF326E
:10ADC0005FF722222222222222222BFFF910FFFFEC
:10ADD000FFFFFFFFFFFFFFFFFFFFFFFFFFFFFFFF83
:10ADE000E4FFFFFFFFFFFFFFFFFFFFFFFFFFFFFF8E
:10ADF000FFFFFFD3AFFFFFFE0000001CFA000000C2
:10AE00000000000BFFF7002EFFFFF500000002FF1F
:10AE10002000000000000BFA100002BFFC40000000
:10AE200000009F90000000000005400000000000AE
:10AE300000000000002FF1000000000000000000F2
:10AE400000000000000000000BFA000FFFFFF300FD
:10AE5000000000000000000000000003FF600FFF82
:10AE6000FFF4000000000000000000000000007F70
:10AE7000FFEFFFFFF40000000000000000000000F2
:10AE8000000007FFFFFFFFF40000000000000000CB
:10AE9000000000000000012FFFFFF4000000000090
:10AEA000000000000000000000000FFFFFF30000A2
:10AEB000000000000000000000000000000233332A
:10AEC0003000000000000000000001110000000040
:10AED00000000000039DFFFFFD9300000000000242
:10AEE000BFFFFFFFFFFFB1000000004FFFFFF9EFC2
:10AEF000FFFFFE30000004FFFFFFF72EFFFFFFE122
:10AF000000000EFFFFFFF702EFFFFFFA00007FFFD8
:10AF1000FFFFF7003FFFFFFF2000DFFFFFFFF7000D
:10AF200003FFFFFF8002FFFFFFFFF701204FFFFF3E
:10AF3000D006FFFFA7FFF702E205FFFFF00AFFFCC4
:10AF4000006FF701FE205FFFF30CFFFF7006F701B3
:10AF5000FC008FFFF60EFFFFF7006701C007FFFF41
:10AF6000F70FFFFFFF600000005FFFFFF80FFFFF1C
:10AF7000FFF6000004FFFFFFF91FFFFFFFFF600067
:10AF80003FFFFFFFFA1FFFFFFFFF90003FFFFFFFA4
:10AF9000FA0FFFFFFFF9000004FFFFFFF90FFFFFAB
:10AFA000FF900000005FFFFFF90EFFFFF800470170
:10AFB000A006FFFFF70CFFFF8004F701FA007FFFF8
:10AFC000F60AFFFC004FF801FE202EFFF407FFFFFA
:10AFD00095FFF802E302EFFFF102FFFFFFFFF80128
:10AFE000302EFFFFD000DFFFFFFFF80002EFFFFF72
:10AFF00080006FFFFFFFF8002EFFFFFF20000DFF16
:10B00000FFFFF903EFFFFFFA000002FFFFFFF93E29
:10B01000FFFFFFE10000002DFFFFFCEFFFFFFF300F
:10B02000000000008FFFFFFFFFFFA20000000000F4
:10B030000058BCDDCA610000000000000006777700
:10B040007761000000000000000009FFFFFFFFD053
:10B050000000000069999999FFFFFFFFFFA99999E6
:10B06000980FFFFFFFFFFFFFFFFFFFFFFFFFF3FF53
:10B07000FFFFFFFFFFFFFFFFFFFFFFFF4EFFFFFF91
:10B08000FFFFFFFFFFFFFFFFFFF20222222222222B
:10B0900022222222222221000000000000000000C3
:10B0A000000000000001CCCCCCCCCCCCCCCCCCCCA7
:10B0B000CC40002FFFFFFFFFFFFFFFFFFFFFF60069
:10B0C00002FFFFFFFFFFFFFFFFFFFFFF60002FFFFB
:10B0D000FFFFFFFFFFFFFFFFFFF60002FFFFB0BF14
:10B0E000FF62FFFE18FFFF60002FFFF909FFF30F5B
:10B0F000FFD05FFFF60002FFFF909FFF30FFFD05CE
:10B10000FFFF60002FFFF909FFF30FFFD05FFFF68D
:10B110000002FFFF909FFF30FFFD05FFFF60002F43
:10B12000FFF909FFF30FFFD05FFFF60002FFFF906A
:10B130009FFF30FFFD05FFFF60002FFFF909FFF3C0
:10B140000FFFD05FFFF60002FFFF909FFF30FFFD73
:10B1500005FFFF60002FFFF909FFF30FFFD05FFF2E
:10B16000F60002FFFF909FFF30FFFD05FFFF60002C
:10B170002FFFF909FFF30FFFD05FFFF60002FFFF7B
:10B18000909FFF30FFFD05FFFF60002FFFF909FFD3
:10B19000F30FFFD05FFFF60002FFFFB0BFFF62FFBB
:10B1A000FE18FFFF60001FFFFFFFFFFFFFFFFFFF15
:10B1B000FFF50000FFFFFFFFFFFFFFFFFFFFFF4066
:10B1C0000009FFFFFFFFFFFFFFFFFFFFD0000007A9
:10B1D000BCCCCCCCCCCCCCCCCB81000000000000D3
:10B1E000000000000000000031000000000000002E
:10B1F00000000000000004EFF80000000000000064
:10B20000000000000004FFFFF90000000000000043
:10B210000000000004FFFFFFF90000000000000034
:10B2200000000004FFFFFFFFF90000000000000025
:10B230000000002EFFFFFFFFF700000000000000ED
:10B240000004502EFFFFFFFFE000000000000000A0
:10B2500004FF502EFFFFFFFE00000000000000046E
:10B26000FFFF502EFFFFFF8000000000000004FFE2
:10B27000FFFF502EFFFFB000000000000004FFFFA2
:10B28000FFFF502EFFB000000000000004FFFFFF92
:10B29000FFFF502EB000000000000004FFFFFFFF82
:10B2A000FFFF502000000000000004FFFFFFFFFF31
:10B2B000FFFF4000000000000004FFFFFFFFFFFF52
:10B2C000FFB000000000000004FFFFFFFFFFFFFFD2
:10B2D000B000000000000004FFFFFFFFFFFFFFB011
:10B2E00000000000000004FFFFFFFFFFFFFFB000B1
:10B2F000000000000004FFFFFFFFFFFFFFB00000A1
:10B300000000000004FFFFFFFFFFFFFFB000000090
:10B3100000000004FFFFFFFFFFFFFFB00000000080
:10B32000000004FFFFFFFFFFFFFFB0000000000070
:10B330000002FFFFFFFFFFFFFFB000000000000062
:10B34000005FFFFFFFFFFFFFB000000000000000F4
:10B3500007FFFFFFFFFFFFB000000000000000003C
:10B360009FFFFFFFFFFFB000000000000000000B88
:10B37000FFFFFFFFFFB0000000000000000000CF53
:10B38000FFFFFFFFB00000000000000000000EFF04
:10B39000FFFFFFB000000000000000000000FFFF02
:10B3A000FFFFB00000000000000000000005BA86AA
:10B3B000431000000000000000000000000000003A
:10B3C000000027788888888888888888888761002E
:10B3D0000000000007FFFFFFFFFFFFFFFFFFFFFF71
:10B3E000FFFF40000000008FFFFFFFFFFFFFFFFF98
:10B3F000FFFFFFFFFFF100000008FFFFFFFFFFFF5F
:10B40000FFFFFFFFFFFFFFFFF60000008FFFFFFFC2
:10B41000FFFFFFFFFFFFFFFFFFFFFFF7000008FF39
:10B42000FFFFFFFFF84EFFFFFE48FFFFFFFFF800A2
:10B43000008FFFFFFFFFFF8003EFFFE3008FFFFFA1
:10B44000FFF80008FFFFFFFFFFFF00003EFE300097
:10B450000FFFFFFFF8008FFFFFFFFFFFFF900003CC
:10B46000D300009FFFFFFFF808FFFFFFFFFFFFFF74
:10B47000F90000000009FFFFFFFFF87FFFFFFFFF5B
:10B48000FFFFFFFF900000009FFFFFFFFFF8FFFF9F
:10B49000FFFFFFFFFFFFFFF8000008FFFFFFFFFFB8
:10B4A000F8CFFFFFFFFFFFFFFFFFE2000003EFFF0A
:10B4B000FFFFFFF82EFFFFFFFFFFFFFFFE20000052
:10B4C000003EFFFFFFFFF802EFFFFFFFFFFFFFE27D
:10B4D0000000500003EFFFFFFFF8002EFFFFFFFF0B
:10B4E000FFFF300009F900003FFFFFFFF80002EF07
:10B4F000FFFFFFFFFF20009FFF90002FFFFFFFF8DF
:10B5000000002EFFFFFFFFFFD109FFFFF901EFFF52
:10B51000FFFFF8000002EFFFFFFFFFFECFFFFFFF7E
:10B52000CEFFFFFFFFF80000002EFFFFFFFFFFFF31
:10B53000FFFFFFFFFFFFFFFFF700000002EFFFFF2D
:10B54000FFFFFFFFFFFFFFFFFFFFFFF40000000012
:10B550002EFFFFFFFFFFFFFFFFFFFFFFFFFFB0001A
:10B5600000000001AFFFFFFFFFFFFFFFFFFFFFFF36
:10B57000E9000000000000000000000000000000E2
:10B5800003EFFFFFFFFFFFFA10000003EFFFFFFFD5
:10B59000FFFFFFFD000003FFFFFFFFFFFFFFFFF7BF
:10B5A0000003FFDBBFFBBBFFBBBFFFA003FFF90036
:10B5B000CF100FF001FFFA03FFFF900CF100FF0026
:10B5C0001FFFA4FFFFF900CF100FF001FFFAFFFFEC
:10B5D000FF900CF100FF001FFFAFFFFFF900CF103D
:10B5E0000FF001FFFAFFFFFFFFFFFFFFFFFFFFFF6D
:10B5F000AFFFFFFFFFFFFFFFFFFFFFFAFFFFFFFFB0
:10B60000FFFFFFFFFFFFFFAFFFFFFFFFFFFFFFFF9A
:10B61000FFFFFAFFFFFFFFFFFFFFFFFFFFFFAFFF8F
:10B62000FFFFFFFFFFFFFFFFFFFAFFFFFFFFFFFF2F
:10B63000FFFFFFFFFFAFFFFFFFFFFFFFFFFFFFFF6A
:10B64000FAFFFFFFFFFFFFFFFFFFFFFFAFFFFFFF5F
:10B65000FFFFFFFFFFFFFFFAFFFFFFFFFFFFFFFFFF
:10B66000FFFFFFAFFFFFFFFFFFFFFFFFFFFFFAFF3F
:10B67000FFFFFFFFFFFFFFFFFFFFAFFFFFFFFFFF2A
:10B68000FFFFFFFFFFFAFFFFFFFFFFFFFFFFFFFFCF
:10B69000FFAFFFFFFFFFFFFFFFFFFFFFFAFFFFFF0F
:10B6A000FFFFFFFFFFFFFFFFAEFFFFFFFFFFFFFFFB
:10B6B000FFFFFFF9AFFFFFFFFFFFFFFFFFFFFF41AE
:10B6C000DFFFFFFFFFFFFFFFFFFF90006AAAAAAAAC
:10B6D000AAAAAAAAA94000000000000000000000D9
:10B6E0000000000000180000000000000000000042
:10B6F000000000001DF1000000000000000000003C
:10B700000000001DFF10000000000000000000000D
:10B7100000001DFFF10000001BB100000000000050
:10B720000009FFFF1000002DFF6000000000000076
:10B73000009FFFF100002EFFF70000000000000056
:10B7400009FFFF10003EFFFF700000000000000036
:10B750009FFFF1004FFFFFF700000000000000090D
:10B76000FFFF105FFFFFFFDBBBBBBBBBBBBBBBEF88
:10B77000FFF15FFFFFFFFFFFFFFFFFFFFFFFFFFF87
:10B78000FF1DFFFFFFFFFFFFFFFFFFFFFFFFFFFFAB
:10B79000F18FFFFFFFFFFFFFFFFFFFFFFFFFFFFF37
:10B7A000008FFFFFFFFFFFFFFFFFFFFFFFFFFF9087
:10B7B000007FFFFFF7000000000000000000000015
:10B7C000006FFFFF7000000000000000000000009C
:10B7D000005FFFF700000000000000000000000014
:10B7E000004FFF700000000000000000000000009B
:10B7F000003EE20000000000000000000000000029
:10B800000000000000000000000000000000000038
:10B8100000000000000000000000B0070000000071
:10B8200000004009051702003A00400B090A010E0A
:10B830006700401111160000220180100E1D01FC4E
:10B84000ED01B01B1A1801FF250360171617010040
:10B850002204E005040A010E3604F00A092002F968
:10B86000C604F00A092000F95605500E0E0D000C12
:10B87000B1056011101101023906D009060901FA5B
:10B880005406600A090201075D06D009040403009A
:10B890006506900A0B1D00FB0507B0100F1701008D
:10B8A000B207200E0B1702003108C0100F1701005D
:10B8B000DE08B0100E1701007F09A010101701FF5D
:10B8C000370AC0100F160100DC0AC0100F18010063
:10B8D000900B80100E1601002A0CC0100F170100EB
:10B8E000D70CE0100F1801FF8B0DD00904100300D6
:10B8F000AB0DD009061501FBEA0D60110F11010215
:10B900006A0E6011100A0106BA0E60110F110102D1
:10B910003A0FF00C0A180200B20F601B1A1B01FB51
:10B9200011119015161600000312201412160100B2
:10B93000C912C01413170100A41320171516010013
:10B940008B149013121601005115E012111601000C
:10B950000C16401615170100FE1690191816010056
:10B960000618200C0A1601007418100C0C1AFFFCA3
:10B970001019F01515160100F719C0121116010063
:10B98000B21A401D1B160100DB1BE0171616010042
:10B99000CD1C001715170100BF1D40131216010022
:10B9A000851E0017151E01F9C01F70151416010021
:10B9B0009C2000110F1701004921C013141600002C
:10B9C0002522F01716160100172370151616000011
:10B9D0000924901F20160000692500151516000087
:10B9E0005026A0141516000037272012121600004A
:10B9F000FD27500A071D03FB6328900A0B1D00FB5F
:10BA00000329500A071D01FB692960110D0A02066E
:10BA1000AA29E0101303FFFDC729100D0707021222
:10BA2000E029B01010100100602A20131119010044
:10BA3000352B20100E100100A52BE0121219010069
:10BA4000862C70100F100100FE2CA00B0E190000A8
:10BA5000AD2D0011101801F86D2EE0131219010020
:10BA60004E2FF00908170100AA2F50090A20FDF8EF
:10BA70004A303012121901002B31000A0919010055
:10BA80009C31401D1C1001007C32D01312100100AB
:10BA90000C33E011101001008C332013111801F841
:10BAA00058343012111801F82435E00D0D10010042
:10BAB0008C35300E0C100100EC35000B0B1500001E
:10BAC0006036901313110000023770101210FF003F
:10BAD000923720191A10FF006238F0101110000080
:10BAE000EA3890101218FFF8C239F00E0E1001005B
:10BAF000323A400B0A1D01FBC33A8009032103F8C7
:10BB0000F53A400B0A1D00FB863B60110F06010849
:10BB1000B33B001E1F1FFFFC943D001E1E170000BC
:10BB2000ED3E001E1E1B00FE8240001E1E17000080
:10BB3000DB41A01415160000C242001E1E1F00FCAF
:10BB40009344001E1E1F00FC6446C021221B00FE01
:10BB50002F48001E1E1F00FC004AC02122170000B3
:10BB6000874B001E1E1F00FC584D000F0F1800FFD2
:10BB70000C4E8016171800FF204FC021221D00FD1B
:10BB80000D51001E1E1700006652A014151F00FC68
:10BB9000AC53401A141C03FDC454401A1B2000FB74
:10BBA0007456401A1B1B00FEE157401A1B1B00FE77
:10BBB0004E59401A141C03FD665A401A1C1BFFFE06
:10BBC000E05BC012111B01FEC65CC012111B01FE1E
:10BBD000AC5D401A1B1B00FE195F401A1B070008D2
:10BBE000785FC02122170000FF608025261F00FC1F
:10BBF0004C63C021241FFFFC7A65001E1E1C00FD43
:10BC00001E67401A1A110003FB67401A1A1100033D
:10BC1000D8688025261800FFA06A001E1E170000A5
:10BC2000F96B001E1E1F00FCCA6D001E1F1FFFFCCB
:10BC3000AB6F401A1B1B00FE1871401A1B1F00FC43
:10BC4000BB72401A1B1B00FE2874401A1B1800FF11
:10BC50006C75001E1E170000C576C012141FFFFC75
:10BC6000FB77401A1B1F00FC9E79401A1B1F00FC2B
:10BC7000417BC02122170000C87C001E201FFFFC52
:10BC8000B87E8016171F00FC1D808025261C00FE34
:10BC90003182802526140001AD8380252614000101
:10BCA0002985802526140001A586802526140001FB
:10BCB00021888025261400019D898025261800FFF3
:10BCC000658B401A181F01FCD98C401A1B1F00FC01
:10BCD0007C8E001E1F1FFFFC5D9080252617000034
:10BCE00012928016171F00FC7793301E1F1400015C
:10BCF000000007000A000B000C00100012001400E6
:10BD000018001B0020002500260027003D004200EF
:10BD100047004A004B004C005000510052005300B5
:10BD2000660067006D006F0070007300760077009A
:10BD300078007A0092009400C300C400C600C800D6
:10BD4000DF00E600E900F2001B0123015A01EA01CD
:10BD50003F02400241024202430286029202EC028A
:10BD600003035905C107A108200000005F0001007E
:10BD700000000000000000000000020001F00000D0
:10BD8000A2086000F0BC0308000000003C000300B3
:10BD90000000000102000003010405060007080777
:10BDA00009000000000000000000000A0A00000076
:10BDB0000B0C0D0E0F101112131414151617141866
:10BDC000191A191B1C1D1E1F2021222304240500E3
:10BDD0002500262728292A2B2C2D2E2F30292D2DE2
:10BDE00027273132333435363637363804000500EC
:10BDF0000000000000000000000000000000000043
:10BE00000000000000000000000000000000000032
:10BE10000000000000000000000000000000000022
:10BE2000000000000000000000000000000001020F
:10BE300003000004020506070008090A0B000000C1
:10BE4000000000000000000C0D0000000E0F10119B
:10BE500012111111121111131111141412111211C6
:10BE600015161718191A1B1C051D06001E001F2089
:10BE70002121212223202425202026262127212696
:10BE800028292A2B2B2C2D2E05000600000000004F
:10BE900000000000000000000000000000000000A2
:10BEA0000000000000000000000000000000000092
:10BEB0000000000000000000000000000000000082
:10BEC000000000000000000000000000000000C9A9
:10BED00000C9D700000000C000F3FB00FB0FFE000C
:10BEE000000000000000F100EBFEE50000FCF7F1AF
:10BEF0000000000000FB0000000000000000000047
:10BF0000F100000000EC00070000000000F6F60061
:10BF1000FE000000000000FEFD0000000000050023
:10BF2000020002000000000000F600FDF4FD000029
:10BF3000000000000000FC0000E4F2DFE200E2008C
:10BF400000000000FB0000000000000000000000F6
:10BF500000000000F6F6E6060000EB0000EBEB0048
:10BF600000F100F61100FB00FB00000000000000E3
:10BF70000000F2FE000033F800F6FBF5F6FB08FBCC
:10BF80000000000000E600EB00EB0000000000F104
:10BF90000000000000F6F6E7EBF6EB000000000002
:10BFA0000000000000000000000000000000000091
:10BFB0000000000000CC00CC0000000000C500FB29
:10BFC000F600000B000000FD00000000EC00F3FC98
:10BFD000EA0000FDFBF40000000000F900D70000BB
:10BFE000E6E9BC00EB0000000000000000E40000F7
:10BFF00000D7E1BBC300C300BC00F600F100F600AF
:10C000000400F1F8EBEAD100EBF60000000000EBD1
:10C0100000E700E7F100000000F10005F6FB00EB8F
:10C02000FBD7DCEBDCFBEB0000FF05FD02000000B2
:10C0300000000000FDF6FC000000F600000000B962
:10C04000E1B9D900000000DC000000000002000699
:10C05000060000000000EF00F100EF0000F7F7F627
:10C0600000F900FB00F600000000000000000000E6
:10C070000000000000000000000000FEFBF1F1FDE8
:10C08000E60000000000FF000000000000000000CB
:10C09000000000000000000000F000C600C6DC0048
:10C0A0000000000000000000000000000000000090
:10C0B0000000000000000000000000000000000080
:10C0C000000000000000000000F800F80000000080
:10C0D00000FD00020000000000FFFFFFFE0000D78F
:10C0E00000FA00FEFB000000FC000000000002005F
:10C0F00000C50000F6F1C800F000000000000005D7
:10C10000FBEEFAFD00E2DDC1CC00D100E100FE0053
:10C11000F700FF00FC00F200F6F6E500E90000F68B
:10C12000000000F8FBF200F2F700000000F1F3FD60
:10C13000FBF800F6F1E6EDF1E6FDF8F300FB00F8A0
:10C1400000000000FB0000F8F7FBFC00000A000004
:10C1500000010100000000000000020000000000DB
:10C160000000FBFBFB00F60000FD000000000000EB
:10C170000000FB0000FB0000000000FF000000F6D4
:10C1800000EA01EAF200000008E5F305FBF600F71B
:10C19000F6E9E8EBE1FCF8DC00FB0000FB00000046
:10C1A000FBFB000000FB000000000000000000009E
:10C1B0000000000000000000000000000000F9F98D
:10C1C000F900F900000000000000FD000000F70089
:10C1D00000FBF700F600000600FCFB0005CFF6CFE1
:10C1E000E1FEFE00F5DBFBFC0000000500000000A6
:10C1F000000007C2EBFFEAF2E0FC00F6EBE900F614
:10C20000F6F1F6F10000000005FE00FC0BFCF80062
:10C21000000006FBFC05000000FCF9EEEEF7E9FC6F
:10C2200000EC0000000000000000FB000000000027
:10C2300000000000000000000000000000000000FE
:10C24000000000F5000000000000000000000000F9
:10C25000F600F4F7F7000000F0F6FBF4ED00F20052
:10C2600000000000000000E5FBE5F2F5F500F9EC48
:10C2700000FB0000FC0000000000000000DAF400F9
:10C28000F4EDF1FCFCF3ECF2F7F1F1F6F2F600005C
:10C29000000000000000F10000000000000500F2B6
:10C2A000F8000000FBFCFC00FB040000FC00F600B2
:10C2B000FB000000F200F6F6E400E70000BC00001E
:10C2C00000F3CC000000000000000000F7F8F7FDCC
:10C2D000F8DBE9C8D0F8CCF8E400000000FD00006D
:10C2E0000000F700FCF5EC00F10000000000000089
:10C2F00000F1FFF1F0F9F90000EDFCF80000FC009E
:10C30000FB0000FB00FF00E4F900FBF6F60000FB79
:10C31000F5FBFBF6F6F7F6F600F3000000F6FBEB94
:10C3200005EBF60000000AEEF505FCF800FCF7EE60
:10C33000F2F1EB00FDE4000000000000000000004E
:10C34000000000000000000500FD00FC0BCBFECB50
:10C35000E604040000E0FB00FB000305F6FBFBF62F
:10C36000F50505B6FEFFF600F60000FD00FF08002B
:10C370000400080000EB00000000F900F8000000D5
:10C380000000000500F6FB0000F1EFE4E703E7031F
:10C39000F6090000FB0000000000F900FBF9F600C0
:10C3A000F6000000000000FB00F600F6F8000000B8
:10C3B00002F7FD00FCFDFCFBF3F2F3FBF10000EBE8
:10C3C00000FD00F8FD000000FB00FBFBF7FCF700A0
:10C3D000000F0000F6000BD7EBD7E8FEFE00F6DEFC
:10C3E00000FC00000005FB0000FF00030DD6EB0081
:10C3F000DDFBEB0000F1DDE600F2EBEEEBE100002F
:10C4000000F9F6FB00D7F9D7E3F9F90000DAF6F303
:10C41000F9FBF7FBF6F7FDFB00FC00D5EBFDF1F6B1
:10C42000EBF7FCF3EAEBF6F1F4EFF1EE000000ECD1
:10C43000E60000B0DAB0D2EBEB00E7C500E900009F
:10C44000F600FB00000000FB06AED7FEDAE6D5F2F0
:10C45000F6E2DBD4F1E1EBDCE1DF000000F0EB0021
:10C4600000C0DEC0D1EBEB00E7C900EC00FDF60038
:10C47000FB00000000FB06BCDAFED9EBD5F6F6E6C1
:10C48000DCDBF3E4EAE4EADF00000000F600FD0094
:10C49000EA0000FDFD00000000F1000000FBFB00D1
:10C4A000000000030000FF00F0000000F800F0FBB7
:10C4B000F1EBDE00E700000000ECE60000CAD7CA9E
:10C4C000D1E1E100E7D200E60000EB00000000004F
:10C4D000000007C7D8FED0E1CEEBF3DDD1D5E1D522
:10C4E000DCDFDCD4000000000000000000000000E1
:10C4F0000000020000FD000000FBF6FBFB00FB005B
:10C5000000000000000000000000FB0000F9F30044
:10C51000F30000D7000000000008F608000000004B
:10C52000000000F1240000E1E5CFD500D700D900DC
:10C530000000000002002D000000FBFEF6000F00CE
:10C5400000000000000000000000000000000000EB
:10C5500000E41100F6D6CCB2B700C7000000F80026
:10C56000E60000000000F5F7E6E8DA00E10000E090
:10C5700000000000E900FB00000000FF0003FDF9DF
:10C58000F70000E4E6CED100D700EA00000000008A
:10C59000FC0000FEF7000000F700FB0000EB0000CD
:10C5A00000F9F3F305F3F7FFFFFF00EBF500F4FCF0
:10C5B000FDE1ECD9DEF6D900F6E600FD0000000052
:10C5C0000000FC00FDFD00F7FB0000FE0000000085
:10C5D000FFFF00FF0000000000FBF900F60000EB89
:10C5E000F1DDE1F6E100FEF300FB000000000000D9
:10C5F000FB0000000000000000F500FA00FFF6005C
:10C60000FE00000000FE00000000FF0000F5F4EB5B
:10C61000EE00EA00FE00FC000000FC000000F70055
:10C6200000FBFB00FB0000F6000000F8F6F200F251
:10C63000FC0000FF00F7FB00F60000E7F1DEE2F689
:10C64000DB00F6EBFDFB00FD00000000FC0000003D
:10C65000FD00FD0014280000002F1BEEFAEEF7008D
:10C66000001300FD09000C140C1C141C1C181C14D5
:10C6700032F500FBF800FE0C0C00000000FB05008A
:10C680000500000000F600000000FF00070000FEAB
:10C690000000FD0019FE00F3F0EBEB00DD00F800F8
:10C6A000F7FAFC00FC000A00000000000200040091
:10C6B00000E4000000F9DD000000000000FD0000C3
:10C6C000FEFFF60000E2EFD4D800DC00E600000038
:10C6D000000000000000F900FEFEF300F300FEFD84
:10C6E00000FE0000FE000000000000FD0000FE0053
:10C6F000000000F6F6F6F600F6000000000000006C
:10C7000000000000FB000000F900F90000FE00FE40
:10C710000000FEF800F8FAF9F9FF00F9FDFF00004B
:10C720000000F4F7F7FBF60000EF00FF0000FB004D
:10C730000000FF000000000000000000000000FBFF
:10C74000FF00F60000FFFFFE0008FEFEF60000EB13
:10C75000EBDDE402DC04FF000000F7000000000055
:10C76000FBFD00000000000000F400FF0005F50FD5
:10C770000006050010FF00F9F50010F800E6EAD702
:10C78000DDFED700F9FFFCFD0000000013000000F3
:10C79000000000000900000200FB00F408D3F1D300
:10C7A000E7FCFCFEFAE3F400F2F800FEF2E8EBE44A
:10C7B000E70000DEFBFBF900F900000000FC0900C7
:10C7C0000500050000F6000000F9F9F500F500008D
:10C7D000000000FBF600F3FB00EFF4DCE100D30007
:10C7E000F4EC00FB00FE00000000FC000000000074
:10C7F00000000002000000000000FB00000000003C
:10C8000000080000FB000000FAEBF100E90300065D
:10C810000000000000000000000003000400000011
:10C8200000ED000000F5EE00000000FBFB00000042
:10C8300000FAF20000ECEDD8DC00DB00F6000000AE
:10C84000FD00FB00FD00FB000000F600F60000FF0D
:10C8500000F800EFFFD0F9D0EBFFFFFEFCDEF300A5
:10C86000ECF600F9F4E6EAE6E4FD00D8F9F5F700A5
:10C87000F700000000FC03000500050000000000B8
:10C8800000F90000F40000000000000300FCF700C5
:10C8900000F2F1DCE600DF000000FB00F700FC0026
:10C8A0000000F7000000000200000000000000FB94
:10C8B000FE0000000000000000000000000000F882
:10C8C000F3E1E500E30000000000000000000000CC
:10C8D000FC00000000000000C8BE030890BD030873
:10C8E0002CBE0308382E00006023030810B803088C
:10C8F00068BD0308D8C803081000022840020020C1
:10C90000D1530108F55201081E00040000FE020088
:10C91000E8C80308000000000000000053610000A8
:10C9200057650000546800004D6F0000467200001B
:10C9300053750000547500004A756E6500000000D4
:10C940004D61726368000000417072696C00000004
:10C95000446563656D626572000000005365707424
:10C96000656D6265720000004E6F76656D6265727E
:10C97000000000004F63746F626572004175677557
:10C98000737400004D6179004A756C7900000000F5
:10C990004A616E756172790046656272756172797D
:10C9A00000000000323032330A323032320A323084
:10C9B00032310A323032300A323031390A323031D3
:10C9C000380A323031370A323031360A32303135B6
:10C9D0000A323031340A323031330A323031320ADD
:10C9E000323031310A323031300A323030390A32A5
:10C9F0003030380A323030370A323030360A32308E
:10CA000030350A323030340A323030330A32303086
:10CA1000320A323030310A323030300A3139393965
:10CA20000A313939380A313939370A313939360A50
:10CA3000313939350A313939340A313939330A3122
:10CA40003939320A313939310A313939300A313913
:10CA500038390A313938380A313938370A313938F2
:10CA6000360A313938350A313938340A31393833F0
:10CA70000A313938320A313938310A313938300A15
:10CA8000313937390A313937380A313937370A31CC
:10CA90003937360A313937350A313937340A3139BD
:10CAA00037330A313937320A313937310A313937B8
:10CAB000300A313936390A313936380A31393637A0
:10CAC0000A313936360A313936350A313936340ABF
:10CAD000313936330A313936320A313936310A3191
:10CAE0003936300A313935390A313935380A313970
:10CAF00035370A313935360A313935350A31393564
:10CB0000340A313935330A313935320A3139353160
:10CB10000A313935300A313934390A313934380A71
:10CB2000313934370A313934360A313934350A313A
:10CB30003934340A313934330A313934320A31392B
:10CB400034310A313934300A313933390A31393321
:10CB5000380A313933370A313933360A3139333506
:10CB60000A313933340A313933330A313933320A2D
:10CB7000313933310A313933300A313932390A31F6
:10CB80003932380A313932370A313932360A3139D5
:10CB900032350A313932340A313932330A313932D5
:10CBA000320A313932310A313932300A31393139C8
:10CBB0000A313931380A313931370A313931360AD7
:10CBC000313931350A313931340A313931330A31A9
:10CBD0003931320A313931310A313931300A31399A
:10CBE00030390A313930380A313930370A31393081
:10CBF000360A313930350A313930340A3139303377
:10CC00000A313930320A31393031000030310A30DE
:10CC1000320A30330A30340A30350A30360A3037B7
:10CC20000A30380A30390A31300A31310A313200DB
:10CC30000A00000020000000312300002C0000004A
:10CC40002D0000002E0000003A0000004142430089
:10CC50005F0000006100000062000000630000004F
:10CC6000640000006500000066000000670000002E
:10CC7000690000006A0000006B0000006D00000009
:10CC80006E0000006F0000007000000071000000E6
:10CC900072000000730000007400000075000000C6
:10CCA00076000000770000007800000079000000A6
:10CCB0007A000000EF808C00EF819300EF819400F8
:10CCC000EF959A00EF849C00EFA2A2000000000004
:10CCD000410000004200000043000000440000004A
:10CCE000450000004600000047000000480000002A
:10CCF000490000004A0000004B0000004C0000000A
:10CD00004D0000004E0000004F00000050000000E9
:10CD100051000000520000005300000054000000C9
:10CD200055000000560000005700000058000000A9
:10CD3000590000005A0000006162630021000000F9
:10CD40002200000023000000240000002500000055
:10CD50002600000027000000280000002900000035
:10CD60002A0000002B0000002F000000300000000F
:10CD700031000000320000003300000034000000E9
:10CD800035000000360000003700000038000000C9
:10CD9000390000003B0000003C0000003D000000A6
:10CDA0003E0000003F000000400000005B0000006B
:10CDB0005C0000005D0000007B0000007D000000C2
:10CDC0002B2F2D0042746E310000000042746E3231
:10CDD0000000000042746E330000000042746E34A4
:10CDE0000000000042746E35000000000CCE030805
:10CDF0000000002048020000D4010008C0CE030853
:10CE00004802002048DD000030020008C102272D42
:10CE10000263011E30C9030828041A34041A2004CE
:10CE20001A24041A2C041A1C041A90041A98041ABE
:10CE300040041A48041A84041A38041A88041A7C14
:10CE4000041A5C041A74041A68041A50041E0CCCE8
:10CE50000308A4082132FF1809FFFF80620208803E
:10CE600063041A64041A650429109904398019208E
:10CE70001A30201A30201AD40439109904014F02B4
:10CE80002080C5D4C3B2A1021B70100A1902020887
:10CE900045010208BD1C020839041AD10C1AF50814
:10CEA0001A1D081EC4CD0308CC041AD4041E30CCAD
:10CEB0000308DC082AE414190C4102370C000000B6
:040000050800019955
:00000001FF
